,PCF,VCF,PVCF,ACF,TRCF
2012-01-04,,,,,
2012-01-05,,,,,
2012-01-06,,,,,
2012-01-09,,,,,
2012-01-10,-0.39010989010989006,0.12087912087912088,0.03296703296703297,0.33516483516483514,0.06043956043956044
2012-01-11,-0.3494505494505495,-0.1384615384615385,-0.48571428571428577,-0.16043956043956045,-0.04180420571465299
2012-01-12,-0.1912087912087912,-0.07252747252747253,-0.15604395604395604,-0.04175824175824176,0.032967032967032975
2012-01-13,-0.09010989010989012,0.08131868131868132,0.04615384615384615,0.1824175824175824,0.11208791208791209
2012-01-16,-0.41208791208791207,0.37912087912087916,0.2912087912087912,0.48901098901098894,0.027472527472527472
2012-01-17,0.09010989010989012,0.2527472527472528,0.2,0.26593406593406593,-0.03736263736263736
2012-01-18,-0.3010989010989011,0.4769230769230769,0.3406593406593406,0.4681318681318682,0.12967032967032965
2012-01-19,-0.04175824175824176,0.5560439560439561,0.5120879120879122,0.49890109890109896,-0.16923076923076924
2012-01-20,-0.27472527472527475,0.8593406593406594,0.35824175824175825,0.7406593406593407,-0.05054945054945055
2012-01-30,0.05054945054945055,0.6175824175824175,0.5780219780219781,0.7318681318681319,-0.06813186813186813
2012-01-31,-0.32967032967032966,0.23626373626373626,0.15934065934065936,0.6978021978021978,0.07692307692307691
2012-02-01,-0.4461538461538462,0.1252747252747253,-0.12967032967032965,0.45494505494505494,0.2087912087912088
2012-02-02,-0.2879120879120879,0.39780219780219783,0.12087912087912088,0.5252747252747253,0.0945054945054945
2012-02-03,-0.16061615879840357,0.17381748691882032,0.1342135025575701,0.5280531248166693,-0.011001106767013944
2012-02-06,0.04395604395604395,0.0879120879120879,0.25274725274725274,0.2912087912087912,0.2912087912087912
2012-02-07,-0.21678321678321683,-0.37762237762237766,-0.18881118881118883,-0.18881118881118883,-0.2867132867132868
2012-02-08,-0.3916083916083916,-0.1258741258741259,-0.16783216783216784,-0.027972027972027972,0.11188811188811189
2012-02-09,-0.39010989010989006,-0.2747252747252747,-0.3186813186813187,-0.2692307692307692,-0.2087912087912088
2012-02-10,-0.45604395604395603,-0.15934065934065936,-0.15934065934065936,-0.20329670329670327,0.06593406593406594
2012-02-13,-0.38461538461538464,-0.1043956043956044,-0.14285714285714285,-0.04395604395604395,-0.06043956043956044
2012-02-14,-0.24175824175824176,-0.19230769230769232,-0.07692307692307691,-0.13186813186813187,0.0934065934065934
2012-02-15,-0.6538461538461539,-0.3021978021978022,-0.6538461538461539,-0.2692307692307692,-0.12087912087912088
2012-02-16,-0.5604395604395606,-0.2582417582417582,-0.6428571428571429,-0.38461538461538464,0.14835164835164835
2012-02-17,-0.5934065934065934,-0.16483516483516483,-0.45604395604395603,-0.2087912087912088,0.13736263736263735
2012-02-20,-0.2582417582417582,-0.20329670329670327,-0.5274725274725275,-0.32967032967032966,0.3021978021978022
2012-02-21,-0.2087912087912088,-0.33516483516483514,-0.5274725274725275,0.07142857142857142,0.21978021978021978
2012-02-22,-0.34065934065934067,-0.24725274725274726,-0.37912087912087916,-0.15384615384615383,0.06593406593406594
2012-02-23,-0.12637362637362637,0.15384615384615383,0.027472527472527472,0.07692307692307691,0.09890109890109891
2012-02-24,-0.16483516483516483,-0.005494505494505494,-0.12087912087912088,-0.06043956043956044,-0.14285714285714285
2012-02-27,-0.2912087912087912,-0.17032967032967034,-0.3626373626373627,-0.2087912087912088,0.40659340659340654
2012-02-28,-0.3727272727272728,-0.018181818181818184,-0.18181818181818182,-0.14545454545454548,0.21818181818181823
2012-02-29,-0.19230769230769232,0.14835164835164835,0.09890109890109891,0.2857142857142857,0.4175824175824176
2012-03-01,-0.07142857142857142,-0.049450549450549455,-0.07142857142857142,-0.10989010989010989,0.26373626373626374
2012-03-02,0.005494505494505494,-0.09890109890109891,-0.016483516483516484,-0.04395604395604395,0.34615384615384615
2012-03-05,-0.1043956043956044,-0.38461538461538464,-0.19780219780219782,-0.19230769230769232,0.33516483516483514
2012-03-06,-0.35714285714285715,-0.1043956043956044,-0.3516483516483516,-0.010989010989010988,0.5604395604395606
2012-03-07,-0.40659340659340654,-0.04395604395604395,-0.3626373626373627,-0.1043956043956044,0.34615384615384615
2012-03-08,-0.45604395604395603,-0.32417582417582413,-0.510989010989011,-0.23626373626373626,0.2747252747252747
2012-03-09,-0.14285714285714285,-0.07142857142857142,-0.2087912087912088,0.04395604395604395,0.5989010989010989
2012-03-12,-0.23076923076923078,-0.38461538461538464,-0.47802197802197804,-0.24725274725274726,0.32417582417582413
2012-03-13,-0.20329670329670327,-0.0879120879120879,-0.34615384615384615,0.1868131868131868,0.4945054945054945
2012-03-14,-0.17032967032967034,-0.34065934065934067,-0.39010989010989006,-0.10989010989010989,0.5054945054945055
2012-03-15,0.09890109890109891,0.027472527472527472,0.06043956043956044,0.3186813186813187,0.43956043956043955
2012-03-16,0.11188811188811189,-0.4685314685314686,-0.23076923076923078,-0.2377622377622378,0.4545454545454546
2012-03-19,-0.1824175824175824,-0.4153846153846154,-0.44175824175824174,0.05054945054945055,0.389010989010989
2012-03-20,0.221978021978022,-0.1032967032967033,0.09010989010989012,0.18681318681318684,0.6131868131868132
2012-03-21,0.2703296703296703,-0.432967032967033,0.01978021978021978,-0.14725274725274726,0.6791208791208792
2012-03-22,0.3450549450549451,-0.389010989010989,-0.032967032967032975,-0.01098901098901099,0.7890109890109891
2012-03-23,0.2178571428571428,-0.3571428571428571,0.07857142857142857,0.0035714285714285704,0.7071428571428571
2012-03-26,0.3274725274725274,-0.26153846153846155,0.04175824175824176,0.2043956043956044,0.7098901098901099
2012-03-27,0.2043956043956044,-0.4769230769230769,-0.24395604395604395,-0.03736263736263736,0.7010989010989012
2012-03-28,0.178021978021978,-0.3758241758241759,-0.06373626373626373,-0.02857142857142857,0.3054945054945055
2012-03-29,0.11428571428571425,-0.4964285714285714,-0.1714285714285714,-0.12142857142857141,0.39999999999999997
2012-03-30,-0.17362637362637365,-0.1824175824175824,-0.2351648351648352,-0.059340659340659345,0.2087912087912088
2012-04-05,0.2178571428571428,-0.25357142857142856,-0.19999999999999998,-0.035714285714285705,0.22142857142857136
2012-04-06,0.1956043956043956,0.07252747252747253,0.23956043956043957,0.04175824175824176,0.23956043956043957
2012-04-09,0.021978021978021976,-0.0934065934065934,-0.08241758241758242,-0.005494505494505494,0.42857142857142855
2012-04-10,0.2175824175824176,-0.06813186813186813,0.2087912087912088,0.17362637362637365,0.3934065934065934
2012-04-11,0.33571428571428563,0.28928571428571426,0.4035714285714285,0.48214285714285704,0.2607142857142857
2012-04-12,0.3178571428571428,0.0035714285714285704,0.28928571428571426,0.17857142857142855,0.3428571428571428
2012-04-13,0.12087912087912088,0.2923076923076923,0.39780219780219783,0.38461538461538464,0.43736263736263736
2012-04-16,0.47142857142857136,0.35,0.4107142857142856,0.3857142857142856,0.1607142857142857
2012-04-17,0.557142857142857,0.3571428571428571,0.5499999999999999,0.38928571428571423,0.3607142857142856
2012-04-18,0.6392857142857141,0.28928571428571426,0.7321428571428571,0.4464285714285714,0.12857142857142856
2012-04-19,0.6964285714285713,0.4464285714285714,0.7249999999999999,0.6607142857142856,0.2071428571428571
2012-04-20,0.6464285714285712,0.4142857142857142,0.5428571428571428,0.3714285714285714,0.22142857142857136
2012-04-23,0.4021978021978022,0.6,0.48571428571428577,0.2967032967032967,-0.01978021978021978
2012-04-24,0.432967032967033,0.5472527472527472,0.5736263736263736,0.43736263736263736,0.059340659340659345
2012-04-25,0.46071428571428563,0.43214285714285705,0.5857142857142856,0.3107142857142856,0.010714285714285713
2012-04-26,0.6087912087912088,0.12967032967032965,0.4901098901098901,0.12967032967032965,-0.2
2012-04-27,0.45494505494505494,0.15604395604395604,0.389010989010989,0.02417582417582418,-0.4813186813186813
2012-05-02,0.4964285714285714,0.2785714285714285,0.5607142857142856,0.22499999999999998,-0.2714285714285714
2012-05-03,0.3285714285714285,0.39999999999999997,0.5178571428571428,0.13214285714285715,-0.10714285714285714
2012-05-04,0.28928571428571426,0.33571428571428563,0.43214285714285705,0.21428571428571427,-0.07142857142857141
2012-05-07,0.37857142857142856,0.46071428571428563,0.4392857142857142,0.2964285714285714,0.0
2012-05-08,0.35,0.32499999999999996,0.4428571428571427,0.2178571428571428,0.16785714285714282
2012-05-09,0.39642857142857135,0.3571428571428571,0.47142857142857136,0.22142857142857136,0.11428571428571425
2012-05-10,0.2642857142857143,0.2571428571428571,0.4428571428571427,0.2571428571428571,0.0857142857142857
2012-05-11,0.2912087912087912,0.19780219780219782,0.23626373626373626,-0.13736263736263735,-0.34615384615384615
2012-05-14,0.3928571428571428,0.125,0.2964285714285714,0.0035714285714285704,0.15357142857142855
2012-05-15,0.2571428571428571,0.3,0.3071428571428571,0.08214285714285713,-0.007142857142857141
2012-05-16,0.31468531468531474,0.1398601398601399,0.3356643356643357,0.06293706293706294,0.2797202797202798
2012-05-17,0.23571428571428568,0.2642857142857143,0.30357142857142855,0.125,0.024999999999999998
2012-05-18,0.06428571428571428,0.2964285714285714,0.2321428571428571,0.075,-0.10357142857142855
2012-05-21,0.05714285714285713,0.37857142857142856,0.25,0.1464285714285714,-0.18928571428571428
2012-05-22,0.15,0.3142857142857143,0.28571428571428564,0.1607142857142857,-0.16428571428571426
2012-05-23,0.2,0.5296703296703297,0.38461538461538464,0.3274725274725274,-0.22637362637362637
2012-05-24,0.13214285714285715,0.5821428571428571,0.4142857142857142,0.4071428571428571,-0.21428571428571427
2012-05-25,0.0,0.6642857142857141,0.3285714285714285,0.46071428571428563,-0.09285714285714285
2012-05-28,0.06373626373626373,0.7142857142857143,0.5252747252747253,0.665934065934066,-0.17362637362637365
2012-05-29,0.125,0.575,0.4678571428571427,0.4892857142857142,-0.014285714285714282
2012-05-30,0.18928571428571428,0.4928571428571427,0.42499999999999993,0.42499999999999993,0.035714285714285705
2012-05-31,0.1928571428571428,0.42857142857142855,0.2785714285714285,0.41785714285714276,0.10714285714285714
2012-06-01,0.13928571428571426,0.20357142857142854,0.3071428571428571,0.15,0.014285714285714282
2012-06-04,0.24835164835164836,0.13406593406593406,0.2175824175824176,0.07692307692307693,-0.015384615384615385
2012-06-05,0.21318681318681318,0.2043956043956044,0.27912087912087913,0.14725274725274726,0.12087912087912088
2012-06-06,0.1252747252747253,0.410989010989011,0.2835164835164835,0.3318681318681319,0.13406593406593406
2012-06-07,0.21318681318681318,0.3010989010989011,0.4153846153846154,0.2175824175824176,-0.002197802197802198
2012-06-08,0.006993006993006993,0.20979020979020982,0.3076923076923077,0.09090909090909093,0.08391608391608392
2012-06-11,0.3450549450549451,0.2571428571428571,0.4197802197802198,0.16923076923076924,0.002197802197802198
2012-06-12,0.22637362637362637,0.3274725274725274,0.2923076923076923,0.3274725274725274,0.2835164835164835
2012-06-13,0.04615384615384615,0.12087912087912088,0.12967032967032965,0.02417582417582418,0.14285714285714285
2012-06-14,0.09010989010989012,0.09010989010989012,0.12087912087912088,0.04175824175824176,0.002197802197802198
2012-06-15,0.23626373626373626,0.20329670329670327,0.17032967032967034,0.23076923076923078,0.26373626373626374
2012-06-18,0.20357142857142854,-0.11785714285714284,0.11071428571428568,0.13928571428571426,0.11071428571428568
2012-06-19,0.19999999999999998,0.021428571428571425,0.125,0.15357142857142855,0.09999999999999999
2012-06-20,0.03736263736263736,0.06373626373626373,0.0945054945054945,0.14285714285714285,0.04175824175824176
2012-06-21,0.014285714285714282,-0.12142857142857141,-0.05714285714285713,0.028571428571428564,-0.08214285714285713
2012-06-25,0.39010989010989006,0.21428571428571427,0.5824175824175823,0.34615384615384615,0.22527472527472525
2012-06-26,0.17857142857142855,-0.1357142857142857,0.1964285714285714,-0.007142857142857141,0.13928571428571426
2012-06-27,0.25357142857142856,-0.3178571428571428,0.18214285714285713,-0.1464285714285714,0.05357142857142857
2012-06-28,0.09999999999999999,-0.34642857142857136,0.0,-0.3571428571428571,-0.15357142857142855
2012-06-29,0.19780219780219782,-0.6703296703296703,-0.16483516483516483,-0.5659340659340659,0.2802197802197803
2012-07-02,0.5071428571428571,-0.5428571428571428,0.08928571428571427,-0.36785714285714277,0.28928571428571426
2012-07-03,0.6178571428571428,-0.5785714285714285,0.05357142857142857,-0.34642857142857136,0.24285714285714283
2012-07-04,0.6892857142857142,-0.5392857142857141,0.21428571428571427,-0.37499999999999994,0.1964285714285714
2012-07-05,0.5678571428571427,-0.6714285714285713,-0.075,-0.47142857142857136,0.16428571428571426
2012-07-06,0.4813186813186813,-0.3802197802197802,0.015384615384615385,-0.27912087912087913,0.18681318681318684
2012-07-09,0.2678571428571428,-0.5428571428571428,-0.1964285714285714,-0.46071428571428563,-0.1928571428571428
2012-07-10,0.09285714285714285,-0.11071428571428568,-0.024999999999999998,-0.30357142857142855,-0.25
2012-07-11,0.03214285714285714,-0.175,-0.04642857142857142,-0.4035714285714285,-0.24642857142857136
2012-07-12,0.07149243247970777,-0.10366402709557626,0.0625558784197443,-0.3771225813304585,-0.6219841625734577
2012-07-13,-0.010714285714285713,0.1928571428571428,0.13214285714285715,-0.09999999999999999,-0.5714285714285713
2012-07-16,-0.06071428571428571,0.10714285714285714,0.11428571428571425,-0.0857142857142857,-0.6
2012-07-17,-0.2178571428571428,0.08214285714285713,0.017857142857142853,-0.11428571428571425,-0.41785714285714276
2012-07-18,-0.1928571428571428,0.0857142857142857,0.010714285714285713,-0.23571428571428568,-0.4464285714285714
2012-07-19,-0.08214285714285713,0.08214285714285713,0.09999999999999999,-0.19999999999999998,-0.28928571428571426
2012-07-20,-0.07857142857142857,-0.08214285714285713,-0.04285714285714285,-0.4107142857142856,-0.5071428571428571
2012-07-23,-0.039285714285714285,0.010714285714285713,0.1607142857142857,-0.16785714285714282,-0.7071428571428571
2012-07-24,-0.049999999999999996,0.14285714285714282,0.175,-0.22142857142857136,-0.7357142857142855
2012-07-25,0.08928571428571427,0.35,0.4678571428571427,0.014285714285714282,-0.8178571428571428
2012-07-26,-0.16785714285714282,0.33928571428571425,0.24642857142857136,0.0035714285714285704,-0.682142857142857
2012-07-27,0.06785714285714285,0.1357142857142857,0.24285714285714283,-0.24642857142857136,-0.6357142857142856
2012-07-30,-0.04285714285714285,0.5142857142857142,0.532142857142857,0.14285714285714282,-0.6214285714285712
2012-07-31,-0.1964285714285714,0.44999999999999996,0.4428571428571427,0.2607142857142857,-0.5
2012-08-01,-0.1928571428571428,0.48571428571428565,0.5642857142857142,0.36785714285714277,-0.3714285714285714
2012-08-02,-0.3,0.532142857142857,0.5285714285714286,0.3285714285714285,-0.5214285714285714
2012-08-03,-0.17857142857142855,0.4642857142857142,0.532142857142857,0.39642857142857135,-0.3
2012-08-06,-0.15357142857142855,0.39642857142857135,0.4535714285714285,0.3214285714285714,-0.3107142857142856
2012-08-07,0.0,0.28928571428571426,0.475,0.36428571428571427,-0.25
2012-08-08,-0.09010989010989012,0.2043956043956044,0.39780219780219783,0.2043956043956044,-0.2879120879120879
2012-08-09,0.002197802197802198,0.2,0.4901098901098901,0.24395604395604395,-0.3098901098901099
2012-08-10,-0.10357142857142855,0.43214285714285705,0.5107142857142856,0.48571428571428565,-0.25357142857142856
2012-08-13,0.028571428571428564,0.15,0.36428571428571427,0.15714285714285714,-0.11785714285714284
2012-08-14,0.24285714285714283,0.4428571428571427,0.6428571428571428,0.2821428571428571,-0.4428571428571427
2012-08-15,0.1607142857142857,0.5785714285714285,0.5214285714285714,0.48214285714285704,-0.3178571428571428
2012-08-16,0.22499999999999998,0.457142857142857,0.5678571428571427,0.5,-0.39999999999999997
2012-08-17,0.15,0.39999999999999997,0.4928571428571427,0.5035714285714286,-0.43214285714285705
2012-08-20,0.20357142857142854,0.3321428571428571,0.4678571428571427,0.4428571428571427,-0.32499999999999996
2012-08-21,0.3107142857142856,0.21071428571428572,0.39999999999999997,0.22499999999999998,-0.4071428571428571
2012-08-22,0.15357142857142855,0.21428571428571427,0.33928571428571425,0.3928571428571428,-0.2785714285714285
2012-08-23,0.2785714285714285,0.07142857142857141,0.2285714285714285,0.32499999999999996,-0.15357142857142855
2012-08-24,0.21071428571428572,0.11071428571428568,0.28571428571428564,0.27499999999999997,-0.1928571428571428
2012-08-27,0.049999999999999996,-0.10714285714285714,0.1357142857142857,0.13928571428571426,-0.024999999999999998
2012-08-28,0.07142857142857141,-0.21071428571428572,0.06428571428571428,-0.010714285714285713,0.3321428571428571
2012-08-29,0.1607142857142857,-0.3857142857142856,0.11785714285714284,0.1964285714285714,0.27499999999999997
2012-08-30,0.4428571428571427,-0.08928571428571427,0.24285714285714283,0.3107142857142856,0.1928571428571428
2012-08-31,0.36639871645850236,-0.22698847312307222,0.2520108244909699,0.2895443515428165,0.03753352705184659
2012-09-03,0.4142857142857142,-0.10714285714285714,0.1857142857142857,0.3107142857142856,0.24642857142857136
2012-09-04,0.15714285714285714,-0.21428571428571427,-0.125,0.2607142857142857,0.4535714285714285
2012-09-05,0.1928571428571428,-0.24285714285714283,-0.21428571428571427,0.21428571428571427,0.5892857142857142
2012-09-06,0.2178571428571428,-0.06785714285714285,0.035714285714285705,0.175,0.2678571428571428
2012-09-07,0.3,0.03214285714285714,0.2071428571428571,0.2642857142857143,0.34642857142857136
2012-09-10,0.43214285714285705,-0.014285714285714282,0.3142857142857143,0.2928571428571428,0.4142857142857142
2012-09-11,0.24285714285714283,0.03214285714285714,0.1857142857142857,0.23571428571428568,0.42857142857142855
2012-09-12,0.3321428571428571,-0.007142857142857141,0.25357142857142856,0.28928571428571426,0.4357142857142856
2012-09-13,0.3071428571428571,-0.125,0.15,0.1964285714285714,0.47142857142857136
2012-09-14,0.35357142857142854,-0.21071428571428572,0.15,0.1607142857142857,0.41785714285714276
2012-09-17,0.2285714285714285,-0.33571428571428563,-0.0857142857142857,-0.06785714285714285,0.5892857142857142
2012-09-18,0.4107142857142856,-0.4535714285714285,0.1464285714285714,0.05714285714285713,0.4892857142857142
2012-09-19,0.3178571428571428,-0.1357142857142857,0.09285714285714285,0.2642857142857143,0.7071428571428571
2012-09-20,0.26153846153846155,-0.12967032967032965,-0.04175824175824176,0.4901098901098901,0.8505494505494505
2012-09-21,0.47252747252747257,-0.3538461538461538,0.13406593406593406,0.2703296703296703,0.4813186813186813
2012-09-24,0.410989010989011,-0.1956043956043956,0.002197802197802198,0.2879120879120879,0.5252747252747253
2012-09-25,0.4065934065934066,0.2879120879120879,0.4065934065934066,0.6307692307692307,0.16923076923076924
2012-09-26,0.46373626373626364,0.04615384615384615,0.3098901098901099,0.5824175824175825,0.3318681318681319
2012-09-27,0.1607142857142857,-0.0035714285714285704,0.049999999999999996,0.5035714285714286,0.38214285714285706
2012-09-28,0.07142857142857141,-0.04285714285714285,0.12857142857142856,0.4142857142857142,0.2678571428571428
2012-10-08,0.05357142857142857,-0.22499999999999998,-0.15,0.10357142857142855,0.16785714285714282
2012-10-09,0.175,-0.37857142857142856,-0.0035714285714285704,0.10357142857142855,0.37857142857142856
2012-10-10,0.2285714285714285,-0.3928571428571428,-0.010714285714285713,-0.028571428571428564,0.11428571428571425
2012-10-11,0.28571428571428564,-0.4357142857142856,-0.039285714285714285,0.21428571428571427,0.23571428571428568
2012-10-12,0.27499999999999997,-0.10714285714285714,0.11428571428571425,0.3714285714285714,0.5
2012-10-15,0.0964285714285714,-0.3928571428571428,-0.11428571428571425,0.17857142857142855,0.3
2012-10-16,0.36785714285714277,-0.39999999999999997,-0.07142857142857141,0.125,0.1714285714285714
2012-10-17,0.3928571428571428,-0.27499999999999997,0.0964285714285714,0.2785714285714285,0.23928571428571427
2012-10-18,0.5142857142857142,-0.2928571428571428,0.15714285714285714,0.3571428571428571,0.035714285714285705
2012-10-19,0.5178571428571428,-0.2321428571428571,0.03214285714285714,0.15357142857142855,0.049999999999999996
2012-10-22,0.5428571428571428,-0.39642857142857135,0.0857142857142857,-0.075,-0.08928571428571427
2012-10-23,0.5,-0.37857142857142856,0.0035714285714285704,-0.028571428571428564,0.0
2012-10-24,0.5,-0.37499999999999994,0.0857142857142857,-0.1357142857142857,0.13214285714285715
2012-10-25,0.3714285714285714,0.10714285714285714,0.3178571428571428,0.25,0.1714285714285714
2012-10-26,0.4642857142857142,-0.16785714285714282,0.0964285714285714,-0.039285714285714285,0.4428571428571427
2012-10-29,0.475,-0.4678571428571427,-0.0035714285714285704,-0.16785714285714282,0.35
2012-10-30,0.47142857142857136,-0.39642857142857135,-0.021428571428571425,-0.11071428571428568,0.557142857142857
2012-10-31,0.47142857142857136,-0.5071428571428571,-0.11071428571428568,-0.25,0.39999999999999997
2012-11-01,0.5357142857142856,-0.4428571428571427,0.07857142857142857,-0.18928571428571428,-0.03214285714285714
2012-11-02,0.5535714285714285,-0.3071428571428571,0.11071428571428568,-0.06071428571428571,0.049999999999999996
2012-11-05,0.5392857142857141,-0.34642857142857136,0.04285714285714285,-0.049999999999999996,0.1857142857142857
2012-11-06,0.5,-0.39642857142857135,-0.06428571428571428,-0.24642857142857136,0.014285714285714282
2012-11-07,0.4642857142857142,-0.4464285714285714,-0.125,-0.12857142857142856,0.1714285714285714
2012-11-08,0.28571428571428564,-0.19999999999999998,0.03214285714285714,0.024999999999999998,0.1857142857142857
2012-11-09,0.37857142857142856,-0.28571428571428564,0.021428571428571425,0.035714285714285705,0.21071428571428572
2012-11-12,0.2607142857142857,-0.475,-0.06785714285714285,-0.11785714285714284,0.14285714285714282
2012-11-13,0.12142857142857141,-0.3107142857142856,0.014285714285714282,0.021428571428571425,0.2071428571428571
2012-11-14,0.16428571428571426,-0.28928571428571426,-0.16428571428571426,-0.1928571428571428,-0.06071428571428571
2012-11-15,0.15357142857142855,-0.6035714285714285,-0.1928571428571428,-0.25,-0.125
2012-11-16,0.010714285714285713,0.014285714285714282,-0.04642857142857142,0.2785714285714285,0.4107142857142856
2012-11-19,-0.028571428571428564,-0.06428571428571428,-0.07857142857142857,0.10357142857142855,0.4357142857142856
2012-11-20,0.028571428571428564,-0.16785714285714282,-0.1714285714285714,-0.014285714285714282,0.4357142857142856
2012-11-21,0.09999999999999999,-0.2571428571428571,-0.13214285714285715,-0.049999999999999996,0.36785714285714277
2012-11-22,-0.13214285714285715,-0.2607142857142857,-0.21071428571428572,-0.3178571428571428,0.2285714285714285
2012-11-23,-0.125,-0.06785714285714285,-0.1857142857142857,-0.2964285714285714,0.09999999999999999
2012-11-26,-0.06071428571428571,0.07857142857142857,0.049999999999999996,-0.039285714285714285,-0.021428571428571425
2012-11-27,-0.2821428571428571,0.049999999999999996,-0.1714285714285714,-0.15,0.010714285714285713
2012-11-28,-0.3857142857142856,-0.007142857142857141,-0.1714285714285714,-0.15357142857142855,-0.11785714285714284
2012-11-29,-0.2785714285714285,-0.10714285714285714,-0.44999999999999996,-0.457142857142857,0.010714285714285713
2012-11-30,-0.39642857142857135,-0.007142857142857141,-0.3214285714285714,-0.33571428571428563,0.11428571428571425
2012-12-03,-0.475,0.075,-0.22142857142857136,-0.06428571428571428,0.12142857142857141
2012-12-04,-0.475,0.035714285714285705,-0.28571428571428564,-0.21428571428571427,-0.12857142857142856
2012-12-05,-0.475,0.03214285714285714,-0.2821428571428571,-0.11785714285714284,-0.27499999999999997
2012-12-06,-0.6642857142857141,0.1714285714285714,-0.3142857142857143,-0.08928571428571427,0.0857142857142857
2012-12-07,-0.5428571428571428,0.39642857142857135,-0.06785714285714285,0.14285714285714282,0.017857142857142853
2012-12-10,-0.557142857142857,0.475,0.09285714285714285,0.37499999999999994,0.2607142857142857
2012-12-11,-0.23571428571428568,0.42857142857142855,0.2714285714285714,0.5642857142857142,0.457142857142857
2012-12-12,-0.1928571428571428,0.4642857142857142,0.3107142857142856,0.6,0.33571428571428563
2012-12-13,-0.5071428571428571,0.42857142857142855,0.11071428571428568,0.33571428571428563,0.08928571428571427
2012-12-14,-0.38214285714285706,0.2285714285714285,-0.04642857142857142,0.38214285714285706,0.21428571428571427
2012-12-17,-0.28571428571428564,0.28928571428571426,0.04285714285714285,0.475,0.2321428571428571
2012-12-18,-0.25357142857142856,0.38214285714285706,0.24285714285714283,0.44999999999999996,0.049999999999999996
2012-12-19,-0.3142857142857143,0.28571428571428564,0.125,0.2678571428571428,-0.21071428571428572
2012-12-20,-0.1607142857142857,0.33928571428571425,0.25357142857142856,0.36428571428571427,0.0
2012-12-21,-0.0035714285714285704,0.5464285714285714,0.4464285714285714,0.5107142857142856,0.06785714285714285
2012-12-24,-0.06071428571428571,0.24642857142857136,0.27499999999999997,0.4464285714285714,0.007142857142857141
2012-12-25,0.014285714285714282,0.20357142857142854,0.33928571428571425,0.42857142857142855,0.15
2012-12-26,-0.05357142857142857,0.2821428571428571,0.3107142857142856,0.39999999999999997,0.10357142857142855
2012-12-27,-0.24285714285714283,0.2571428571428571,0.18928571428571428,0.3285714285714285,0.09285714285714285
2012-12-28,0.01978021978021978,0.3010989010989011,0.35824175824175825,0.47252747252747257,0.3142857142857143
2012-12-31,-0.04175824175824176,0.3626373626373627,0.3318681318681319,0.4769230769230769,0.49890109890109896
2013-01-04,-0.18928571428571428,0.48214285714285704,0.3,0.5107142857142856,0.5178571428571428
2013-01-07,-0.1857142857142857,0.4392857142857142,0.18928571428571428,0.457142857142857,0.47857142857142854
2013-01-08,-0.017857142857142853,0.13214285714285715,0.16785714285714282,0.2642857142857143,0.3571428571428571
2013-01-09,-0.21071428571428572,0.21428571428571427,0.1357142857142857,0.37857142857142856,0.3321428571428571
2013-01-10,-0.2178571428571428,0.2714285714285714,0.125,0.3714285714285714,0.4964285714285714
2013-01-11,-0.16785714285714282,0.38928571428571423,0.22499999999999998,0.48214285714285704,0.4428571428571427
2013-01-14,-0.25,0.30357142857142855,0.14285714285714282,0.43214285714285705,0.28928571428571426
2013-01-15,-0.1857142857142857,0.1464285714285714,-0.0035714285714285704,0.12142857142857141,0.1857142857142857
2013-01-16,-0.2821428571428571,0.3714285714285714,0.10357142857142855,0.11785714285714284,-0.024999999999999998
2013-01-17,-0.3571428571428571,0.2607142857142857,-0.024999999999999998,0.0857142857142857,-0.125
2013-01-18,-0.18928571428571428,0.15357142857142855,-0.007142857142857141,-0.06428571428571428,0.22499999999999998
2013-01-21,-0.21428571428571427,0.3714285714285714,0.15714285714285714,0.10357142857142855,0.15357142857142855
2013-01-22,-0.3107142857142856,0.4071428571428571,0.049999999999999996,0.19999999999999998,-0.11785714285714284
2013-01-23,-0.21428571428571427,0.11785714285714284,-0.06428571428571428,0.04642857142857142,0.075
2013-01-24,-0.1607142857142857,0.2821428571428571,0.13928571428571426,0.2178571428571428,0.11428571428571425
2013-01-25,-0.15164835164835166,0.2571428571428571,0.16923076923076924,0.2923076923076923,0.07692307692307693
2013-01-28,0.014285714285714282,0.35,0.27499999999999997,0.35,0.15
2013-01-29,0.13928571428571426,0.5821428571428571,0.4892857142857142,0.5392857142857141,0.3107142857142856
2013-01-30,0.1928571428571428,0.5107142857142856,0.4357142857142856,0.4071428571428571,-0.08928571428571427
2013-01-31,0.2821428571428571,0.5857142857142856,0.47142857142857136,0.48571428571428565,-0.13214285714285715
2013-02-01,0.2607142857142857,0.6,0.5464285714285714,0.5428571428571428,0.05357142857142857
2013-02-04,0.18214285714285713,0.6035714285714285,0.5214285714285714,0.48571428571428565,0.07142857142857141
2013-02-05,0.28928571428571426,0.5678571428571427,0.5142857142857142,0.5071428571428571,-0.021428571428571425
2013-02-06,0.2821428571428571,0.7107142857142856,0.657142857142857,0.5678571428571427,0.11785714285714284
2013-02-07,0.33571428571428563,0.7214285714285712,0.6857142857142856,0.6107142857142855,0.06428571428571428
2013-02-08,0.3071428571428571,0.7071428571428571,0.6249999999999999,0.6035714285714285,-0.007142857142857141
2013-02-18,0.3178571428571428,0.42857142857142855,0.36785714285714277,0.22499999999999998,-0.3142857142857143
2013-02-19,0.5142857142857142,0.2928571428571428,0.5071428571428571,0.1964285714285714,-0.22142857142857136
2013-02-20,0.3714285714285714,0.37499999999999994,0.42499999999999993,0.1928571428571428,-0.35357142857142854
2013-02-21,0.24285714285714283,0.2607142857142857,0.25357142857142856,0.075,-0.3
2013-02-22,0.22499999999999998,0.25,0.23928571428571427,0.125,-0.36785714285714277
2013-02-25,0.36428571428571427,0.16785714285714282,0.1964285714285714,0.08214285714285713,-0.41785714285714276
2013-02-26,0.3321428571428571,0.34642857142857136,0.35,0.35357142857142854,-0.04642857142857142
2013-02-27,0.25357142857142856,0.7035714285714285,0.5642857142857142,0.6142857142857142,0.10714285714285714
2013-02-28,0.2607142857142857,0.8107142857142855,0.5499999999999999,0.7321428571428571,0.175
2013-03-01,0.38214285714285706,0.6535714285714285,0.5714285714285713,0.6857142857142856,0.28928571428571426
2013-03-04,0.4035714285714285,0.6107142857142855,0.5499999999999999,0.7285714285714285,0.4392857142857142
2013-03-05,0.32499999999999996,0.5642857142857142,0.4892857142857142,0.7035714285714285,0.37499999999999994
2013-03-06,0.2607142857142857,0.5,0.41785714285714276,0.6392857142857141,0.3071428571428571
2013-03-07,0.27499999999999997,0.37499999999999994,0.2821428571428571,0.5392857142857141,0.33928571428571425
2013-03-08,0.10357142857142855,0.35,0.15,0.6142857142857142,0.28928571428571426
2013-03-11,0.12857142857142856,0.21428571428571427,0.11071428571428568,0.5714285714285713,0.1857142857142857
2013-03-12,0.17857142857142855,0.42499999999999993,0.3142857142857143,0.5,-0.017857142857142853
2013-03-13,0.3928571428571428,0.42857142857142855,0.46071428571428563,0.6357142857142856,0.11071428571428568
2013-03-14,0.2071428571428571,0.1714285714285714,0.28928571428571426,0.4357142857142856,0.18214285714285713
2013-03-15,-0.06071428571428571,0.2714285714285714,0.1714285714285714,0.48214285714285704,0.6464285714285712
2013-03-18,0.028571428571428564,0.23571428571428568,0.22499999999999998,0.5357142857142856,0.42857142857142855
2013-03-19,0.03214285714285714,0.24285714285714283,0.2821428571428571,0.4392857142857142,0.39642857142857135
2013-03-20,-0.007142857142857141,0.3428571428571428,0.25357142857142856,0.475,0.25357142857142856
2013-03-21,0.049999999999999996,0.2642857142857143,0.24642857142857136,0.457142857142857,0.1964285714285714
2013-03-22,0.075,0.04285714285714285,0.1464285714285714,0.25357142857142856,0.03214285714285714
2013-03-25,-0.06785714285714285,0.2571428571428571,0.1464285714285714,0.2964285714285714,0.2785714285714285
2013-03-26,-0.10357142857142855,-0.08214285714285713,-0.20357142857142854,-0.11785714285714284,0.19999999999999998
2013-03-27,0.14285714285714285,-0.05054945054945055,0.015384615384615385,-0.23076923076923075,0.054945054945054944
2013-03-28,0.1384615384615385,-0.06813186813186813,0.05054945054945055,-0.221978021978022,-0.0989010989010989
2013-03-29,0.11208791208791209,-0.18681318681318684,0.06373626373626373,-0.2835164835164835,-0.0945054945054945
2013-04-01,-0.04175824175824176,-0.032967032967032975,0.02857142857142857,-0.23956043956043957,0.002197802197802198
2013-04-02,-0.039285714285714285,0.13214285714285715,0.24642857142857136,0.03214285714285714,0.007142857142857141
2013-04-03,-0.22499999999999998,0.05357142857142857,0.0857142857142857,-0.11785714285714284,-0.175
2013-04-08,-0.1607142857142857,-0.04642857142857142,0.017857142857142853,-0.25357142857142856,-0.3071428571428571
2013-04-09,-0.1357142857142857,0.21071428571428572,0.17857142857142855,-0.010714285714285713,-0.2642857142857143
2013-04-10,-0.0964285714285714,0.21071428571428572,0.23571428571428568,-0.10357142857142855,-0.3214285714285714
2013-04-11,-0.2285714285714285,0.2678571428571428,0.21071428571428572,-0.03214285714285714,-0.3
2013-04-12,-0.11428571428571425,0.2785714285714285,0.3214285714285714,0.024999999999999998,-0.38928571428571423
2013-04-15,-0.2642857142857143,0.18214285714285713,0.15,-0.15,-0.4642857142857142
2013-04-16,-0.22142857142857136,0.3321428571428571,0.1857142857142857,0.03214285714285714,-0.5035714285714286
2013-04-17,-0.07142857142857141,0.3607142857142856,0.39999999999999997,0.1607142857142857,-0.4642857142857142
2013-04-18,-0.2835164835164835,0.4593406593406593,0.18681318681318684,0.1032967032967033,-0.5340659340659341
2013-04-19,-0.1164835164835165,0.6087912087912088,0.5076923076923077,0.4681318681318682,-0.14725274725274726
2013-04-22,-0.27472527472527475,0.3934065934065934,0.2087912087912088,0.2835164835164835,-0.4065934065934066
2013-04-23,-0.10714285714285714,0.43214285714285705,0.2571428571428571,0.13928571428571426,-0.5035714285714286
2013-04-24,-0.14285714285714282,0.22142857142857136,0.3,-0.014285714285714282,-0.5857142857142856
2013-04-25,-0.15714285714285714,0.39999999999999997,0.3607142857142856,0.175,-0.2607142857142857
2013-04-26,-0.21071428571428572,0.23928571428571427,0.0964285714285714,0.007142857142857141,-0.5642857142857142
2013-05-02,-0.30357142857142855,0.23571428571428568,-0.10357142857142855,0.05714285714285713,-0.5357142857142856
2013-05-03,-0.2821428571428571,0.2678571428571428,-0.028571428571428564,0.18928571428571428,-0.4107142857142856
2013-05-06,-0.2321428571428571,0.18928571428571428,0.021428571428571425,0.16785714285714282,-0.47857142857142854
2013-05-07,-0.1464285714285714,0.15714285714285714,0.04642857142857142,0.075,-0.36785714285714277
2013-05-08,-0.2178571428571428,-0.05714285714285713,-0.09285714285714285,-0.04285714285714285,-0.37499999999999994
2013-05-09,-0.075,0.10714285714285714,0.07142857142857141,0.15714285714285714,-0.2178571428571428
2013-05-10,-0.07857142857142857,0.07857142857142857,0.14285714285714282,0.07857142857142857,-0.3107142857142856
2013-05-13,0.08928571428571427,0.32499999999999996,0.28571428571428564,0.19999999999999998,-0.42499999999999993
2013-05-14,-0.028571428571428564,0.35357142857142854,0.24642857142857136,0.22499999999999998,-0.4392857142857142
2013-05-15,0.08928571428571427,0.17857142857142855,0.2321428571428571,0.06785714285714285,-0.4464285714285714
2013-05-16,0.03214285714285714,0.2321428571428571,0.11071428571428568,0.18214285714285713,-0.47857142857142854
2013-05-17,-0.03214285714285714,0.2178571428571428,0.03214285714285714,0.13214285714285715,-0.3107142857142856
2013-05-20,-0.039285714285714285,-0.028571428571428564,0.03214285714285714,0.1464285714285714,-0.34642857142857136
2013-05-21,0.15,0.1857142857142857,0.28571428571428564,0.21428571428571427,-0.08928571428571427
2013-05-22,-0.17362637362637365,0.2835164835164835,0.07252747252747253,0.2043956043956044,-0.4021978021978022
2013-05-23,-0.2964285714285714,0.3285714285714285,0.07142857142857141,0.16785714285714282,-0.3321428571428571
2013-05-24,-0.3571428571428571,0.3071428571428571,-0.07142857142857141,0.1964285714285714,-0.2607142857142857
2013-05-27,-0.3714285714285714,0.13928571428571426,-0.175,0.13214285714285715,-0.13928571428571426
2013-05-28,-0.42142857142857143,-0.03214285714285714,-0.3178571428571428,-0.11785714285714284,-0.4642857142857142
2013-05-29,-0.4107142857142856,0.1964285714285714,-0.11785714285714284,0.0035714285714285704,-0.5928571428571427
2013-05-30,-0.3714285714285714,0.014285714285714282,-0.30357142857142855,-0.175,-0.5499999999999999
2013-05-31,-0.3428571428571428,0.049999999999999996,-0.15357142857142855,-0.15357142857142855,-0.5249999999999999
2013-06-03,-0.3178571428571428,0.12857142857142856,-0.10357142857142855,-0.15357142857142855,-0.7214285714285712
2013-06-04,-0.21428571428571427,0.2821428571428571,0.024999999999999998,0.03214285714285714,-0.6357142857142856
2013-06-05,-0.10714285714285714,0.28928571428571426,0.09285714285714285,0.049999999999999996,-0.37857142857142856
2013-06-06,-0.13214285714285715,0.15,0.10714285714285714,0.024999999999999998,-0.42499999999999993
2013-06-07,0.01978021978021978,0.3142857142857143,0.22637362637362637,0.006593406593406593,-0.3406593406593406
2013-06-13,-0.006593406593406593,0.18681318681318684,0.15604395604395604,-0.05054945054945055,-0.14285714285714285
2013-06-14,0.01978021978021978,-0.015384615384615385,0.05054945054945055,-0.06373626373626373,-0.09010989010989012
2013-06-17,-0.13406593406593406,0.21318681318681318,0.04175824175824176,-0.16483516483516483,-0.26153846153846155
2013-06-18,0.002197802197802198,0.44175824175824174,0.2967032967032967,0.06813186813186813,-0.39780219780219783
2013-06-19,-0.02417582417582418,0.35824175824175825,0.26153846153846155,0.17362637362637365,-0.6747252747252748
2013-06-20,0.015384615384615385,0.389010989010989,0.24835164835164836,0.1032967032967033,-0.5516483516483517
2013-06-21,0.02417582417582418,0.27912087912087913,0.3054945054945055,0.032967032967032975,-0.6747252747252748
2013-06-24,-0.015384615384615385,0.3230769230769231,0.23076923076923075,0.16483516483516483,-0.6175824175824175
2013-06-25,0.1384615384615385,0.5868131868131868,0.43736263736263736,0.4681318681318682,-0.3538461538461538
2013-06-26,0.30357142857142855,0.5785714285714285,0.5214285714285714,0.5142857142857142,-0.5285714285714286
2013-06-27,0.2928571428571428,0.682142857142857,0.6178571428571428,0.6464285714285712,-0.07857142857142857
2013-06-28,0.3107142857142856,0.6428571428571428,0.6678571428571428,0.3928571428571428,-0.5249999999999999
2013-07-01,0.39642857142857135,0.7535714285714286,0.7178571428571427,0.6428571428571428,-0.2607142857142857
2013-07-02,0.4964285714285714,0.6535714285714285,0.7321428571428571,0.7357142857142855,-0.18214285714285713
2013-07-03,0.4464285714285714,0.6107142857142855,0.7249999999999999,0.6499999999999999,-0.2785714285714285
2013-07-04,0.4392857142857142,0.5142857142857142,0.6785714285714285,0.5464285714285714,-0.2714285714285714
2013-07-05,0.4107142857142856,0.5785714285714285,0.7678571428571428,0.4678571428571427,-0.3
2013-07-08,0.3107142857142856,0.6035714285714285,0.6428571428571428,0.42499999999999993,-0.3607142857142856
2013-07-09,0.25,0.47142857142857136,0.5678571428571427,0.37499999999999994,-0.5785714285714285
2013-07-10,0.15357142857142855,0.4678571428571427,0.44999999999999996,0.36428571428571427,-0.5214285714285714
2013-07-11,0.11428571428571425,0.5964285714285712,0.44999999999999996,0.5499999999999999,-0.4464285714285714
2013-07-12,0.1357142857142857,0.5642857142857142,0.5285714285714286,0.5249999999999999,-0.35
2013-07-15,0.3,0.5607142857142856,0.5035714285714286,0.6,-0.36785714285714277
2013-07-16,0.14725274725274726,0.4681318681318682,0.410989010989011,0.6483516483516484,-0.2175824175824176
2013-07-17,0.16483516483516483,0.5032967032967033,0.38461538461538464,0.5076923076923077,-0.002197802197802198
2013-07-18,0.12087912087912088,0.6,0.4769230769230769,0.5472527472527472,0.1912087912087912
2013-07-19,0.0989010989010989,0.3362637362637363,0.24835164835164836,0.3494505494505495,-0.0945054945054945
2013-07-22,-0.01098901098901099,0.432967032967033,0.367032967032967,0.5384615384615385,0.06813186813186813
2013-07-23,-0.01978021978021978,0.7626373626373627,0.4769230769230769,0.5120879120879122,-0.03736263736263736
2013-07-24,0.08131868131868132,0.4197802197802198,0.3934065934065934,0.3758241758241759,0.0945054945054945
2013-07-25,0.04615384615384615,0.3362637362637363,0.2527472527472528,0.2879120879120879,-0.23076923076923075
2013-07-26,0.006593406593406593,0.5032967032967033,0.38461538461538464,0.6351648351648352,0.24395604395604395
2013-07-29,-0.16923076923076924,0.5736263736263736,0.3142857142857143,0.5956043956043956,0.3626373626373627
2013-07-30,-0.48571428571428577,0.43736263736263736,0.1032967032967033,0.24835164835164836,0.3406593406593406
2013-07-31,-0.4153846153846154,0.6395604395604396,0.27912087912087913,0.5648351648351648,0.48571428571428577
2013-08-01,-0.3450549450549451,0.6791208791208792,0.2175824175824176,0.7010989010989012,0.5340659340659341
2013-08-02,-0.39780219780219783,0.5296703296703297,0.06373626373626373,0.6483516483516484,0.6747252747252748
2013-08-05,-0.367032967032967,0.3054945054945055,-0.01098901098901099,0.389010989010989,0.5780219780219781
2013-08-06,-0.1912087912087912,0.42857142857142855,0.03736263736263736,0.5032967032967033,0.5604395604395604
2013-08-07,-0.054945054945054944,0.4593406593406593,0.26153846153846155,0.7054945054945055,0.5560439560439561
2013-08-08,-0.09010989010989012,0.45054945054945056,0.21318681318681318,0.6131868131868132,0.4901098901098901
2013-08-09,-0.002197802197802198,0.410989010989011,0.178021978021978,0.5516483516483517,0.24395604395604395
2013-08-12,0.006593406593406593,0.3934065934065934,0.1164835164835165,0.5692307692307692,0.3758241758241759
2013-08-13,0.06813186813186813,0.21318681318681318,0.16043956043956045,0.2703296703296703,0.48571428571428577
2013-08-14,0.02857142857142857,0.13406593406593406,0.015384615384615385,0.389010989010989,0.45054945054945056
2013-08-15,0.08131868131868132,0.03736263736263736,-0.05054945054945055,0.2879120879120879,0.44175824175824174
2013-08-16,-0.015384615384615385,0.15164835164835166,-0.1384615384615385,0.2,0.24835164835164836
2013-08-19,0.0945054945054945,0.2835164835164835,0.02857142857142857,0.3274725274725274,0.389010989010989
2013-08-20,0.059340659340659345,-0.14725274725274726,-0.18681318681318684,0.07692307692307693,0.26153846153846155
2013-08-21,0.13406593406593406,0.0989010989010989,0.02417582417582418,0.3098901098901099,0.5604395604395604
2013-08-22,0.1032967032967033,0.07252747252747253,-0.006593406593406593,0.26593406593406593,0.43736263736263736
2013-08-23,-0.006593406593406593,-0.08131868131868132,-0.13406593406593406,0.13406593406593406,0.367032967032967
2013-08-26,0.1824175824175824,-0.37142857142857144,-0.16043956043956045,0.08131868131868132,0.26153846153846155
2013-08-27,0.2571428571428571,-0.27472527472527475,-0.1076923076923077,0.2043956043956044,0.26593406593406593
2013-08-28,0.2923076923076923,-0.3538461538461538,-0.3010989010989011,-0.07252747252747253,0.16043956043956045
2013-08-29,0.2879120879120879,-0.4021978021978022,-0.26593406593406593,-0.04175824175824176,0.35824175824175825
2013-08-30,0.2175824175824176,-0.16923076923076924,0.04175824175824176,0.06813186813186813,-0.006593406593406593
2013-09-02,0.4021978021978022,-0.45494505494505494,-0.14725274725274726,-0.178021978021978,-0.12087912087912088
2013-09-03,0.3538461538461538,0.05054945054945055,0.1252747252747253,0.2351648351648352,0.2967032967032967
2013-09-04,0.6175824175824175,-0.3098901098901099,0.2175824175824176,0.07692307692307693,0.2571428571428571
2013-09-05,0.4945054945054946,-0.1164835164835165,0.24395604395604395,0.1384615384615385,0.0857142857142857
2013-09-06,0.23956043956043957,-0.17362637362637365,0.02857142857142857,0.04175824175824176,-0.02417582417582418
2013-09-09,0.16483516483516483,-0.12087912087912088,0.14285714285714285,0.04615384615384615,-0.14285714285714285
2013-09-10,0.16043956043956045,0.1384615384615385,0.3142857142857143,0.1912087912087912,0.07692307692307693
2013-09-11,-0.015384615384615385,0.054945054945054944,0.24395604395604395,0.07252747252747253,-0.1912087912087912
2013-09-12,0.0989010989010989,-0.015384615384615385,0.22637362637362637,0.03736263736263736,0.015384615384615385
2013-09-13,-0.006593406593406593,0.1384615384615385,0.1164835164835165,0.12087912087912088,-0.1384615384615385
2013-09-16,0.16043956043956045,0.006593406593406593,0.0857142857142857,0.002197802197802198,-0.178021978021978
2013-09-17,0.1716172655654175,0.08800885413611155,0.16061615879840357,-0.06160619789527809,-0.17821792962562588
2013-09-18,0.14725274725274726,0.1252747252747253,0.18681318681318684,0.14285714285714285,-0.1384615384615385
2013-09-23,0.0989010989010989,0.3186813186813187,0.38461538461538464,0.4021978021978022,0.12087912087912088
2013-09-24,-0.25274725274725274,0.4450549450549451,-0.03296703296703297,0.2802197802197803,0.24725274725274726
2013-09-25,0.2351648351648352,0.3186813186813187,0.2879120879120879,0.3758241758241759,0.6527472527472528
2013-09-26,0.23076923076923075,0.16043956043956045,0.3054945054945055,0.24395604395604395,0.5824175824175825
2013-09-27,0.26593406593406593,0.3054945054945055,0.3802197802197802,0.4461538461538462,0.5956043956043956
2013-09-30,0.1076923076923077,0.3098901098901099,0.38461538461538464,0.3494505494505495,0.3142857142857143
2013-10-08,0.002197802197802198,0.3626373626373627,0.17362637362637365,0.22637362637362637,-0.006593406593406593
2013-10-09,0.054945054945054944,0.432967032967033,0.3494505494505495,0.3538461538461538,0.16043956043956045
2013-10-10,0.015384615384615385,0.389010989010989,0.26593406593406593,0.3626373626373627,0.27912087912087913
2013-10-11,0.07252747252747253,0.16043956043956045,0.178021978021978,0.3450549450549451,0.12967032967032965
2013-10-14,0.2835164835164835,0.04175824175824176,0.2571428571428571,0.21318681318681318,0.04175824175824176
2013-10-15,0.4357142857142856,0.2964285714285714,0.48571428571428565,0.33928571428571425,-0.06785714285714285
2013-10-16,0.42142857142857143,0.48571428571428565,0.5964285714285712,0.5249999999999999,0.2321428571428571
2013-10-17,0.5928571428571427,0.2821428571428571,0.5464285714285714,0.5285714285714286,0.38214285714285706
2013-10-18,0.475,0.13214285714285715,0.42499999999999993,0.42142857142857143,0.11071428571428568
2013-10-21,0.43214285714285705,0.07142857142857141,0.3571428571428571,0.22499999999999998,0.38928571428571423
2013-10-22,0.4964285714285714,0.09285714285714285,0.35,0.28928571428571426,0.39999999999999997
2013-10-23,0.20357142857142854,0.1964285714285714,0.2321428571428571,0.23928571428571427,0.05714285714285713
2013-10-24,0.09999999999999999,0.15357142857142855,0.2071428571428571,0.175,0.10714285714285714
2013-10-25,0.039285714285714285,0.2178571428571428,0.13214285714285715,0.2821428571428571,0.13928571428571426
2013-10-28,-0.04285714285714285,0.42499999999999993,0.12142857142857141,0.34642857142857136,0.25
2013-10-29,-0.04285714285714285,0.4678571428571427,0.18214285714285713,0.3428571428571428,0.024999999999999998
2013-10-30,-0.15357142857142855,0.3714285714285714,0.08214285714285713,-0.06785714285714285,-0.22142857142857136
2013-10-31,-0.47857142857142854,0.23571428571428568,-0.2678571428571428,-0.28571428571428564,-0.2642857142857143
2013-11-01,-0.5678571428571427,0.5035714285714286,-0.15357142857142855,-0.10714285714285714,-0.2821428571428571
2013-11-04,-0.039285714285714285,-0.11785714285714284,-0.2785714285714285,-0.3321428571428571,-0.04642857142857142
2013-11-05,-0.2285714285714285,0.035714285714285705,-0.3214285714285714,-0.3,-0.06071428571428571
2013-11-06,0.06428571428571428,0.2178571428571428,-0.021428571428571425,-0.1464285714285714,0.007142857142857141
2013-11-07,0.007142857142857141,0.010714285714285713,-0.04285714285714285,-0.2571428571428571,-0.010714285714285713
2013-11-08,-0.30357142857142855,-0.10357142857142855,-0.3428571428571428,-0.4035714285714285,0.075
2013-11-11,-0.24285714285714283,-0.028571428571428564,-0.2571428571428571,-0.20357142857142854,0.039285714285714285
2013-11-12,-0.13928571428571426,-0.21428571428571427,-0.2714285714285714,-0.33571428571428563,0.06428571428571428
2013-11-13,-0.2642857142857143,-0.15,-0.28571428571428564,-0.35,0.05714285714285713
2013-11-14,-0.28571428571428564,-0.09999999999999999,-0.28571428571428564,-0.24285714285714283,0.12857142857142856
2013-11-15,-0.23928571428571427,0.12857142857142856,-0.13928571428571426,-0.06785714285714285,0.035714285714285705
2013-11-18,-0.3142857142857143,0.36428571428571427,-0.1464285714285714,0.06785714285714285,-0.028571428571428564
2013-11-19,-0.3321428571428571,0.3214285714285714,-0.017857142857142853,0.08214285714285713,-0.039285714285714285
2013-11-20,-0.4142857142857142,0.38214285714285706,-0.11071428571428568,0.021428571428571425,-0.41785714285714276
2013-11-21,-0.5357142857142856,0.08214285714285713,-0.42142857142857143,-0.2928571428571428,-0.4357142857142856
2013-11-22,-0.46373626373626364,0.1076923076923077,-0.15164835164835166,-0.12087912087912088,-0.49890109890109896
2013-11-25,-0.5824175824175825,-0.1252747252747253,-0.37142857142857144,-0.2,-0.432967032967033
2013-11-26,-0.5054945054945055,-0.0879120879120879,-0.3021978021978022,-0.09890109890109891,-0.5164835164835164
2013-11-27,-0.5989010989010989,-0.13186813186813187,-0.4450549450549451,-0.26373626373626374,-0.4945054945054945
2013-11-28,-0.2582417582417582,0.26373626373626374,-0.09890109890109891,0.0934065934065934,0.03846153846153846
2013-11-29,-0.18131868131868134,0.09890109890109891,-0.07692307692307691,-0.027472527472527472,0.04395604395604395
2013-12-02,-0.16923076923076924,0.5208791208791209,0.21318681318681318,0.2527472527472528,-0.09010989010989012
2013-12-03,-0.24395604395604395,0.3054945054945055,-0.015384615384615385,0.14285714285714285,-0.221978021978022
2013-12-04,-0.4241758241758242,0.3318681318681319,-0.16483516483516483,0.12967032967032965,-0.4197802197802198
2013-12-05,-0.23928571428571427,0.41785714285714276,0.0964285714285714,0.15714285714285714,-0.10714285714285714
2013-12-06,-0.1714285714285714,0.25357142857142856,0.14285714285714282,0.06428571428571428,-0.09285714285714285
2013-12-09,-0.11785714285714284,0.18214285714285713,0.07142857142857141,0.0,-0.06785714285714285
2013-12-10,-0.0035714285714285704,0.13928571428571426,0.1714285714285714,0.035714285714285705,-0.0964285714285714
2013-12-11,0.028571428571428564,0.13214285714285715,0.1357142857142857,-0.08928571428571427,-0.18214285714285713
2013-12-12,0.021428571428571425,0.17857142857142855,0.19999999999999998,0.028571428571428564,-0.1928571428571428
2013-12-13,0.1464285714285714,0.1607142857142857,0.1714285714285714,-0.021428571428571425,-0.1607142857142857
2013-12-16,-0.010714285714285713,0.05714285714285713,0.075,-0.0964285714285714,-0.11785714285714284
2013-12-17,0.021428571428571425,0.36785714285714277,0.175,0.12142857142857141,-0.15
2013-12-18,0.017857142857142853,0.3,0.15,-0.024999999999999998,-0.3
2013-12-19,0.0857142857142857,0.4642857142857142,0.42857142857142855,0.2821428571428571,-0.017857142857142853
2013-12-20,0.1384615384615385,0.2043956043956044,0.2967032967032967,-0.002197802197802198,-0.27472527472527475
2013-12-23,0.3516483516483516,0.32967032967032966,0.4340659340659341,0.2087912087912088,-0.2857142857142857
2013-12-24,0.12967032967032965,0.389010989010989,0.38461538461538464,0.2087912087912088,-0.1164835164835165
2013-12-25,0.2642857142857143,0.4464285714285714,0.5499999999999999,0.21428571428571427,-0.07142857142857141
2013-12-26,0.24642857142857136,0.33928571428571425,0.47142857142857136,0.09285714285714285,-0.13214285714285715
2013-12-27,0.3607142857142856,0.6464285714285712,0.6392857142857141,0.4642857142857142,0.0035714285714285704
2013-12-30,0.3607142857142856,0.2642857142857143,0.4142857142857142,0.175,-0.2571428571428571
2013-12-31,0.21071428571428572,0.3178571428571428,0.35,0.2285714285714285,-0.33928571428571425
2014-01-02,0.15,0.3428571428571428,0.21428571428571427,0.2607142857142857,-0.4642857142857142
2014-01-03,-0.1357142857142857,0.3714285714285714,0.11785714285714284,0.10357142857142855,-0.3928571428571428
2014-01-06,-0.18928571428571428,0.3428571428571428,0.10714285714285714,-0.049999999999999996,-0.6142857142857142
2014-01-07,-0.20357142857142854,0.22142857142857136,0.11071428571428568,-0.11071428571428568,-0.6642857142857141
2014-01-08,-0.3214285714285714,0.2785714285714285,-0.028571428571428564,-0.16785714285714282,-0.5285714285714286
2014-01-09,-0.11785714285714284,0.28571428571428564,0.07142857142857141,0.007142857142857141,-0.7535714285714286
2014-01-10,-0.04285714285714285,0.22142857142857136,0.07857142857142857,0.05714285714285713,-0.7535714285714286
2014-01-13,-0.06071428571428571,0.1964285714285714,0.125,-0.06785714285714285,-0.7321428571428571
2014-01-14,-0.2928571428571428,0.13928571428571426,-0.010714285714285713,-0.1857142857142857,-0.6785714285714285
2014-01-15,-0.175,0.007142857142857141,0.007142857142857141,-0.13214285714285715,-0.6142857142857142
2014-01-16,-0.3607142857142856,0.11071428571428568,-0.06785714285714285,-0.007142857142857141,-0.557142857142857
2014-01-17,-0.2178571428571428,0.20357142857142854,0.028571428571428564,0.07857142857142857,-0.4928571428571427
2014-01-20,-0.2285714285714285,0.5607142857142856,0.28928571428571426,0.28571428571428564,-0.37857142857142856
2014-01-21,0.010714285714285713,0.3214285714285714,0.3214285714285714,0.2678571428571428,-0.42142857142857143
2014-01-22,0.0035714285714285704,0.34642857142857136,0.475,0.3928571428571428,-0.24285714285714283
2014-01-23,-0.05714285714285713,0.09999999999999999,0.27499999999999997,0.28571428571428564,-0.1964285714285714
2014-01-24,-0.11071428571428568,0.25357142857142856,0.2607142857142857,0.34642857142857136,-0.0857142857142857
2014-01-27,-0.13214285714285715,0.18214285714285713,0.2285714285714285,0.15357142857142855,-0.5357142857142856
2014-01-28,-0.2071428571428571,0.17857142857142855,0.23571428571428568,0.16428571428571426,-0.6
2014-01-29,-0.24285714285714283,0.06785714285714285,0.10714285714285714,0.021428571428571425,-0.5428571428571428
2014-01-30,-0.23571428571428568,0.25,0.18928571428571428,0.08214285714285713,-0.4142857142857142
2014-02-07,-0.09285714285714285,0.19999999999999998,0.30357142857142855,0.175,-0.25357142857142856
2014-02-10,0.15714285714285714,0.2964285714285714,0.36428571428571427,0.2928571428571428,-0.010714285714285713
2014-02-11,0.2071428571428571,0.1464285714285714,0.47857142857142854,0.4392857142857142,0.1857142857142857
2014-02-12,0.13214285714285715,0.1464285714285714,0.34642857142857136,0.3214285714285714,0.07142857142857141
2014-02-13,0.21071428571428572,0.2321428571428571,0.36428571428571427,0.3,0.175
2014-02-14,0.1464285714285714,0.035714285714285705,0.13214285714285715,0.12142857142857141,0.10357142857142855
2014-02-17,0.125,0.039285714285714285,0.20357142857142854,0.1464285714285714,0.04642857142857142
2014-02-18,0.2785714285714285,0.15357142857142855,0.3607142857142856,0.37499999999999994,0.2071428571428571
2014-02-19,0.2785714285714285,0.2178571428571428,0.44999999999999996,0.4357142857142856,0.2642857142857143
2014-02-20,0.3142857142857143,0.15,0.30357142857142855,0.33928571428571425,0.1857142857142857
2014-02-21,0.3285714285714285,0.1464285714285714,0.3285714285714285,0.2714285714285714,0.24642857142857136
2014-02-24,0.5178571428571428,0.11785714285714284,0.4392857142857142,0.42857142857142855,0.28571428571428564
2014-02-25,0.4035714285714285,-0.014285714285714282,0.23928571428571427,0.19999999999999998,0.24642857142857136
2014-02-26,0.2785714285714285,-0.0035714285714285704,0.20357142857142854,0.2678571428571428,0.37499999999999994
2014-02-27,0.2285714285714285,-0.010714285714285713,0.1928571428571428,0.17857142857142855,0.33928571428571425
2014-02-28,0.5178571428571428,-0.11071428571428568,0.3321428571428571,0.3214285714285714,0.6249999999999999
2014-03-03,0.4678571428571427,-0.04642857142857142,0.3107142857142856,0.3607142857142856,0.7107142857142856
2014-03-04,0.5,-0.2642857142857143,0.11428571428571425,0.12142857142857141,0.7
2014-03-05,0.3607142857142856,0.028571428571428564,0.23928571428571427,0.47142857142857136,0.7642857142857141
2014-03-06,0.38214285714285706,-0.27499999999999997,0.1857142857142857,0.2821428571428571,0.7535714285714286
2014-03-07,0.35,-0.09999999999999999,0.2178571428571428,0.27499999999999997,0.7464285714285712
2014-03-10,0.39999999999999997,-0.22142857142857136,0.1714285714285714,0.12857142857142856,0.6428571428571428
2014-03-11,0.2071428571428571,-0.125,0.2785714285714285,0.21071428571428572,0.5249999999999999
2014-03-12,0.19999999999999998,-0.0035714285714285704,0.2321428571428571,0.23928571428571427,0.4642857142857142
2014-03-13,0.06428571428571428,-0.1964285714285714,0.05357142857142857,0.09285714285714285,0.4071428571428571
2014-03-14,0.13214285714285715,-0.09285714285714285,0.1607142857142857,0.12142857142857141,0.21428571428571427
2014-03-17,0.37499999999999994,-0.04285714285714285,0.33571428571428563,0.19999999999999998,0.33571428571428563
2014-03-18,0.4535714285714285,-0.3071428571428571,0.1857142857142857,-0.035714285714285705,0.08928571428571427
2014-03-19,0.38214285714285706,-0.2571428571428571,0.18214285714285713,-0.08214285714285713,0.16428571428571426
2014-03-20,0.42499999999999993,-0.34642857142857136,0.10714285714285714,-0.24285714285714283,-0.03214285714285714
2014-03-21,0.4071428571428571,-0.16785714285714282,0.18214285714285713,-0.13214285714285715,0.18928571428571428
2014-03-24,0.42142857142857143,-0.13214285714285715,0.16785714285714282,-0.23928571428571427,0.035714285714285705
2014-03-25,0.3714285714285714,-0.36785714285714277,0.125,-0.22142857142857136,-0.04285714285714285
2014-03-26,0.4142857142857142,-0.12142857142857141,0.3178571428571428,0.08214285714285713,0.2285714285714285
2014-03-27,0.4142857142857142,-0.18214285714285713,0.17857142857142855,-0.075,0.1607142857142857
2014-03-28,0.32499999999999996,-0.175,0.06785714285714285,-0.1714285714285714,0.10357142857142855
2014-03-31,0.2703296703296703,-0.410989010989011,-0.0857142857142857,-0.3406593406593406,-0.08131868131868132
2014-04-01,0.01098901098901099,-0.1912087912087912,-0.08131868131868132,-0.2571428571428571,-0.1252747252747253
2014-04-02,-0.06813186813186813,0.2351648351648352,-0.006593406593406593,0.032967032967032975,-0.02417582417582418
2014-04-03,0.16785714285714282,0.039285714285714285,-0.049999999999999996,-0.2071428571428571,-0.25
2014-04-04,0.36785714285714277,0.08928571428571427,0.25,-0.028571428571428564,-0.11071428571428568
2014-04-08,0.21428571428571427,0.075,0.06071428571428571,-0.1357142857142857,-0.21071428571428572
2014-04-09,0.475,-0.06428571428571428,0.25,-0.07857142857142857,0.15714285714285714
2014-04-10,0.42499999999999993,-0.15714285714285714,0.22499999999999998,-0.1464285714285714,-0.175
2014-04-11,0.475,-0.14285714285714282,0.2785714285714285,-0.03214285714285714,-0.04642857142857142
2014-04-14,0.4392857142857142,-0.04642857142857142,0.2928571428571428,-0.05357142857142857,0.035714285714285705
2014-04-15,0.3,-0.04642857142857142,0.16428571428571426,0.03214285714285714,0.1714285714285714
2014-04-16,0.27499999999999997,-0.15,0.08928571428571427,-0.16785714285714282,0.14285714285714282
2014-04-17,0.2821428571428571,-0.07142857142857141,0.11428571428571425,-0.0857142857142857,0.23928571428571427
2014-04-18,0.41785714285714276,-0.23928571428571427,0.16428571428571426,-0.1857142857142857,0.14285714285714282
2014-04-21,0.42857142857142855,-0.22142857142857136,0.13214285714285715,-0.34642857142857136,0.09285714285714285
2014-04-22,0.44999999999999996,0.0,0.28571428571428564,-0.0964285714285714,0.04642857142857142
2014-04-23,0.2642857142857143,-0.12142857142857141,0.06785714285714285,-0.3107142857142856,-0.1464285714285714
2014-04-24,0.175,-0.1928571428571428,0.017857142857142853,-0.3857142857142856,-0.2964285714285714
2014-04-25,0.28928571428571426,-0.021428571428571425,0.42499999999999993,-0.0964285714285714,-0.1928571428571428
2014-04-28,-0.075,0.11428571428571425,0.2071428571428571,-0.10714285714285714,-0.48571428571428565
2014-04-29,-0.12857142857142856,-0.007142857142857141,0.08214285714285713,-0.175,-0.21071428571428572
2014-04-30,-0.028571428571428564,-0.1357142857142857,-0.035714285714285705,-0.2285714285714285,-0.24285714285714283
2014-05-05,0.07857142857142857,-0.20357142857142854,-0.007142857142857141,-0.15357142857142855,-0.13928571428571426
2014-05-06,0.006593406593406593,-0.11208791208791209,-0.032967032967032975,0.12967032967032965,-0.14285714285714285
2014-05-07,-0.16043956043956045,-0.0945054945054945,-0.15604395604395604,0.07692307692307693,-0.0857142857142857
2014-05-08,-0.04615384615384615,0.08131868131868132,0.06813186813186813,0.2571428571428571,0.0945054945054945
2014-05-09,-0.6307692307692307,0.2351648351648352,-0.1384615384615385,0.13406593406593406,-0.389010989010989
2014-05-12,-0.6318681318681317,0.3681318681318681,-0.049450549450549455,0.16483516483516483,-0.2582417582417582
2014-05-13,-0.5604395604395606,0.2802197802197803,-0.08241758241758242,0.08241758241758242,-0.5274725274725275
2014-05-14,-0.0989010989010989,0.5120879120879122,0.4153846153846154,0.3626373626373627,-0.3626373626373627
2014-05-15,-0.15357142857142855,0.3857142857142856,0.2785714285714285,0.15357142857142855,-0.22142857142857136
2014-05-16,-0.075,0.1964285714285714,0.18928571428571428,0.010714285714285713,-0.27499999999999997
2014-05-19,0.0,0.14285714285714282,0.3142857142857143,-0.34642857142857136,-0.4071428571428571
2014-05-20,-0.05714285714285713,0.2607142857142857,0.2714285714285714,-0.3214285714285714,-0.4964285714285714
2014-05-21,-0.08928571428571427,0.125,0.0857142857142857,-0.5,-0.5357142857142856
2014-05-22,-0.024999999999999998,-0.024999999999999998,0.03214285714285714,-0.46071428571428563,-0.5607142857142856
2014-05-23,-0.06785714285714285,0.03214285714285714,0.12857142857142856,-0.3928571428571428,-0.682142857142857
2014-05-26,0.12142857142857141,-0.04642857142857142,0.15,-0.34642857142857136,-0.5499999999999999
2014-05-27,0.039285714285714285,0.14285714285714282,0.4071428571428571,-0.3321428571428571,-0.7571428571428571
2014-05-28,-0.017857142857142853,0.10714285714285714,0.2678571428571428,-0.27499999999999997,-0.6071428571428571
2014-05-29,0.03214285714285714,0.35357142857142854,0.4071428571428571,0.11071428571428568,-0.46071428571428563
2014-05-30,0.024999999999999998,0.5107142857142856,0.5214285714285714,0.21428571428571427,-0.3
2014-06-03,-0.028571428571428564,0.37857142857142856,0.4464285714285714,0.039285714285714285,-0.5285714285714286
2014-06-04,0.024999999999999998,0.3071428571428571,0.3714285714285714,0.08214285714285713,-0.48571428571428565
2014-06-05,-0.049999999999999996,0.28928571428571426,0.38214285714285706,0.15714285714285714,-0.6107142857142855
2014-06-06,0.0035714285714285704,0.47142857142857136,0.575,0.2321428571428571,-0.5821428571428571
2014-06-09,-0.03214285714285714,0.4071428571428571,0.4642857142857142,0.20357142857142854,-0.6357142857142856
2014-06-10,0.1076923076923077,0.5648351648351648,0.5428571428571429,0.43736263736263736,-0.5604395604395604
2014-06-11,-0.02417582417582418,0.6087912087912088,0.4769230769230769,0.2175824175824176,-0.6043956043956044
2014-06-12,-0.1076923076923077,0.7010989010989012,0.5824175824175825,0.3538461538461538,-0.5384615384615385
2014-06-13,-0.0989010989010989,0.6967032967032967,0.4813186813186813,0.47252747252747257,-0.2527472527472528
2014-06-16,-0.5,0.39560439560439564,-0.1043956043956044,0.30769230769230765,-0.2857142857142857
2014-06-17,-0.2747252747252747,0.4945054945054945,0.20329670329670327,0.5274725274725275,-0.0934065934065934
2014-06-18,-0.13186813186813187,0.4175824175824176,0.19780219780219782,0.6978021978021978,0.2802197802197803
2014-06-19,-0.30769230769230765,0.46153846153846156,0.14285714285714285,0.5714285714285714,-0.010989010989010988
2014-06-20,-0.2692307692307692,0.521978021978022,0.08241758241758242,0.6703296703296703,0.20329670329670327
2014-06-23,-0.055944055944055944,0.6013986013986015,0.37762237762237766,0.7762237762237763,0.5034965034965035
2014-06-24,-0.2802197802197803,0.22527472527472525,-0.07142857142857142,0.4175824175824176,0.15934065934065936
2014-06-25,-0.3636363636363637,-0.027972027972027972,-0.20979020979020982,0.18181818181818185,-0.013986013986013986
2014-06-26,0.2657342657342658,0.3216783216783217,0.4125874125874127,0.5804195804195805,0.6363636363636365
2014-06-27,0.18881118881118883,0.06993006993006995,0.14685314685314685,0.43356643356643365,0.5034965034965035
2014-06-30,0.31468531468531474,0.11188811188811189,0.3076923076923077,0.37762237762237766,0.5944055944055945
2014-07-01,0.2027972027972028,-0.06293706293706294,0.18181818181818185,0.2797202797202798,0.39860139860139865
2014-07-02,-0.013986013986013986,-0.1958041958041958,-0.2377622377622378,-0.06293706293706294,0.04195804195804196
2014-07-03,0.1188811188811189,0.08391608391608392,0.16783216783216784,0.2797202797202798,0.3076923076923077
2014-07-04,0.3636363636363637,-0.11188811188811189,-0.006993006993006993,0.1958041958041958,0.5244755244755246
2014-07-07,0.4725274725274725,0.08241758241758242,0.21428571428571427,0.30769230769230765,0.5164835164835164
2014-07-08,0.5,0.13186813186813187,0.2692307692307692,0.38461538461538464,0.46703296703296704
2014-07-09,0.5549450549450549,0.1868131868131868,0.32967032967032966,0.4945054945054945,0.6593406593406593
2014-07-10,0.532967032967033,0.18131868131868134,0.3131868131868132,0.4835164835164835,0.7032967032967032
2014-07-11,0.21428571428571427,0.054945054945054944,0.12637362637362637,0.3021978021978022,0.3626373626373627
2014-07-14,0.06043956043956044,-0.21428571428571427,-0.049450549450549455,0.1758241758241758,0.42857142857142855
2014-07-15,-0.07692307692307693,-0.389010989010989,-0.3362637362637363,-0.07692307692307693,0.26153846153846155
2014-07-16,-0.21318681318681318,-0.002197802197802198,-0.26593406593406593,-0.04615384615384615,0.09010989010989012
2014-07-17,-0.5428571428571429,-0.12087912087912088,-0.4241758241758242,-0.12967032967032965,-0.16483516483516483
2014-07-18,-0.27472527472527475,-0.1912087912087912,-0.44175824175824174,0.006593406593406593,0.02857142857142857
2014-07-21,-0.06373626373626373,-0.2571428571428571,-0.26593406593406593,-0.0989010989010989,0.05054945054945055
2014-07-22,-0.1076923076923077,0.09010989010989012,-0.14285714285714285,0.21318681318681318,0.16923076923076924
2014-07-23,-0.14725274725274726,-0.06373626373626373,-0.09010989010989012,0.09010989010989012,-0.04175824175824176
2014-07-24,-0.2087912087912088,0.22637362637362637,0.04615384615384615,0.1384615384615385,-0.1164835164835165
2014-07-25,-0.1252747252747253,0.14725274725274726,-0.006593406593406593,0.1252747252747253,-0.3010989010989011
2014-07-28,-0.0857142857142857,0.37142857142857144,0.1252747252747253,0.4241758241758242,0.13406593406593406
2014-07-29,-0.23076923076923075,-0.13406593406593406,-0.15164835164835166,-0.054945054945054944,-0.22637362637362637
2014-07-30,0.059340659340659345,0.13406593406593406,0.07252747252747253,0.0989010989010989,-0.032967032967032975
2014-07-31,0.08131868131868132,0.2967032967032967,0.22637362637362637,0.2043956043956044,-0.05054945054945055
2014-08-01,0.3318681318681319,0.5824175824175825,0.5824175824175825,0.3802197802197802,0.1076923076923077
2014-08-04,0.14285714285714285,0.3010989010989011,0.2967032967032967,0.2043956043956044,0.01098901098901099
2014-08-05,0.06373626373626373,0.4945054945054946,0.24835164835164836,0.26593406593406593,-0.11208791208791209
2014-08-06,-0.08131868131868132,0.7274725274725276,0.35824175824175825,0.5868131868131868,0.006593406593406593
2014-08-07,-0.16043956043956045,0.43736263736263736,0.2571428571428571,0.3142857142857143,-0.46373626373626364
2014-08-08,-0.015384615384615385,0.006593406593406593,-0.01978021978021978,-0.14725274725274726,-0.410989010989011
2014-08-11,-0.09010989010989012,0.14285714285714285,0.06373626373626373,-0.015384615384615385,-0.5912087912087912
2014-08-12,-0.221978021978022,0.389010989010989,0.13406593406593406,0.07692307692307693,-0.6307692307692307
2014-08-13,-0.27912087912087913,0.3758241758241759,0.07252747252747253,0.04175824175824176,-0.6879120879120879
2014-08-14,-0.2175824175824176,0.3186813186813187,-0.01978021978021978,0.06813186813186813,-0.46373626373626364
2014-08-15,-0.23076923076923075,0.08131868131868132,-0.01978021978021978,-0.03736263736263736,-0.6175824175824175
2014-08-18,-0.07692307692307693,-0.02857142857142857,-0.06813186813186813,-0.0989010989010989,-0.26153846153846155
2014-08-19,-0.3318681318681319,-0.13406593406593406,-0.27472527472527475,-0.2087912087912088,-0.21318681318681318
2014-08-20,-0.3626373626373627,-0.08131868131868132,-0.2923076923076923,-0.23076923076923075,-0.38461538461538464
2014-08-21,-0.3010989010989011,-0.2175824175824176,-0.2967032967032967,-0.18681318681318684,-0.01978021978021978
2014-08-22,-0.24835164835164836,-0.2043956043956044,-0.1912087912087912,-0.2571428571428571,-0.15604395604395604
2014-08-25,-0.23076923076923075,-0.15604395604395604,-0.2087912087912088,-0.24835164835164836,-0.16043956043956045
2014-08-26,-0.1252747252747253,-0.07692307692307693,-0.09010989010989012,-0.14285714285714285,-0.2967032967032967
2014-08-27,-0.1164835164835165,-0.054945054945054944,-0.08131868131868132,-0.18681318681318684,-0.1164835164835165
2014-08-28,-0.07692307692307693,-0.07692307692307693,-0.09010989010989012,-0.26593406593406593,-0.01098901098901099
2014-08-29,0.006593406593406593,-0.13406593406593406,-0.0857142857142857,-0.015384615384615385,-0.09010989010989012
2014-09-01,-0.07252747252747253,-0.1384615384615385,-0.08131868131868132,0.17362637362637365,0.11208791208791209
2014-09-02,-0.14285714285714285,-0.0989010989010989,-0.01978021978021978,0.221978021978022,0.2571428571428571
2014-09-03,-0.1076923076923077,-0.1956043956043956,-0.13406593406593406,0.04615384615384615,0.11208791208791209
2014-09-04,-0.11208791208791209,-0.002197802197802198,-0.015384615384615385,0.23076923076923075,0.2879120879120879
2014-09-05,-0.01098901098901099,0.12087912087912088,0.06373626373626373,0.2087912087912088,0.410989010989011
2014-09-09,-0.006593406593406593,-0.1076923076923077,-0.01098901098901099,0.16923076923076924,0.07252747252747253
2014-09-10,0.0989010989010989,0.01978021978021978,0.14285714285714285,0.3406593406593406,0.23956043956043957
2014-09-11,0.09010989010989012,0.02857142857142857,0.16483516483516483,0.06373626373626373,0.3054945054945055
2014-09-12,0.11208791208791209,-0.1912087912087912,-0.06373626373626373,-0.054945054945054944,0.2087912087912088
2014-09-15,0.18681318681318684,-0.2879120879120879,0.15604395604395604,-0.07692307692307693,0.45054945054945056
2014-09-16,-0.02857142857142857,0.11208791208791209,0.22637362637362637,0.02857142857142857,0.4197802197802198
2014-09-17,0.059340659340659345,0.032967032967032975,0.16043956043956045,0.02857142857142857,0.3142857142857143
2014-09-18,0.39780219780219783,0.1912087912087912,0.3626373626373627,0.27472527472527475,0.2879120879120879
2014-09-19,0.3321428571428571,0.4142857142857142,0.48571428571428565,0.3928571428571428,0.3142857142857143
2014-09-22,0.2571428571428571,0.3714285714285714,0.35,0.5035714285714286,0.42499999999999993
2014-09-23,0.1964285714285714,0.1964285714285714,0.0964285714285714,0.175,0.48214285714285704
2014-09-24,-0.010714285714285713,0.10357142857142855,0.021428571428571425,0.08214285714285713,0.5285714285714286
2014-09-25,0.13214285714285715,0.05357142857142857,-0.049999999999999996,-0.08214285714285713,0.3142857142857143
2014-09-26,0.07142857142857141,-0.049999999999999996,-0.049999999999999996,-0.06071428571428571,0.3428571428571428
2014-09-29,-0.04285714285714285,-0.15,-0.1464285714285714,-0.13214285714285715,0.15714285714285714
2014-09-30,0.05357142857142857,-0.3928571428571428,-0.24285714285714283,-0.2642857142857143,0.10714285714285714
2014-10-08,0.04642857142857142,-0.37499999999999994,-0.2071428571428571,-0.24642857142857136,0.22142857142857136
2014-10-09,-0.035714285714285705,-0.457142857142857,-0.36785714285714277,-0.33928571428571425,0.06428571428571428
2014-10-10,0.2029411764705882,-0.0823529411764706,-0.0029411764705882353,-0.0058823529411764705,0.36764705882352944
2014-10-13,0.14411764705882352,-0.2352941176470588,-0.22941176470588234,-0.28823529411764703,0.2029411764705882
2014-10-14,-0.04285714285714285,-0.28571428571428564,-0.3178571428571428,-0.2821428571428571,0.1928571428571428
2014-10-15,-0.017857142857142853,-0.3214285714285714,-0.4357142857142856,-0.3714285714285714,0.27499999999999997
2014-10-16,0.0058823529411764705,-0.1647058823529412,-0.07058823529411765,-0.07352941176470588,0.2823529411764706
2014-10-17,0.01764705882352941,-0.5794117647058823,-0.4970588235294117,-0.4558823529411765,-0.0823529411764706
2014-10-20,-0.02058823529411765,-0.5088235294117647,-0.5441176470588236,-0.6676470588235294,-0.2588235294117647
2014-10-21,0.13529411764705881,-0.6470588235294118,-0.5970588235294118,-0.65,-0.15294117647058825
2014-10-22,0.2323529411764706,-0.4735294117647058,-0.36764705882352944,-0.4970588235294117,-0.16176470588235295
2014-10-23,0.34705882352941175,-0.6147058823529412,-0.44705882352941173,-0.5794117647058823,-0.19411764705882353
2014-10-24,0.34705882352941175,-0.43529411764705883,-0.2647058823529412,-0.35000000000000003,0.07647058823529412
2014-10-27,0.38235294117647056,-0.3029411764705882,-0.2441176470588235,-0.4058823529411764,0.07647058823529412
2014-10-28,0.3941176470588235,-0.5647058823529412,-0.21470588235294116,-0.411764705882353,-0.0029411764705882353
2014-10-29,0.4705882352941176,-0.4323529411764706,-0.014705882352941175,-0.13823529411764704,0.12941176470588234
2014-10-30,0.3852941176470588,-0.5205882352941177,-0.22647058823529412,-0.4264705882352941,0.05294117647058824
2014-10-31,0.2735294117647059,-0.5205882352941177,-0.34705882352941175,-0.4176470588235294,-0.11470588235294117
2014-11-03,0.2911764705882353,-0.4382352941176471,-0.3588235294117647,-0.4588235294117647,-0.3205882352941176
2014-11-04,0.21176470588235297,-0.15,-0.08529411764705883,-0.09117647058823529,0.12058823529411765
2014-11-05,0.35000000000000003,-0.07941176470588236,-0.11176470588235293,-0.02941176470588235,0.10294117647058824
2014-11-06,0.37058823529411766,-0.18823529411764706,0.03823529411764706,-0.09999999999999999,0.22352941176470587
2014-11-07,0.6176470588235293,-0.3,0.0029411764705882353,-0.09411764705882353,0.023529411764705882
2014-11-10,0.4323529411764706,-0.2764705882352941,-0.023529411764705882,-0.1411764705882353,0.27058823529411763
2014-11-11,0.27058823529411763,-0.5176470588235293,-0.2352941176470588,-0.22058823529411767,0.13823529411764704
2014-11-12,0.09411764705882353,-0.4205882352941176,-0.2029411764705882,-0.18823529411764706,0.09999999999999999
2014-11-13,0.12352941176470587,-0.4058823529411764,-0.12941176470588234,-0.15588235294117647,0.2088235294117647
2014-11-14,0.2647058823529412,-0.5147058823529412,-0.2647058823529412,-0.32647058823529407,0.0029411764705882353
2014-11-17,0.09117647058823529,-0.4323529411764706,-0.2764705882352941,-0.2088235294117647,0.09117647058823529
2014-11-18,0.1176470588235294,-0.3205882352941176,-0.2323529411764706,-0.16176470588235295,0.14705882352941177
2014-11-19,0.16764705882352943,-0.37941176470588234,-0.22941176470588234,-0.3029411764705882,-0.014705882352941175
2014-11-20,0.16176470588235295,-0.4382352941176471,-0.25,-0.31176470588235294,-0.03529411764705882
2014-11-21,0.09999999999999999,-0.31764705882352945,-0.17941176470588235,-0.17058823529411765,0.1764705882352941
2014-11-24,-0.08823529411764705,-0.37058823529411766,-0.3852941176470588,-0.21176470588235297,0.12058823529411765
2014-11-25,-0.06470588235294117,-0.23823529411764705,-0.13529411764705881,-0.1264705882352941,0.2823529411764706
2014-11-26,-0.07352941176470588,-0.3970588235294118,-0.38235294117647056,-0.2735294117647059,0.044117647058823525
2014-11-27,-0.0411764705882353,-0.3411764705882353,-0.2411764705882353,-0.1411764705882353,0.11176470588235293
2014-11-28,-0.2352941176470588,-0.25,-0.3235294117647059,-0.1323529411764706,0.21764705882352942
2014-12-01,-0.23823529411764705,-0.31176470588235294,-0.4705882352941176,-0.14411764705882352,0.01764705882352941
2014-12-02,-0.2607142857142857,-0.17857142857142855,-0.41785714285714276,-0.007142857142857141,0.1857142857142857
2014-12-03,-0.41785714285714276,-0.33571428571428563,-0.6071428571428571,-0.14285714285714282,-0.1464285714285714
2014-12-04,-0.41785714285714276,-0.5178571428571428,-0.7142857142857142,-0.36785714285714277,-0.08214285714285713
2014-12-05,-0.3928571428571428,-0.4964285714285714,-0.6892857142857142,-0.42142857142857143,-0.1857142857142857
2014-12-08,-0.41785714285714276,-0.4357142857142856,-0.682142857142857,-0.37499999999999994,-0.3428571428571428
2014-12-09,-0.11428571428571425,-0.27499999999999997,-0.41785714285714276,-0.19999999999999998,-0.1964285714285714
2014-12-10,-0.15357142857142855,-0.35357142857142854,-0.44999999999999996,-0.2285714285714285,-0.1964285714285714
2014-12-11,-0.35,-0.06785714285714285,-0.4392857142857142,0.021428571428571425,0.024999999999999998
2014-12-12,-0.36785714285714277,-0.1357142857142857,-0.4392857142857142,-0.05714285714285713,-0.010714285714285713
2014-12-15,-0.2529411764705882,-0.27941176470588236,-0.34705882352941175,-0.2352941176470588,0.008823529411764706
2014-12-16,-0.32598039215686275,-0.28921568627450983,-0.36274509803921573,-0.2843137254901961,-0.17401960784313728
2014-12-17,-0.303921568627451,-0.28186274509803927,-0.35539215686274517,-0.29656862745098045,-0.06127450980392158
2014-12-18,-0.22352941176470587,0.16176470588235295,0.10294117647058824,-0.014705882352941175,0.1176470588235294
2014-12-19,-0.008823529411764706,0.4558823529411765,0.3764705882352941,0.3,0.22647058823529412
2014-12-22,0.11176470588235293,0.4588235294117647,0.3382352941176471,0.3529411764705882,0.4205882352941176
2014-12-23,0.09999999999999999,0.4147058823529412,0.3,0.34705882352941175,0.4176470588235294
2014-12-24,-0.12352941176470587,0.1647058823529412,0.0058823529411764705,0.19117647058823528,0.36764705882352944
2014-12-25,-0.008823529411764706,0.2088235294117647,0.06176470588235294,0.14705882352941177,0.4558823529411765
2014-12-26,0.10294117647058824,0.36176470588235293,0.27058823529411763,0.3058823529411765,0.5029411764705883
2014-12-29,-0.04901960784313726,0.36764705882352944,0.12990196078431374,0.4093137254901961,0.607843137254902
2014-12-30,0.02696078431372549,0.5049019607843138,0.32843137254901966,0.5269607843137256,0.6446078431372549
2014-12-31,0.07598039215686275,0.4264705882352942,0.3774509803921569,0.42401960784313725,0.6887254901960785
2015-01-05,0.08333333333333334,0.6225490196078433,0.5000000000000001,0.6887254901960785,0.6446078431372549
2015-01-06,0.05147058823529412,0.5931372549019609,0.4068627450980392,0.6348039215686275,0.6225490196078433
2015-01-07,0.14460784313725492,0.5171568627450981,0.49509803921568635,0.4754901960784314,0.5294117647058825
2015-01-08,0.06501547987616099,0.5995872033023736,0.6305469556243549,0.6924664602683178,0.6284829721362228
2015-01-09,-0.052631578947368425,0.5314757481940144,0.5128998968008256,0.5686274509803922,0.5046439628482973
2015-01-12,0.0010319917440660476,0.5397316821465429,0.3766769865841073,0.4303405572755417,0.29205366357069146
2015-01-13,0.040247678018575844,0.42002063983488136,0.3973168214654283,0.3622291021671827,0.4901960784313726
2015-01-14,0.005159958720330237,0.4179566563467492,0.4055727554179567,0.25696594427244585,0.25902992776057787
2015-01-15,0.07120743034055728,0.413828689370485,0.43859649122807015,0.32714138286893707,0.3333333333333333
2015-01-16,0.1455108359133127,0.3003095975232198,0.3973168214654283,0.3333333333333333,0.3415892672858617
2015-01-19,0.027863777089783277,0.47781217750258,0.3973168214654283,0.4447884416924664,0.4901960784313726
2015-01-20,-0.17234262125902994,0.08771929824561403,0.01547987616099071,0.16615067079463364,0.283797729618163
2015-01-21,-0.06501547987616099,0.09597523219814243,0.025799793601651185,0.18059855521155832,0.24458204334365324
2015-01-22,0.021671826625386997,-0.04850361197110423,0.01547987616099071,-0.003095975232198142,0.20330237358101136
2015-01-23,0.08771929824561403,-0.10629514963880288,-0.017543859649122806,0.005159958720330237,0.34365325077399383
2015-01-26,-0.04437564499484004,-0.07533539731682146,-0.1867905056759546,-0.21775025799793604,0.017543859649122806
2015-01-27,-0.11661506707946334,-0.21775025799793604,-0.3312693498452013,-0.3560371517027864,-0.2528379772961816
2015-01-28,-0.12074303405572755,0.034055727554179564,-0.16615067079463364,-0.11248710010319916,0.021671826625386997
2015-01-29,0.013415892672858616,0.16615067079463364,0.17647058823529413,0.08771929824561403,0.21362229102167182
2015-01-30,0.08088235294117649,0.2524509803921569,0.14950980392156862,0.06862745098039216,0.058823529411764705
2015-02-02,0.056372549019607844,0.25000000000000006,0.11519607843137256,0.14705882352941177,0.02450980392156863
2015-02-03,0.13970588235294118,0.21568627450980393,0.13970588235294118,0.10049019607843139,-0.09313725490196079
2015-02-04,0.0,0.22794117647058826,0.019607843137254905,0.17892156862745098,0.03431372549019608
2015-02-05,-0.03431372549019608,0.31617647058823534,0.05147058823529412,0.24019607843137256,0.13480392156862747
2015-02-06,0.1936274509803922,0.38480392156862747,0.17401960784313728,0.2524509803921569,0.18137254901960786
2015-02-09,0.15294117647058825,0.4176470588235294,0.31176470588235294,0.4176470588235294,0.1764705882352941
2015-02-10,0.02058823529411765,0.15,-0.10882352941176471,0.19411764705882353,0.3
2015-02-11,0.25,0.3382352941176471,0.16764705882352943,0.2823529411764706,0.4676470588235294
2015-02-12,0.10882352941176471,0.4176470588235294,-0.02647058823529412,0.35000000000000003,0.42352941176470593
2015-02-13,0.2676470588235294,0.4323529411764706,0.2676470588235294,0.3558823529411765,0.4264705882352941
2015-02-16,0.37990196078431376,0.3382352941176471,0.34558823529411764,0.43627450980392163,0.33333333333333337
2015-02-17,0.2916666666666667,0.4558823529411765,0.26960784313725494,0.32352941176470595,0.09313725490196079
2015-02-25,0.20949432404540763,0.3106295149638803,0.23219814241486067,0.15583075335397317,0.021671826625386997
2015-02-26,0.0608875128998968,0.3126934984520124,0.23839009287925697,0.17853457172342618,-0.3126934984520124
2015-02-27,0.034055727554179564,0.27966976264189886,0.17027863777089783,0.11867905056759545,-0.27554179566563464
2015-03-02,0.09803921568627452,0.16666666666666669,0.058823529411764705,0.012254901960784315,-0.15686274509803924
2015-03-03,0.12745098039215688,0.2843137254901961,0.18137254901960786,0.19117647058823534,-0.17647058823529413
2015-03-04,0.2377450980392157,0.08578431372549021,0.1593137254901961,0.09803921568627452,0.02450980392156863
2015-03-05,0.35784313725490197,0.058823529411764705,0.1519607843137255,0.10294117647058824,0.11029411764705883
2015-03-06,0.4436274509803922,0.11519607843137256,0.27696078431372556,0.16911764705882354,0.2622549019607843
2015-03-09,0.286764705882353,0.19117647058823534,0.24019607843137256,0.3357843137254902,0.38480392156862747
2015-03-10,0.47058823529411764,-0.019607843137254905,0.1593137254901961,0.17401960784313728,0.18137254901960786
2015-03-11,0.2260061919504644,0.034055727554179564,0.08152734778121776,0.12487100103199174,-0.003095975232198142
2015-03-12,0.02696078431372549,0.16666666666666669,0.04901960784313726,0.2132352941176471,-0.10294117647058824
2015-03-13,-0.18137254901960786,0.26470588235294124,0.07843137254901962,0.25490196078431376,-0.04166666666666667
2015-03-16,-0.02450980392156863,0.2034313725490196,0.04656862745098039,0.23529411764705882,0.15686274509803924
2015-03-17,-0.2916666666666667,0.286764705882353,-0.03431372549019608,0.18627450980392157,0.19117647058823534
2015-03-18,-0.17647058823529413,0.21078431372549022,-0.056372549019607844,0.22303921568627455,-0.03921568627450981
2015-03-19,-0.31127450980392163,-0.004901960784313726,-0.2720588235294118,0.03186274509803922,-0.04411764705882353
2015-03-20,-0.11470588235294117,0.22352941176470587,0.023529411764705882,0.2352941176470588,0.23823529411764705
2015-03-23,-0.19999999999999998,0.25357142857142856,0.021428571428571425,0.16785714285714282,0.1607142857142857
2015-03-24,-0.07857142857142857,-0.017857142857142853,-0.08928571428571427,-0.04285714285714285,0.15714285714285714
2015-03-25,-0.12352941176470587,0.2588235294117647,0.17941176470588235,0.3911764705882353,0.21470588235294116
2015-03-26,-0.02941176470588235,0.42352941176470593,0.2352941176470588,0.32647058823529407,0.18235294117647058
2015-03-27,-0.0058823529411764705,0.21470588235294116,0.1764705882352941,0.19117647058823528,-0.1323529411764706
2015-03-30,0.13928571428571426,0.30357142857142855,0.23571428571428568,0.3714285714285714,-0.15
2015-03-31,0.12142857142857141,0.2571428571428571,0.22499999999999998,0.4964285714285714,-0.021428571428571425
2015-04-01,0.08214285714285713,0.18214285714285713,0.22499999999999998,0.36785714285714277,-0.175
2015-04-02,0.07142857142857141,0.05357142857142857,0.11428571428571425,0.3214285714285714,-0.1357142857142857
2015-04-03,-0.06785714285714285,0.12857142857142856,0.04285714285714285,0.2178571428571428,-0.20357142857142854
2015-04-07,-0.07142857142857141,0.175,0.21428571428571427,0.2071428571428571,-0.10714285714285714
2015-04-08,0.07941176470588236,0.0411764705882353,0.06764705882352941,0.15588235294117647,0.07941176470588236
2015-04-09,0.39999999999999997,0.010714285714285713,0.37857142857142856,0.1464285714285714,0.08214285714285713
2015-04-10,0.47142857142857136,0.07857142857142857,0.2928571428571428,0.2821428571428571,0.15357142857142855
2015-04-13,0.4464285714285714,0.05714285714285713,0.4035714285714285,0.175,0.22142857142857136
2015-04-14,0.42499999999999993,0.1928571428571428,0.3714285714285714,0.3142857142857143,0.12142857142857141
2015-04-15,0.35824175824175825,0.3142857142857143,0.39780219780219783,0.410989010989011,0.02417582417582418
2015-04-16,0.43736263736263736,0.22637362637362637,0.5384615384615385,0.3186813186813187,-0.032967032967032975
2015-04-17,0.3010989010989011,0.4593406593406593,0.5340659340659341,0.5340659340659341,-0.06373626373626373
2015-04-20,0.08131868131868132,0.6263736263736264,0.5780219780219781,0.5560439560439561,0.05054945054945055
2015-04-21,0.14725274725274726,0.5516483516483517,0.4461538461538462,0.4945054945054946,-0.1912087912087912
2015-04-22,0.05054945054945055,0.7230769230769231,0.39780219780219783,0.7098901098901099,0.08131868131868132
2015-04-23,0.04175824175824176,0.7758241758241758,0.47252747252747257,0.7230769230769231,-0.02857142857142857
2015-04-24,0.07692307692307691,0.6318681318681317,0.4505494505494505,0.6428571428571429,-0.20329670329670327
2015-04-27,0.0934065934065934,0.6483516483516483,0.43956043956043955,0.5549450549450549,-0.21978021978021978
2015-04-28,0.1164835164835165,0.7318681318681319,0.5208791208791209,0.6439560439560439,0.12967032967032965
2015-04-29,0.14285714285714282,0.5392857142857141,0.5678571428571427,0.475,0.028571428571428564
2015-04-30,0.11428571428571425,0.6464285714285712,0.48214285714285704,0.5285714285714286,0.0
2015-05-04,0.125,0.6642857142857141,0.5428571428571428,0.48214285714285704,0.15714285714285714
2015-05-05,0.05357142857142857,0.42142857142857143,0.3428571428571428,0.23928571428571427,-0.039285714285714285
2015-05-06,-0.007142857142857141,0.14285714285714282,0.12142857142857141,0.06785714285714285,-0.24285714285714283
2015-05-07,-0.007142857142857141,0.125,0.22499999999999998,0.11071428571428568,-0.28928571428571426
2015-05-08,-0.0857142857142857,0.25,0.3178571428571428,0.175,-0.2285714285714285
2015-05-11,-0.04642857142857142,0.1857142857142857,0.22499999999999998,0.0964285714285714,-0.18928571428571428
2015-05-12,0.04285714285714285,0.36428571428571427,0.33571428571428563,0.4964285714285714,0.1464285714285714
2015-05-13,0.07647058823529412,0.22352941176470587,0.16764705882352943,0.19411764705882353,-0.11176470588235293
2015-05-14,-0.0058823529411764705,0.3529411764705882,0.34705882352941175,0.31176470588235294,0.22058823529411767
2015-05-15,-0.09411764705882353,0.25,0.19999999999999998,0.23823529411764705,0.16764705882352943
2015-05-18,0.16176470588235295,0.28823529411764703,0.40294117647058825,0.3147058823529411,0.4382352941176471
2015-05-19,-0.017857142857142853,0.0,0.15714285714285714,0.12857142857142856,0.13214285714285715
2015-05-20,-0.11176470588235293,-0.014705882352941175,-0.12352941176470587,0.14411764705882352,0.19117647058823528
2015-05-21,-0.047058823529411764,-0.16764705882352943,-0.14705882352941177,0.06470588235294117,0.17352941176470588
2015-05-22,0.01764705882352941,-0.11470588235294117,-0.12352941176470587,0.055882352941176466,0.12941176470588234
2015-05-25,0.0857142857142857,-0.059340659340659345,-0.006593406593406593,0.02857142857142857,0.26153846153846155
2015-05-26,0.0035714285714285704,-0.125,-0.125,0.014285714285714282,0.21428571428571427
2015-05-27,0.3071428571428571,-0.5535714285714285,-0.11071428571428568,-0.4428571428571427,0.21071428571428572
2015-05-28,0.31764705882352945,-0.55,-0.05294117647058824,-0.38235294117647056,0.28529411764705886
2015-05-29,0.3029411764705882,-0.07058823529411765,0.07941176470588236,0.15588235294117647,0.4558823529411765
2015-06-01,0.39999999999999997,-0.28529411764705886,0.09705882352941177,0.0029411764705882353,0.5117647058823529
2015-06-02,0.3941176470588235,-0.34705882352941175,0.07647058823529412,-0.032352941176470584,0.3911764705882353
2015-06-03,0.3911764705882353,-0.2323529411764706,0.19705882352941176,-0.11470588235294117,0.4705882352941176
2015-06-04,0.15882352941176472,0.1264705882352941,0.2058823529411765,0.07352941176470588,0.17058823529411765
2015-06-05,0.2676470588235294,0.12058823529411765,0.2676470588235294,0.044117647058823525,0.03529411764705882
2015-06-08,0.1411764705882353,0.06470588235294117,0.0411764705882353,-0.12058823529411765,-0.08529411764705883
2015-06-09,0.0823529411764706,0.055882352941176466,0.047058823529411764,-0.2029411764705882,-0.10294117647058824
2015-06-10,0.2088235294117647,0.02941176470588235,0.15294117647058825,-0.02058823529411765,-0.044117647058823525
2015-06-11,0.3529411764705882,-0.0411764705882353,0.1647058823529412,-0.06176470588235294,-0.047058823529411764
2015-06-12,0.29411764705882354,-0.09068627450980393,0.16176470588235298,-0.06617647058823531,-0.04411764705882353
2015-06-15,0.1936274509803922,0.014705882352941176,0.16176470588235298,0.07843137254901962,-0.10539215686274511
2015-06-16,-0.002450980392156863,0.1519607843137255,0.022058823529411766,0.16911764705882354,-0.10294117647058824
2015-06-17,0.09803921568627452,0.13970588235294118,0.02696078431372549,0.11274509803921569,-0.1519607843137255
2015-06-18,0.09803921568627452,0.21568627450980393,0.07598039215686275,0.11764705882352941,-0.2573529411764706
2015-06-19,-0.04166666666666667,0.10784313725490197,0.04656862745098039,0.09068627450980393,-0.2622549019607843
2015-06-23,0.18382352941176472,-0.06372549019607844,0.06372549019607844,0.0,-0.5245098039215687
2015-06-24,0.16176470588235298,-0.12990196078431374,-0.004901960784313726,-0.04166666666666667,-0.44852941176470595
2015-06-25,0.01764705882352941,-0.2029411764705882,-0.09117647058823529,-0.07941176470588236,-0.4588235294117647
2015-06-26,0.02647058823529412,-0.2058823529411765,-0.14411764705882352,-0.2058823529411765,-0.21764705882352942
2015-06-29,0.12352941176470587,0.2352941176470588,0.19705882352941176,0.19999999999999998,-0.18529411764705883
2015-06-30,-0.12857142857142856,0.0964285714285714,-0.06071428571428571,0.014285714285714282,-0.4964285714285714
2015-07-01,-0.024999999999999998,0.03214285714285714,-0.014285714285714282,0.125,-0.42499999999999993
2015-07-02,0.15357142857142855,0.175,0.25357142857142856,0.3107142857142856,-0.19999999999999998
2015-07-03,0.1928571428571428,0.175,0.15714285714285714,0.37499999999999994,-0.1607142857142857
2015-07-06,-0.14725274725274726,0.2527472527472528,-0.02857142857142857,0.4153846153846154,0.05054945054945055
2015-07-07,-0.5104895104895105,0.4125874125874127,-0.17482517482517487,0.5594405594405596,-0.02097902097902098
2015-07-08,-0.4666666666666666,0.3939393939393939,-0.18787878787878787,0.709090909090909,-0.01818181818181818
2015-07-09,,,,,
2015-07-10,,,,,
2015-07-13,0.06993006993006995,0.16783216783216784,0.02097902097902098,0.30069930069930073,-0.006993006993006993
2015-07-14,0.017857142857142853,-0.06071428571428571,-0.017857142857142853,0.09999999999999999,0.25357142857142856
2015-07-15,0.125,0.14285714285714282,0.05357142857142857,0.2714285714285714,0.35
2015-07-16,0.3178571428571428,-0.06428571428571428,0.15,0.09285714285714285,0.1857142857142857
2015-07-17,0.3142857142857143,-0.014285714285714282,0.1928571428571428,0.06428571428571428,0.10357142857142855
2015-07-20,0.2785714285714285,0.039285714285714285,0.15357142857142855,0.08928571428571427,0.14285714285714282
2015-07-21,0.2928571428571428,-0.04285714285714285,0.12857142857142856,0.05714285714285713,0.17857142857142855
2015-07-22,0.30357142857142855,0.07142857142857141,0.1357142857142857,0.13928571428571426,0.125
2015-07-23,0.43214285714285705,0.1714285714285714,0.38214285714285706,0.3571428571428571,0.3214285714285714
2015-07-24,0.31764705882352945,0.25,0.4264705882352941,0.44705882352941173,0.3970588235294118
2015-07-27,0.5214285714285714,-0.04285714285714285,0.2821428571428571,0.22142857142857136,0.27499999999999997
2015-07-28,0.6035714285714285,0.2321428571428571,0.4428571428571427,0.3107142857142856,0.6107142857142855
2015-07-29,0.5785714285714285,-0.10714285714285714,0.23928571428571427,0.017857142857142853,0.2678571428571428
2015-07-30,0.3285714285714285,0.014285714285714282,0.12857142857142856,0.021428571428571425,0.3071428571428571
2015-07-31,0.12142857142857141,0.035714285714285705,0.03214285714285714,0.1464285714285714,0.2714285714285714
2015-08-03,0.16043956043956045,-0.0945054945054945,-0.01978021978021978,-0.07692307692307693,-0.06813186813186813
2015-08-04,0.23956043956043957,0.006593406593406593,0.1384615384615385,-0.01098901098901099,0.16483516483516483
2015-08-05,0.1824175824175824,0.032967032967032975,0.0945054945054945,-0.2,0.1956043956043956
2015-08-06,0.18681318681318684,0.07692307692307693,0.0945054945054945,-0.02857142857142857,0.3010989010989011
2015-08-07,0.032967032967032975,0.12967032967032965,0.08131868131868132,-0.002197802197802198,0.3802197802197802
2015-08-10,0.1164835164835165,0.14725274725274726,0.2175824175824176,-0.002197802197802198,0.22637362637362637
2015-08-11,-0.0945054945054945,0.06373626373626373,0.04175824175824176,-0.1252747252747253,0.27912087912087913
2015-08-12,0.05054945054945055,0.21318681318681318,0.3186813186813187,0.2175824175824176,0.4241758241758242
2015-08-13,0.006593406593406593,0.24835164835164836,0.1384615384615385,0.14285714285714285,0.4461538461538462
2015-08-14,0.16923076923076924,0.1824175824175824,0.14725274725274726,0.0945054945054945,0.432967032967033
2015-08-17,0.22637362637362637,0.2967032967032967,0.2043956043956044,0.2351648351648352,-0.1076923076923077
2015-08-18,0.05054945054945055,0.1252747252747253,0.0989010989010989,0.0945054945054945,-0.0989010989010989
2015-08-19,0.1164835164835165,0.11208791208791209,0.1032967032967033,0.02857142857142857,-0.09010989010989012
2015-08-20,0.2912087912087912,0.6098901098901099,0.3131868131868132,0.24725274725274726,0.0934065934065934
2015-08-21,0.16923076923076924,0.6791208791208792,0.45494505494505494,0.2835164835164835,0.24835164835164836
2015-08-24,-0.02417582417582418,0.7582417582417583,0.432967032967033,0.44175824175824174,0.49890109890109896
2015-08-25,-0.11208791208791209,0.7714285714285714,0.2703296703296703,0.4461538461538462,0.432967032967033
2015-08-26,-0.1076923076923077,0.7362637362637363,0.2527472527472528,0.2571428571428571,0.3054945054945055
2015-08-27,0.08131868131868132,0.6,0.4021978021978022,0.3010989010989011,0.26153846153846155
2015-08-28,-0.01098901098901099,0.6835164835164835,0.4153846153846154,0.389010989010989,0.4065934065934066
2015-08-31,-0.06043956043956044,0.6098901098901099,0.14285714285714285,0.15384615384615383,0.3131868131868132
2015-09-01,0.15164835164835166,0.7054945054945055,0.410989010989011,0.37142857142857144,0.42857142857142855
2015-09-02,0.09010989010989012,0.6527472527472528,0.2967032967032967,0.221978021978022,0.2
2015-09-07,0.1252747252747253,0.6131868131868132,0.2571428571428571,0.2527472527472528,0.26153846153846155
2015-09-08,-0.015384615384615385,0.7802197802197802,0.24835164835164836,0.3494505494505495,-0.0989010989010989
2015-09-09,0.10714285714285714,0.6714285714285713,0.3,0.4142857142857142,0.08214285714285713
2015-09-10,0.06785714285714285,0.7285714285714285,0.25357142857142856,0.4928571428571427,0.1464285714285714
2015-09-11,-0.11071428571428568,0.6464285714285712,0.1714285714285714,0.36785714285714277,0.04285714285714285
2015-09-14,-0.03214285714285714,0.6535714285714285,0.23571428571428568,0.4642857142857142,-0.04642857142857142
2015-09-15,-0.12142857142857141,0.4964285714285714,0.11785714285714284,0.2678571428571428,-0.021428571428571425
2015-09-16,-0.12142857142857141,0.47857142857142854,0.06071428571428571,0.04285714285714285,-0.22499999999999998
2015-09-17,-0.125,0.25357142857142856,0.06785714285714285,-0.024999999999999998,-0.38928571428571423
2015-09-18,-0.3321428571428571,0.11428571428571425,-0.18214285714285713,-0.08928571428571427,-0.09999999999999999
2015-09-21,-0.1357142857142857,0.27499999999999997,0.07857142857142857,0.3857142857142856,0.1607142857142857
2015-09-22,-0.1607142857142857,0.2642857142857143,0.039285714285714285,0.37499999999999994,-0.15
2015-09-23,-0.18214285714285713,0.48214285714285704,0.08214285714285713,0.5214285714285714,0.15
2015-09-24,-0.22499999999999998,0.4642857142857142,0.06071428571428571,0.657142857142857,0.4107142857142856
2015-09-25,-0.36785714285714277,0.4464285714285714,0.014285714285714282,0.4642857142857142,0.6499999999999999
2015-09-28,-0.2678571428571428,0.3714285714285714,-0.024999999999999998,0.6249999999999999,0.7392857142857142
2015-09-29,-0.23928571428571427,0.32499999999999996,0.05357142857142857,0.3428571428571428,0.3607142857142856
2015-09-30,-0.15,0.34642857142857136,0.08214285714285713,0.3107142857142856,0.1357142857142857
2015-10-08,-0.42499999999999993,0.2607142857142857,-0.175,0.04642857142857142,0.6285714285714286
2015-10-09,-0.3428571428571428,0.05357142857142857,-0.18214285714285713,-0.075,0.20357142857142854
2015-10-12,-0.4928571428571427,-0.06785714285714285,-0.4071428571428571,-0.16428571428571426,0.25357142857142856
2015-10-13,-0.5678571428571427,-0.05714285714285713,-0.38928571428571423,-0.1714285714285714,0.3285714285714285
2015-10-14,-0.2607142857142857,0.039285714285714285,-0.09999999999999999,-0.10714285714285714,0.35357142857142854
2015-10-15,-0.13406593406593406,0.1384615384615385,-0.04175824175824176,0.01978021978021978,0.2175824175824176
2015-10-16,-0.1912087912087912,0.002197802197802198,-0.059340659340659345,0.02417582417582418,0.3362637362637363
2015-10-19,-0.02857142857142857,-0.06813186813186813,-0.032967032967032975,0.0857142857142857,0.22637362637362637
2015-10-20,0.16483516483516483,0.09010989010989012,0.11208791208791209,0.2043956043956044,0.432967032967033
2015-10-21,0.1164835164835165,0.08131868131868132,0.11208791208791209,0.15604395604395604,0.5252747252747253
2015-10-22,0.3010989010989011,-0.04175824175824176,0.059340659340659345,0.1384615384615385,0.44175824175824174
2015-10-23,0.3758241758241759,-0.3054945054945055,0.07252747252747253,-0.07692307692307693,-0.04175824175824176
2015-10-26,-0.0945054945054945,-0.1164835164835165,-0.221978021978022,0.002197802197802198,0.2527472527472528
2015-10-27,0.1964285714285714,-0.1464285714285714,0.03214285714285714,0.08214285714285713,0.17857142857142855
2015-10-28,0.11428571428571425,-0.1714285714285714,-0.010714285714285713,0.11071428571428568,0.2071428571428571
2015-10-29,0.11785714285714284,-0.16785714285714282,-0.05357142857142857,0.08928571428571427,0.4678571428571427
2015-10-30,0.2785714285714285,-0.13214285714285715,0.11428571428571425,0.16785714285714282,0.5499999999999999
2015-11-02,0.125,-0.19999999999999998,-0.024999999999999998,-0.028571428571428564,0.37857142857142856
2015-11-03,0.25,-0.06428571428571428,0.1357142857142857,0.23571428571428568,0.6035714285714285
2015-11-04,0.1607142857142857,-0.16785714285714282,-0.007142857142857141,0.15357142857142855,0.5035714285714286
2015-11-05,0.3029411764705882,0.047058823529411764,0.2411764705882353,0.30882352941176466,0.5735294117647058
2015-11-06,0.27058823529411763,0.1764705882352941,0.31176470588235294,0.45,0.5529411764705882
2015-11-09,0.4294117647058823,0.2352941176470588,0.3411764705882353,0.4588235294117647,0.6794117647058824
2015-11-10,0.4264705882352941,0.3205882352941176,0.4264705882352941,0.4088235294117647,0.6970588235294117
2015-11-11,0.36470588235294116,0.18529411764705883,0.37941176470588234,0.38235294117647056,0.36176470588235293
2015-11-12,0.4588235294117647,0.12941176470588234,0.34705882352941175,0.5088235294117647,0.4558823529411765
2015-11-13,0.5058823529411764,0.049999999999999996,0.27058823529411763,0.3,0.4705882352941176
2015-11-16,0.42352941176470593,-0.049999999999999996,0.1764705882352941,0.31764705882352945,0.4970588235294117
2015-11-17,0.36764705882352944,0.1411764705882353,0.3029411764705882,0.40294117647058825,0.5176470588235293
2015-11-18,0.19999999999999998,0.15588235294117647,0.2529411764705882,0.29705882352941176,0.4441176470588235
2015-11-19,0.15,0.3558823529411765,0.38235294117647056,0.5882352941176471,0.4147058823529412
2015-11-20,0.047058823529411764,0.4852941176470588,0.36764705882352944,0.5823529411764706,0.6088235294117647
2015-11-23,0.13823529411764704,0.22058823529411767,0.25,0.4294117647058823,0.6794117647058824
2015-11-24,0.13823529411764704,0.17941176470588235,0.16176470588235295,0.4441176470588235,0.7588235294117647
2015-11-25,0.07058823529411765,-0.02941176470588235,0.0058823529411764705,0.08823529411764705,0.7058823529411764
2015-11-26,0.23823529411764705,0.2058823529411765,0.2823529411764706,0.5176470588235293,0.6441176470588235
2015-11-27,0.2588235294117647,0.3294117647058824,0.40294117647058825,0.5529411764705882,0.7735294117647058
2015-11-30,0.047058823529411764,0.32647058823529407,0.15,0.4705882352941176,0.7176470588235294
2015-12-01,0.09705882352941177,0.30882352941176466,0.2029411764705882,0.38235294117647056,0.5823529411764706
2015-12-02,0.11470588235294117,0.39999999999999997,0.2911764705882353,0.5029411764705883,0.4558823529411765
2015-12-03,0.16764705882352943,0.4323529411764706,0.30882352941176466,0.4941176470588235,0.4911764705882353
2015-12-04,0.35000000000000003,0.3911764705882353,0.3970588235294118,0.5470588235294118,0.4264705882352941
2015-12-07,0.31764705882352945,0.19117647058823528,0.26176470588235295,0.33529411764705885,0.5117647058823529
2015-12-08,0.30882352941176466,0.023529411764705882,0.22058823529411767,0.2411764705882353,0.4176470588235294
2015-12-09,0.2377450980392157,0.24509803921568632,0.25000000000000006,0.2622549019607843,0.38480392156862747
2015-12-10,0.1593137254901961,0.16911764705882354,0.2573529411764706,0.35784313725490197,0.37990196078431376
2015-12-11,0.19607843137254904,0.11274509803921569,0.232843137254902,0.19607843137254904,0.3186274509803922
2015-12-14,0.2058823529411765,0.25000000000000006,0.286764705882353,0.34068627450980393,0.3137254901960785
2015-12-15,0.31617647058823534,0.28921568627450983,0.3602941176470589,0.3357843137254902,0.6348039215686275
2015-12-16,0.24019607843137256,0.15686274509803924,0.30637254901960786,0.2843137254901961,0.556372549019608
2015-12-17,0.25980392156862747,0.09803921568627452,0.24754901960784317,0.09558823529411767,0.42156862745098045
2015-12-18,0.20833333333333337,0.12009803921568628,0.14215686274509806,0.22058823529411767,0.5416666666666667
2015-12-21,0.10049019607843139,0.0,0.06127450980392158,0.08823529411764706,0.661764705882353
2015-12-22,0.19607843137254904,-0.02450980392156863,0.03676470588235294,0.05147058823529412,0.4534313725490197
2015-12-23,0.34068627450980393,0.14950980392156862,0.2524509803921569,0.12254901960784316,0.3602941176470589
2015-12-24,0.32843137254901966,0.13725490196078433,0.26960784313725494,0.06862745098039216,0.3823529411764707
2015-12-25,0.12500000000000003,0.16421568627450983,0.24509803921568632,0.04656862745098039,0.23529411764705882
2015-12-28,-0.023529411764705882,-0.0058823529411764705,0.06470588235294117,-0.0411764705882353,0.2588235294117647
2015-12-29,0.011764705882352941,-0.18529411764705883,-0.14411764705882352,-0.28529411764705886,-0.07647058823529412
2015-12-30,0.08529411764705883,0.0,0.09705882352941177,-0.03823529411764706,0.1176470588235294
2015-12-31,0.02647058823529412,-0.17941176470588235,-0.049999999999999996,-0.13823529411764704,-0.10588235294117648
2016-01-04,0.02058823529411765,-0.09411764705882353,0.10882352941176471,-0.07058823529411765,0.0588235294117647
2016-01-05,0.07941176470588236,-0.22647058823529412,-0.1411764705882353,-0.1411764705882353,-0.21176470588235297
2016-01-06,0.17352941176470588,-0.16176470588235295,0.09411764705882353,-0.1176470588235294,-0.02058823529411765
2016-01-07,-0.06470588235294117,-0.09999999999999999,-0.047058823529411764,-0.0029411764705882353,0.12058823529411765
2016-01-08,-0.2823529411764706,-0.15588235294117647,-0.19411764705882353,-0.1323529411764706,-0.24705882352941175
2016-01-11,-0.2088235294117647,0.1647058823529412,0.0823529411764706,0.2411764705882353,0.049999999999999996
2016-01-12,-0.1411764705882353,0.3558823529411765,0.2529411764705882,0.31176470588235294,0.02941176470588235
2016-01-13,-0.2647058823529412,0.3558823529411765,0.19411764705882353,0.3588235294117647,-0.03529411764705882
2016-01-14,0.03823529411764706,0.18529411764705883,0.3,0.3147058823529411,-0.06764705882352941
2016-01-15,-0.22941176470588234,0.25,0.10294117647058824,0.049999999999999996,-0.4735294117647058
2016-01-18,0.09705882352941177,0.27941176470588236,0.3970588235294118,0.12352941176470587,0.0588235294117647
2016-01-19,-0.12009803921568628,0.556372549019608,0.46323529411764713,0.33333333333333337,-0.24509803921568632
2016-01-20,-0.1985294117647059,0.3088235294117647,0.18137254901960786,0.12500000000000003,-0.12009803921568628
2016-01-21,-0.09597523219814243,0.19091847265221878,0.15995872033023736,0.13725490196078433,-0.040247678018575844
2016-01-22,-0.1042311661506708,-0.17647058823529413,-0.22187822497420018,-0.2239422084623323,-0.23632610939112486
2016-01-25,0.007223942208462332,-0.5954592363261093,-0.4179566563467492,-0.5211558307533539,-0.17234262125902994
2016-01-26,-0.1455108359133127,-0.4592363261093911,-0.4674922600619195,-0.32094943240454077,-0.12487100103199174
2016-01-27,-0.05882352941176471,-0.42414860681114547,-0.32094943240454077,-0.3663570691434469,0.12280701754385966
2016-01-28,0.025799793601651185,-0.25902992776057787,-0.1001031991744066,-0.11248710010319916,0.24045407636738902
2016-01-29,-0.07739938080495357,-0.49638802889576883,-0.3168214654282766,-0.3519091847265222,0.15583075335397317
2016-02-01,-0.0629514963880289,-0.48606811145510836,-0.2507739938080495,-0.2115583075335397,0.26109391124871
2016-02-02,-0.13725490196078433,-0.6119711042311662,-0.38906088751289986,-0.3560371517027864,-0.011351909184726523
2016-02-03,-0.16408668730650156,-0.5603715170278638,-0.3952528379772961,-0.4282765737874097,0.011351909184726523
2016-02-04,-0.23632610939112486,-0.6449948400412797,-0.4613003095975232,-0.40763673890608876,-0.05056759545923632
2016-02-05,-0.06707946336429307,-0.4757481940144479,-0.3085655314757482,-0.33746130030959753,0.1001031991744066
2016-02-15,-0.05675954592363261,-0.5810113519091847,-0.3519091847265222,-0.44685242518059853,-0.01547987616099071
2016-02-16,-0.22187822497420018,-0.587203302373581,-0.45717234262125905,-0.43653250773993807,0.06914344685242517
2016-02-17,-0.09184726522187822,-0.5913312693498451,-0.391124871001032,-0.4447884416924664,-0.07533539731682146
2016-02-18,-0.19091847265221878,-0.28792569659442724,-0.33952528379772956,-0.1867905056759546,0.2693498452012384
2016-02-19,-0.0608875128998968,-0.27347781217750256,-0.2776057791537668,-0.22187822497420018,0.28998968008255926
2016-02-22,-0.21362229102167182,-0.3457172342621259,-0.32507739938080493,-0.3663570691434469,0.13106295149638802
2016-02-23,-0.01547987616099071,-0.22187822497420018,-0.13106295149638802,-0.1331269349845201,0.27347781217750256
2016-02-24,0.003095975232198142,-0.03199174406604747,0.01547987616099071,0.023735810113519093,0.2631578947368421
2016-02-25,-0.13970588235294118,0.22303921568627455,0.04166666666666667,0.13480392156862747,0.16911764705882354
2016-02-26,-0.17401960784313728,0.07352941176470588,-0.058823529411764705,0.06862745098039216,0.09803921568627452
2016-02-29,-0.2573529411764706,0.3995098039215687,0.11274509803921569,0.3602941176470589,-0.014705882352941176
2016-03-01,-0.26470588235294124,0.4754901960784314,0.2303921568627451,0.45098039215686275,0.056372549019607844
2016-03-02,-0.29656862745098045,0.5343137254901961,0.25980392156862747,0.5000000000000001,0.13725490196078433
2016-03-03,-0.36764705882352944,0.5882352941176471,0.22941176470588234,0.55,0.21764705882352942
2016-03-04,-0.4205882352941176,0.6176470588235293,0.2352941176470588,0.5764705882352941,0.06764705882352941
2016-03-07,-0.45,0.6294117647058822,0.19705882352941176,0.5176470588235293,-0.03823529411764706
2016-03-08,-0.4535714285714285,0.6749999999999999,0.2285714285714285,0.5785714285714285,-0.1607142857142857
2016-03-09,-0.5852941176470587,0.7323529411764707,0.22647058823529412,0.6470588235294118,-0.22647058823529412
2016-03-10,-0.4294117647058823,0.7470588235294118,0.30882352941176466,0.6470588235294118,-0.2088235294117647
2016-03-11,-0.4647058823529412,0.6911764705882353,0.2911764705882353,0.6264705882352941,-0.11176470588235293
2016-03-14,-0.4647058823529412,0.5529411764705882,0.17352941176470588,0.5588235294117647,-0.08529411764705883
2016-03-15,-0.4382352941176471,0.5882352941176471,0.15882352941176472,0.4764705882352941,-0.2588235294117647
2016-03-16,-0.4970588235294117,0.6941176470588235,0.15588235294117647,0.6088235294117647,-0.33529411764705885
2016-03-17,-0.5220588235294118,0.4558823529411765,0.019607843137254905,0.32843137254901966,-0.4338235294117647
2016-03-18,-0.556372549019608,0.43627450980392163,0.08578431372549021,0.411764705882353,-0.29901960784313725
2016-03-21,-0.33333333333333337,0.6029411764705883,0.24264705882352944,0.5294117647058825,-0.08578431372549021
2016-03-22,-0.2720588235294118,0.47794117647058826,0.17892156862745098,0.4558823529411765,-0.1593137254901961
2016-03-23,-0.1519607843137255,0.46813725490196084,0.31127450980392163,0.5465686274509804,0.26470588235294124
2016-03-24,0.06862745098039216,0.45098039215686275,0.35539215686274517,0.5441176470588236,0.3308823529411765
2016-03-25,0.09558823529411767,0.4264705882352942,0.4093137254901961,0.5196078431372549,0.32352941176470595
2016-03-28,0.11029411764705883,0.28186274509803927,0.35539215686274517,0.5049019607843138,0.07843137254901962
2016-03-29,0.02058823529411765,0.4823529411764706,0.37941176470588234,0.5470588235294118,0.16764705882352943
2016-03-30,0.047058823529411764,0.24705882352941175,0.19411764705882353,0.4058823529411764,0.08823529411764705
2016-03-31,0.07352941176470588,0.24705882352941175,0.1411764705882353,0.25588235294117645,-0.06764705882352941
2016-04-01,-0.049999999999999996,0.34411764705882353,0.1323529411764706,0.3058823529411765,-0.3764705882352941
2016-04-05,0.02941176470588235,0.18823529411764706,0.08823529411764705,0.19705882352941176,-0.24705882352941175
2016-04-06,-0.09411764705882353,0.17941176470588235,-0.055882352941176466,0.18235294117647058,-0.3294117647058824
2016-04-07,-0.055882352941176466,0.44705882352941173,0.09705882352941177,0.36764705882352944,-0.1647058823529412
2016-04-08,0.049999999999999996,0.22941176470588234,0.03823529411764706,0.19705882352941176,-0.15588235294117647
2016-04-11,0.011764705882352941,0.18529411764705883,0.014705882352941175,0.12352941176470587,-0.10882352941176471
2016-04-12,-0.09999999999999999,0.08214285714285713,-0.0857142857142857,0.0964285714285714,-0.1607142857142857
2016-04-13,-0.09285714285714285,0.24642857142857136,-0.021428571428571425,0.22142857142857136,-0.3107142857142856
2016-04-14,-0.08928571428571427,-0.017857142857142853,-0.1964285714285714,-0.11785714285714284,-0.19999999999999998
2016-04-15,-0.07142857142857141,0.049999999999999996,-0.10714285714285714,0.010714285714285713,-0.07142857142857141
2016-04-18,-0.06428571428571428,0.11428571428571425,-0.007142857142857141,0.12142857142857141,-0.19999999999999998
2016-04-19,0.0035714285714285704,-0.25,-0.33928571428571425,-0.3571428571428571,-0.028571428571428564
2016-04-20,-0.0964285714285714,0.21071428571428572,-0.0035714285714285704,0.2321428571428571,0.12142857142857141
2016-04-21,-0.09999999999999999,0.0035714285714285704,-0.11071428571428568,-0.05714285714285713,-0.34642857142857136
2016-04-22,-0.10714285714285714,0.28571428571428564,0.07857142857142857,0.18214285714285713,-0.10714285714285714
2016-04-25,-0.16785714285714282,0.25357142857142856,0.125,0.25,-0.2178571428571428
2016-04-26,0.007142857142857141,0.1857142857142857,0.15,0.2178571428571428,-0.06428571428571428
2016-04-27,0.0035714285714285704,0.175,0.12857142857142856,0.22499999999999998,-0.021428571428571425
2016-04-28,-0.13214285714285715,0.1607142857142857,0.05714285714285713,0.1714285714285714,-0.17857142857142855
2016-04-29,0.07142857142857141,0.1357142857142857,0.12857142857142856,0.30357142857142855,0.13928571428571426
2016-05-03,0.1357142857142857,0.11428571428571425,0.1857142857142857,0.2071428571428571,0.13928571428571426
2016-05-04,0.15357142857142855,-0.15714285714285714,-0.07142857142857141,-0.08214285714285713,0.13214285714285715
2016-05-05,0.11428571428571425,-0.28928571428571426,-0.18214285714285713,-0.2285714285714285,-0.028571428571428564
2016-05-06,0.28571428571428564,0.075,0.2071428571428571,0.1464285714285714,0.2642857142857143
2016-05-09,0.09999999999999999,-0.15357142857142855,-0.04285714285714285,-0.1464285714285714,-0.175
2016-05-10,-0.3274725274725274,-0.01098901098901099,-0.27472527472527475,-0.07252747252747253,-0.38461538461538464
2016-05-11,-0.24395604395604395,0.05054945054945055,-0.23956043956043957,-0.02857142857142857,-0.47252747252747257
2016-05-12,-0.21318681318681318,-0.3362637362637363,-0.4901098901098901,-0.5076923076923077,-0.3186813186813187
2016-05-13,-0.16923076923076924,-0.46373626373626364,-0.4945054945054946,-0.5868131868131868,-0.3538461538461538
2016-05-16,-0.4065934065934066,-0.24835164835164836,-0.45054945054945056,-0.3626373626373627,-0.42857142857142855
2016-05-17,-0.44175824175824174,-0.2571428571428571,-0.5340659340659341,-0.3626373626373627,-0.3626373626373627
2016-05-18,-0.5560439560439561,-0.08131868131868132,-0.4241758241758242,-0.14725274725274726,-0.5428571428571429
2016-05-19,-0.3626373626373627,-0.0989010989010989,-0.3494505494505495,-0.26153846153846155,-0.5868131868131868
2016-05-20,-0.27912087912087913,-0.2175824175824176,-0.24835164835164836,-0.367032967032967,-0.665934065934066
2016-05-23,-0.11208791208791209,-0.11208791208791209,-0.11208791208791209,-0.3934065934065934,-0.6835164835164835
2016-05-24,0.07252747252747253,-0.23956043956043957,-0.1032967032967033,-0.49890109890109896,-0.665934065934066
2016-05-25,0.05054945054945055,-0.16923076923076924,-0.02857142857142857,-0.38461538461538464,-0.6967032967032967
2016-05-26,-0.04175824175824176,-0.1384615384615385,-0.09010989010989012,-0.3626373626373627,-0.7846153846153847
2016-05-27,-0.059340659340659345,0.03736263736263736,0.04615384615384615,-0.2571428571428571,-0.621978021978022
2016-05-30,-0.054945054945054944,-0.059340659340659345,0.07252747252747253,-0.221978021978022,-0.6923076923076923
2016-05-31,-0.0857142857142857,-0.02417582417582418,0.03736263736263736,-0.1824175824175824,-0.5252747252747253
2016-06-01,-0.07252747252747253,-0.01978021978021978,0.1164835164835165,-0.178021978021978,-0.767032967032967
2016-06-02,0.0857142857142857,0.02417582417582418,0.1384615384615385,-0.16043956043956045,-0.8197802197802198
2016-06-03,-0.16923076923076924,0.09010989010989012,0.14725274725274726,-0.0857142857142857,-0.5780219780219781
2016-06-06,-0.11208791208791209,0.09010989010989012,0.2087912087912088,-0.0857142857142857,-0.7274725274725276
2016-06-07,-0.15164835164835166,0.06373626373626373,0.1384615384615385,0.006593406593406593,-0.7626373626373627
2016-06-08,-0.2071428571428571,-0.0035714285714285704,0.010714285714285713,-0.2571428571428571,-0.7607142857142856
2016-06-13,-0.021428571428571425,0.1857142857142857,0.23928571428571427,-0.09999999999999999,-0.9285714285714284
2016-06-14,0.08928571428571427,0.2964285714285714,0.3714285714285714,0.0964285714285714,-0.5214285714285714
2016-06-15,0.2928571428571428,0.4142857142857142,0.5964285714285712,0.23928571428571427,-0.42499999999999993
2016-06-16,0.3235294117647059,0.4147058823529412,0.6264705882352941,0.28529411764705886,-0.6176470588235293
2016-06-17,0.2735294117647059,0.40294117647058825,0.4705882352941176,0.26176470588235295,-0.3147058823529411
2016-06-20,0.0029411764705882353,0.30882352941176466,0.27941176470588236,0.2441176470588235,-0.3529411764705882
2016-06-21,0.02941176470588235,0.3529411764705882,0.27941176470588236,0.3735294117647059,-0.16764705882352943
2016-06-22,-0.09999999999999999,0.22058823529411767,0.2058823529411765,0.25,-0.4794117647058824
2016-06-23,-0.4035714285714285,0.007142857142857141,-0.1464285714285714,0.075,-0.6285714285714286
2016-06-24,-0.36785714285714277,-0.125,-0.18214285714285713,0.07142857142857141,0.075
2016-06-27,-0.0964285714285714,-0.08928571428571427,-0.0964285714285714,0.22142857142857136,0.2571428571428571
2016-06-28,-0.08928571428571427,-0.15357142857142855,-0.05714285714285713,0.13928571428571426,0.18928571428571428
2016-06-29,0.1357142857142857,-0.37857142857142856,-0.1357142857142857,-0.17857142857142855,0.0964285714285714
2016-06-30,0.07352941176470588,-0.4441176470588235,-0.2323529411764706,-0.3411764705882353,0.09117647058823529
2016-07-01,0.1647058823529412,-0.5088235294117647,-0.2764705882352941,-0.38235294117647056,-0.07352941176470588
2016-07-04,0.17941176470588235,-0.6794117647058824,-0.3529411764705882,-0.5411764705882353,0.0588235294117647
2016-07-05,0.07058823529411765,-0.6441176470588235,-0.3235294117647059,-0.4382352941176471,0.014705882352941175
2016-07-06,0.22941176470588234,-0.6529411764705881,-0.32647058823529407,-0.45,0.23823529411764705
2016-07-07,0.2058823529411765,-0.6470588235294118,-0.3323529411764706,-0.3735294117647059,0.3058823529411765
2016-07-08,0.3235294117647059,-0.7294117647058823,-0.37941176470588234,-0.34705882352941175,0.4441176470588235
2016-07-11,0.2088235294117647,-0.65,-0.38235294117647056,-0.4764705882352941,0.06176470588235294
2016-07-12,0.01764705882352941,-0.5882352941176471,-0.3970588235294118,-0.5029411764705883,-0.049999999999999996
2016-07-13,-0.1323529411764706,-0.488235294117647,-0.45,-0.28823529411764703,0.09999999999999999
2016-07-14,0.19117647058823534,-0.6568627450980393,-0.40441176470588236,-0.6004901960784315,-0.12745098039215688
2016-07-15,0.20098039215686278,-0.4534313725490197,-0.09068627450980393,-0.13480392156862747,0.12745098039215688
2016-07-18,0.37009803921568635,-0.26470588235294124,-0.002450980392156863,-0.10784313725490197,0.2377450980392157
2016-07-19,0.3357843137254902,-0.4093137254901961,-0.03921568627450981,-0.232843137254902,0.09313725490196079
2016-07-20,0.17401960784313728,-0.49754901960784315,-0.14705882352941177,-0.2916666666666667,0.09313725490196079
2016-07-21,0.13480392156862747,-0.49509803921568635,-0.16666666666666669,-0.4534313725490197,-0.04166666666666667
2016-07-22,0.029411764705882353,-0.45833333333333337,-0.25980392156862747,-0.34313725490196084,0.056372549019607844
2016-07-25,0.056372549019607844,-0.41666666666666674,-0.24019607843137256,-0.32352941176470595,0.2843137254901961
2016-07-26,0.12990196078431374,-0.49019607843137264,-0.18872549019607845,-0.41421568627450983,0.2132352941176471
2016-07-27,0.16911764705882354,-0.04656862745098039,0.16911764705882354,0.10294117647058824,0.12009803921568628
2016-07-28,0.056372549019607844,-0.31617647058823534,-0.12009803921568628,-0.19607843137254904,0.16666666666666669
2016-07-29,-0.014705882352941176,-0.2132352941176471,-0.12009803921568628,-0.1593137254901961,0.02696078431372549
2016-08-01,0.13235294117647062,-0.27696078431372556,-0.07352941176470588,-0.09558823529411767,0.03186274509803922
2016-08-02,0.2524509803921569,-0.22303921568627455,0.014705882352941176,0.004901960784313726,0.22549019607843138
2016-08-03,0.24754901960784317,-0.21078431372549022,0.02696078431372549,0.18382352941176472,0.18872549019607845
2016-08-04,0.24754901960784317,-0.18872549019607845,-0.019607843137254905,0.09313725490196079,0.17401960784313728
2016-08-05,0.05392156862745098,-0.38970588235294124,-0.25000000000000006,-0.14950980392156862,0.019607843137254905
2016-08-08,0.17440660474716205,-0.1393188854489164,0.24045407636738902,0.09803921568627451,0.30443756449948395
2016-08-09,0.2693498452012384,-0.009287925696594427,0.4097007223942208,0.3457172342621259,0.38493292053663575
2016-08-10,0.1496388028895769,0.06914344685242517,0.29205366357069146,0.40144478844169246,0.5562435500515995
2016-08-11,0.03611971104231166,0.23013415892672856,0.3023735810113519,0.4179566563467492,0.632610939112487
2016-08-12,-0.08978328173374613,0.3622291021671827,0.32714138286893707,0.5232198142414861,0.500515995872033
2016-08-15,-0.18059855521155832,0.36016511867905054,0.23839009287925697,0.45098039215686275,0.5768833849329206
2016-08-16,-0.11661506707946334,0.45510835913312697,0.26109391124871,0.5046439628482973,0.4901960784313726
2016-08-17,-0.14344685242518057,0.36016511867905054,0.16615067079463364,0.5768833849329206,0.6800825593395253
2016-08-18,-0.07120743034055728,0.1475748194014448,0.2115583075335397,0.391124871001032,0.06914344685242517
2016-08-19,-0.2528379772961816,0.5252837977296182,0.2714138286893705,0.5954592363261093,0.11867905056759545
2016-08-22,-0.023735810113519093,0.45510835913312697,0.283797729618163,0.5273477812177503,-0.023735810113519093
2016-08-23,0.22187822497420018,0.1413828689370485,0.19504643962848298,0.23632610939112486,-0.08978328173374613
2016-08-24,0.19091847265221878,0.052631578947368425,0.2115583075335397,0.16202270381836945,-0.007223942208462332
2016-08-25,-0.12899896800825592,0.45098039215686275,0.16202270381836945,0.5025799793601652,0.13106295149638802
2016-08-26,-0.21568627450980388,0.40144478844169246,0.1393188854489164,0.5025799793601652,0.19091847265221878
2016-08-29,-0.18137254901960786,0.45098039215686275,0.16421568627450983,0.5539215686274511,0.29901960784313725
2016-08-30,-0.17156862745098042,0.5441176470588236,0.27450980392156865,0.6200980392156864,0.14950980392156862
2016-08-31,-0.1764705882352941,0.6617647058823529,0.3411764705882353,0.7264705882352941,0.2735294117647059
2016-09-01,-0.27941176470588236,0.4970588235294117,0.16176470588235295,0.5852941176470587,0.21176470588235297
2016-09-02,-0.28823529411764703,0.42352941176470593,0.11470588235294117,0.5294117647058824,0.023529411764705882
2016-09-05,-0.19705882352941176,0.4058823529411764,0.0411764705882353,0.45294117647058824,0.0029411764705882353
2016-09-06,-0.28529411764705886,0.24705882352941175,0.01764705882352941,0.5147058823529412,0.07352941176470588
2016-09-07,-0.11764705882352941,0.32352941176470595,0.15441176470588236,0.4926470588235295,0.25980392156862747
2016-09-08,-0.04411764705882353,0.40441176470588236,0.22058823529411767,0.46813725490196084,0.29411764705882354
2016-09-09,-0.16176470588235298,0.16421568627450983,0.03186274509803922,0.33333333333333337,-0.07352941176470588
2016-09-12,-0.06744329900395228,0.4610669168270192,0.30778669181803675,0.5665237116331991,0.3507051548205518
2016-09-13,-0.06862745098039216,0.6299019607843138,0.41421568627450983,0.6911764705882353,0.2573529411764706
2016-09-14,0.10539215686274511,0.25980392156862747,0.1593137254901961,0.37990196078431376,0.2843137254901961
2016-09-19,0.004901960784313726,-0.04656862745098039,-0.14950980392156862,-0.13480392156862747,0.29901960784313725
2016-09-20,0.14705882352941177,-0.007352941176470588,-0.009803921568627453,0.04411764705882353,0.39460784313725494
2016-09-21,0.11042311661506708,0.06707946336429307,-0.017543859649122806,-0.07533539731682146,0.1475748194014448
2016-09-22,0.08359133126934985,0.06501547987616099,0.07120743034055728,0.017543859649122806,0.2672858617131063
2016-09-23,0.17647058823529413,0.4613003095975232,0.32714138286893707,0.21775025799793604,0.3065015479876161
2016-09-26,0.12899896800825592,0.18885448916408668,0.25696594427244585,0.038183694530443756,0.11248710010319916
2016-09-27,0.15170278637770898,0.09184726522187822,0.2714138286893705,0.07120743034055728,0.11455108359133126
2016-09-28,0.1475748194014448,0.44272445820433437,0.40350877192982454,0.2982456140350877,0.054695562435500514
2016-09-29,0.2053663570691434,0.4674922600619195,0.46955624355005166,0.12280701754385966,0.12487100103199174
2016-09-30,0.19091847265221878,0.17234262125902994,0.19711042311661509,-0.017543859649122806,-0.17647058823529413
2016-10-10,0.14215686274509806,0.12009803921568628,0.27450980392156865,0.1519607843137255,0.09558823529411767
2016-10-11,0.014705882352941176,0.11274509803921569,0.1936274509803922,0.01715686274509804,-0.1593137254901961
2016-10-12,-0.04901960784313726,0.2377450980392157,0.2573529411764706,0.056372549019607844,-0.1519607843137255
2016-10-13,-0.014705882352941176,0.12254901960784316,0.18872549019607845,0.019607843137254905,-0.21078431372549022
2016-10-14,0.03921568627450981,0.07107843137254903,0.21078431372549022,-0.06372549019607844,-0.09803921568627452
2016-10-17,0.09803921568627452,0.08823529411764706,0.1936274509803922,0.09558823529411767,0.004901960784313726
2016-10-18,0.32843137254901966,0.3137254901960785,0.42892156862745107,0.12500000000000003,-0.08333333333333334
2016-10-19,0.22549019607843138,0.16911764705882354,0.36274509803921573,0.15686274509803924,0.03431372549019608
2016-10-20,0.27941176470588236,0.12941176470588234,0.25588235294117645,0.22352941176470587,0.21764705882352942
2016-10-21,0.21176470588235297,0.28823529411764703,0.21176470588235297,0.2352941176470588,-0.023529411764705882
2016-10-24,0.47794117647058826,0.35784313725490197,0.5122549019607844,0.35784313725490197,0.09558823529411767
2016-10-25,0.42156862745098045,0.5245098039215687,0.4534313725490197,0.4803921568627451,0.37500000000000006
2016-10-26,0.40144478844169246,0.4179566563467492,0.3973168214654283,0.4674922600619195,0.5314757481940144
2016-10-27,0.40144478844169246,0.2961816305469556,0.4447884416924664,0.3828689370485036,0.500515995872033
2016-10-28,-0.10629514963880288,0.07946336429308565,0.003095975232198142,0.12693498452012383,0.04437564499484004
2016-10-31,-0.1001031991744066,-0.12280701754385966,-0.18885448916408668,-0.08978328173374613,0.05675954592363261
2016-11-01,0.08152734778121776,-0.13106295149638802,-0.021671826625386997,-0.09391124871001032,0.21568627450980388
2016-11-02,0.31888544891640863,-0.05056759545923632,0.11661506707946334,-0.025799793601651185,0.19711042311661509
2016-11-03,0.32507739938080493,-0.03611971104231166,0.14344685242518057,-0.08359133126934985,-0.03199174406604747
2016-11-04,0.391124871001032,-0.2280701754385965,0.025799793601651185,-0.09803921568627451,0.3746130030959752
2016-11-07,0.2961816305469556,-0.24458204334365324,0.01547987616099071,-0.034055727554179564,0.1001031991744066
2016-11-08,0.1001031991744066,-0.2549019607843137,-0.15376676986584106,-0.1826625386996904,0.040247678018575844
2016-11-09,0.003095975232198142,-0.20330237358101136,-0.15789473684210525,-0.16408668730650156,0.04643962848297213
2016-11-10,0.06501547987616099,-0.28792569659442724,-0.17027863777089783,-0.10216718266253869,0.054695562435500514
2016-11-11,0.007223942208462332,-0.347781217750258,-0.24458204334365324,-0.2507739938080495,-0.11042311661506708
2016-11-14,-0.20123839009287925,-0.5314757481940144,-0.5211558307533539,-0.500515995872033,-0.38906088751289986
2016-11-15,-0.33746130030959753,-0.543859649122807,-0.6780185758513931,-0.4282765737874097,-0.2507739938080495
2016-11-16,-0.30443756449948395,-0.5768833849329206,-0.6181630546955624,-0.43859649122807015,-0.32920536635706915
2016-11-17,-0.43653250773993807,-0.5108359133126935,-0.6202270381836945,-0.3663570691434469,-0.347781217750258
2016-11-18,-0.0894736842105263,-0.4982456140350877,-0.356140350877193,-0.2456140350877193,-0.028070175438596492
2016-11-21,-0.2175438596491228,-0.4333333333333333,-0.3350877192982456,0.010526315789473684,0.11929824561403508
2016-11-22,-0.10701754385964912,-0.3473684210526316,-0.2508771929824561,-0.01754385964912281,0.07192982456140351
2016-11-23,-0.02456140350877193,-0.3368421052631579,-0.27368421052631575,-0.042105263157894736,0.08070175438596491
2016-11-24,0.0035087719298245615,-0.28947368421052627,-0.21929824561403505,0.021052631578947368,0.22982456140350876
2016-11-25,-0.02982456140350877,-0.32807017543859646,-0.3192982456140351,-0.06140350877192983,0.22982456140350876
2016-11-28,0.0543859649122807,-0.23508771929824557,-0.11228070175438597,0.06666666666666667,0.24736842105263157
2016-11-29,-0.04385964912280702,-0.12456140350877193,-0.028070175438596492,0.07894736842105264,0.10526315789473684
2016-11-30,-0.15614035087719297,-0.1280701754385965,-0.19473684210526312,0.16666666666666666,0.16315789473684209
2016-12-01,-0.22982456140350876,-0.05964912280701754,-0.16666666666666666,0.20175438596491227,0.28070175438596495
2016-12-02,-0.24912280701754386,0.12631578947368421,-0.0912280701754386,0.3175438596491228,0.2508771929824561
2016-12-05,-0.1754385964912281,0.0035087719298245615,-0.15789473684210528,0.19649122807017544,0.368421052631579
2016-12-06,-0.07894736842105264,-0.13684210526315788,-0.21052631578947367,0.20175438596491227,0.3298245614035088
2016-12-07,-0.15263157894736842,-0.1280701754385965,-0.22982456140350876,0.19824561403508772,0.40350877192982454
2016-12-08,0.22982456140350876,-0.11929824561403508,0.12456140350877193,0.23508771929824557,0.4473684210526316
2016-12-09,0.0824561403508772,-0.1842105263157895,0.007017543859649123,0.11929824561403508,0.24035087719298245
2016-12-12,0.13684210526315788,0.042105263157894736,0.15087719298245614,0.2543859649122807,0.19649122807017544
2016-12-13,0.3560371517027864,-0.09597523219814243,0.12074303405572755,0.15583075335397317,0.32920536635706915
2016-12-14,0.4179566563467492,-0.21568627450980388,0.15789473684210525,-0.003095975232198142,0.2672858617131063
2016-12-15,0.6553147574819401,-0.3106295149638803,0.1991744066047472,-0.0629514963880289,0.4179566563467492
2016-12-16,0.5748194014447885,-0.48813209494324045,-0.003095975232198142,-0.15170278637770898,0.4901960784313726
2016-12-19,0.6016511867905057,-0.5046439628482973,0.027863777089783277,-0.2528379772961816,0.26109391124871
2016-12-20,0.4840041279669762,-0.4592363261093911,-0.1393188854489164,-0.28586171310629516,0.3003095975232198
2016-12-21,0.40350877192982454,-0.5603715170278638,-0.25902992776057787,-0.3973168214654283,0.28586171310629516
2016-12-22,0.34803921568627455,-0.5833333333333334,-0.2843137254901961,-0.4852941176470589,0.21568627450980393
2016-12-23,0.49019607843137264,-0.3921568627450981,-0.058823529411764705,-0.31617647058823534,0.32107843137254904
2016-12-26,0.5318627450980392,-0.2573529411764706,0.004901960784313726,0.11274509803921569,0.698529411764706
2016-12-27,0.41589267285861714,-0.17853457172342618,-0.04437564499484004,0.16615067079463364,0.7647058823529412
2016-12-28,0.2693498452012384,-0.2961816305469556,-0.17647058823529413,0.12693498452012383,0.8142414860681115
2016-12-29,0.26109391124871,-0.4406604747162023,-0.2528379772961816,0.06501547987616099,0.6945304437564499
2016-12-30,0.4263157894736842,-0.7017543859649124,-0.30350877192982456,-0.2824561403508772,0.47543859649122805
2017-01-03,0.3508771929824562,-0.543859649122807,-0.2263157894736842,-0.14736842105263157,0.5473684210526315
2017-01-04,0.2776057791537668,-0.6243550051599587,-0.3622291021671827,-0.2652218782249742,0.6037151702786379
2017-01-05,0.4901960784313726,-0.5046439628482973,-0.09597523219814243,-0.19504643962848298,0.4943240454076367
2017-01-06,0.25696594427244585,-0.6656346749226005,-0.3828689370485036,-0.24664602683178533,0.4055727554179567
2017-01-09,0.2631578947368421,-0.4943240454076367,-0.12899896800825592,-0.11661506707946334,0.48606811145510836
2017-01-10,0.3519091847265222,-0.49226006191950467,-0.24458204334365324,-0.23632610939112486,0.20123839009287925
2017-01-11,0.23013415892672856,-0.3684210526315789,-0.22187822497420018,-0.2714138286893705,0.005159958720330237
2017-01-12,0.15995872033023736,-0.3312693498452013,-0.08152734778121776,-0.24458204334365324,-0.04231166150670795
2017-01-13,0.2507739938080495,-0.06501547987616099,0.07739938080495357,0.04643962848297213,0.2549019607843137
2017-01-16,-0.13106295149638802,0.2714138286893705,0.09597523219814243,0.007223942208462332,-0.1826625386996904
2017-01-17,-0.09597523219814243,0.16615067079463364,-0.021671826625386997,-0.0196078431372549,-0.22187822497420018
2017-01-18,-0.3828689370485036,0.12693498452012383,-0.16615067079463364,-0.11042311661506708,-0.45304437564499483
2017-01-19,-0.37254901960784315,0.17027863777089783,-0.08565531475748193,-0.08978328173374613,-0.6202270381836945
2017-01-20,-0.35810113519091846,0.06707946336429307,-0.07946336429308565,-0.18059855521155832,-0.6573787409700722
2017-01-23,-0.25902992776057787,-0.011351909184726523,-0.17234262125902994,-0.22187822497420018,-0.5583075335397317
2017-01-24,-0.3023735810113519,-0.09803921568627451,-0.2507739938080495,-0.27554179566563464,-0.7543859649122806
2017-01-25,-0.2652218782249742,-0.01547987616099071,-0.16408668730650156,-0.20123839009287925,-0.5583075335397317
2017-01-26,-0.10539215686274511,0.06862745098039216,-0.03431372549019608,-0.21813725490196081,-0.5661764705882354
2017-02-03,-0.04901960784313726,0.32843137254901966,0.23529411764705882,-0.009803921568627453,-0.5539215686274511
2017-02-06,-0.1764705882352941,0.19999999999999998,0.09999999999999999,0.049999999999999996,-0.7264705882352941
2017-02-07,-0.1411764705882353,0.6029411764705882,0.38235294117647056,0.1764705882352941,-0.4617647058823529
2017-02-08,-0.27941176470588236,0.6764705882352942,0.3941176470588235,0.27058823529411763,-0.5588235294117647
2017-02-09,-0.3294117647058824,0.7352941176470589,0.40294117647058825,0.25,-0.43529411764705883
2017-02-10,-0.36176470588235293,0.6558823529411765,0.3029411764705882,0.2588235294117647,-0.4941176470588235
2017-02-13,-0.24705882352941175,0.5529411764705882,0.3147058823529411,0.2588235294117647,-0.4617647058823529
2017-02-14,-0.2735294117647059,0.5676470588235295,0.33529411764705885,0.3029411764705882,-0.29705882352941176
2017-02-15,-0.22941176470588234,0.538235294117647,0.4264705882352941,0.38235294117647056,-0.28529411764705886
2017-02-16,-0.3029411764705882,0.538235294117647,0.29411764705882354,0.3235294117647059,-0.3058823529411765
2017-02-17,-0.40294117647058825,0.55,0.17352941176470588,0.3058823529411765,-0.21764705882352942
2017-02-20,-0.2823529411764706,0.6323529411764706,0.411764705882353,0.4823529411764706,-0.3588235294117647
2017-02-21,-0.2029411764705882,0.6323529411764706,0.4147058823529412,0.411764705882353,-0.4705882352941176
2017-02-22,-0.19705882352941176,0.6911764705882353,0.43529411764705883,0.45,-0.2352941176470588
2017-02-23,0.004901960784313726,0.7009803921568628,0.6004901960784315,0.5220588235294118,-0.14460784313725492
2017-02-24,0.12009803921568628,0.590686274509804,0.4264705882352942,0.3308823529411765,-0.2524509803921569
2017-02-27,0.2034313725490196,0.732843137254902,0.6176470588235294,0.4093137254901961,-0.12745098039215688
2017-02-28,0.2132352941176471,0.482843137254902,0.6004901960784315,0.40441176470588236,-0.22794117647058826
2017-03-01,0.4338235294117647,0.29901960784313725,0.45833333333333337,0.24754901960784317,0.2034313725490196
2017-03-02,0.4093137254901961,-0.21568627450980393,0.012254901960784315,0.11764705882352941,0.5318627450980392
2017-03-03,0.5465686274509804,-0.06127450980392158,0.21568627450980393,0.22303921568627455,0.6323529411764707
2017-03-06,0.625,-0.019607843137254905,0.29656862745098045,0.32107843137254904,0.6495098039215687
2017-03-07,0.41666666666666674,-0.3137254901960785,0.04901960784313726,0.24509803921568632,0.6200980392156864
2017-03-08,0.4607843137254902,-0.23529411764705882,0.06617647058823531,0.18872549019607845,0.6470588235294119
2017-03-09,0.5343137254901961,-0.22549019607843138,0.13480392156862747,0.1936274509803922,0.6593137254901962
2017-03-10,0.5514705882352942,-0.34313725490196084,-0.03431372549019608,0.08578431372549021,0.6225490196078433
2017-03-13,0.5196078431372549,-0.5073529411764706,-0.058823529411764705,0.03676470588235294,0.5147058823529412
2017-03-14,0.482843137254902,-0.3308823529411765,0.06127450980392158,0.14705882352941177,0.6544117647058824
2017-03-15,0.4191176470588236,-0.5882352941176471,-0.16911764705882354,-0.13970588235294118,0.5073529411764706
2017-03-16,0.35539215686274517,-0.5294117647058825,-0.13970588235294118,-0.04166666666666667,0.5686274509803922
2017-03-17,0.4093137254901961,-0.536764705882353,-0.2132352941176471,-0.17892156862745098,0.48774509803921573
2017-03-20,0.411764705882353,-0.590686274509804,-0.28921568627450983,-0.3357843137254902,0.3823529411764707
2017-03-21,0.38970588235294124,-0.5612745098039216,-0.22794117647058826,-0.34803921568627455,0.47794117647058826
2017-03-22,0.3088235294117647,-0.5833333333333334,-0.27450980392156865,-0.31617647058823534,0.49019607843137264
2017-03-23,0.2573529411764706,-0.7671568627450981,-0.36274509803921573,-0.3308823529411765,0.5147058823529412
2017-03-24,0.14460784313725492,-0.7990196078431374,-0.5073529411764706,-0.5441176470588236,0.2377450980392157
2017-03-27,0.2377450980392157,-0.6911764705882353,-0.4387254901960785,-0.37009803921568635,0.5857843137254902
2017-03-28,0.21813725490196081,-0.7303921568627452,-0.45833333333333337,-0.34803921568627455,0.5392156862745099
2017-03-29,0.012254901960784315,-0.6470588235294119,-0.5661764705882354,-0.42156862745098045,0.33333333333333337
2017-03-30,0.1519607843137255,-0.27696078431372556,-0.2058823529411765,-0.26715686274509803,0.32843137254901966
2017-03-31,0.11519607843137256,-0.232843137254902,-0.2132352941176471,-0.2377450980392157,0.10049019607843139
2017-04-05,0.22549019607843138,-0.3308823529411765,-0.21078431372549022,-0.2377450980392157,0.16421568627450983
2017-04-06,0.25000000000000006,-0.4534313725490197,-0.27696078431372556,-0.4534313725490197,-0.2132352941176471
2017-04-07,0.26470588235294124,-0.31127450980392163,-0.08333333333333334,-0.30147058823529416,-0.17892156862745098
2017-04-10,0.2377450980392157,-0.26715686274509803,-0.08088235294117649,-0.29411764705882354,-0.2377450980392157
2017-04-11,0.04656862745098039,-0.014705882352941176,-0.05392156862745098,-0.06862745098039216,-0.17892156862745098
2017-04-12,-0.029411764705882353,-0.11029411764705883,-0.09313725490196079,-0.14950980392156862,-0.34803921568627455
2017-04-13,0.18137254901960786,0.21813725490196081,0.42401960784313725,0.1593137254901961,0.20098039215686278
2017-04-14,0.24019607843137256,0.17401960784313728,0.3357843137254902,0.1519607843137255,0.23529411764705882
2017-04-17,0.17156862745098042,0.2058823529411765,0.2843137254901961,0.27450980392156865,0.28186274509803927
2017-04-18,0.06372549019607844,0.10539215686274511,0.13235294117647062,0.12745098039215688,0.01715686274509804
2017-04-19,0.004901960784313726,0.25980392156862747,0.29656862745098045,0.303921568627451,0.24754901960784317
2017-04-20,0.09803921568627452,0.06862745098039216,0.12745098039215688,0.22058823529411767,0.08823529411764706
2017-04-21,0.2524509803921569,0.06617647058823531,0.28186274509803927,0.286764705882353,0.40441176470588236
2017-04-24,0.5465686274509804,-0.12745098039215688,0.29901960784313725,0.2058823529411765,0.44852941176470595
2017-04-25,0.5521155830753354,-0.15995872033023736,0.2528379772961816,0.08152734778121776,0.37048503611971106
2017-04-26,0.6151960784313726,-0.2132352941176471,0.30147058823529416,0.17892156862745098,0.46813725490196084
2017-04-27,0.5882352941176471,-0.3357843137254902,0.1985294117647059,-0.07107843137254903,0.303921568627451
2017-04-28,0.6323529411764707,-0.18872549019607845,0.3774509803921569,0.1985294117647059,0.5833333333333334
2017-05-02,0.6936274509803922,-0.3504901960784314,0.3088235294117647,0.10049019607843139,0.5465686274509804
2017-05-03,0.7377450980392158,-0.24509803921568632,0.37254901960784315,0.22549019607843138,0.5318627450980392
2017-05-04,0.7205882352941175,-0.11470588235294117,0.6029411764705882,0.28823529411764703,0.4794117647058824
2017-05-05,0.65,-0.29411764705882354,0.28529411764705886,0.0823529411764706,0.5264705882352941
2017-05-08,0.5676470588235295,-0.07941176470588236,0.37941176470588234,0.2764705882352941,0.5794117647058823
2017-05-09,0.3382352941176471,-0.12990196078431374,0.1985294117647059,0.18382352941176472,0.5098039215686275
2017-05-10,0.45098039215686275,-0.16176470588235298,0.36274509803921573,0.32598039215686275,0.6102941176470589
2017-05-11,0.35810113519091846,-0.2053663570691434,0.04231166150670795,0.0196078431372549,0.5603715170278638
2017-05-12,0.4984520123839009,-0.09597523219814243,0.1496388028895769,0.20330237358101136,0.6181630546955624
2017-05-15,0.5541795665634675,-0.36429308565531476,-0.03199174406604747,-0.09184726522187822,0.4324045407636739
2017-05-16,0.35397316821465424,-0.3065015479876161,-0.09391124871001032,0.04231166150670795,0.5170278637770898
2017-05-17,0.33952528379772956,-0.14344685242518057,0.052631578947368425,0.08771929824561403,0.5603715170278638
2017-05-18,0.040247678018575844,-0.34365325077399383,-0.3106295149638803,-0.24871001031991744,0.42002063983488136
2017-05-19,-0.25902992776057787,-0.14344685242518057,-0.4262125902992776,-0.2260061919504644,0.3952528379772961
2017-05-22,-0.4055727554179567,0.24045407636738902,-0.08152734778121776,0.0010319917440660476,0.3003095975232198
2017-05-23,-0.5706914344685242,0.33746130030959753,-0.15995872033023736,0.11661506707946334,0.10835913312693499
2017-05-24,-0.6594427244582043,0.25696594427244585,-0.2239422084623323,-0.009287925696594427,0.15170278637770898
2017-05-25,-0.6631578947368422,0.3701754385964912,-0.22456140350877193,0.27543859649122804,0.2614035087719298
2017-05-26,-0.6526315789473683,0.37894736842105264,-0.23859649122807017,0.12456140350877193,0.08070175438596491
2017-05-31,-0.6333333333333333,0.1736842105263158,-0.28947368421052627,0.05964912280701754,0.1789473684210526
2017-06-01,-0.5877192982456141,0.13508771929824562,-0.3298245614035088,-0.02982456140350877,-0.010526315789473684
2017-06-02,-0.6228070175438596,0.11929824561403508,-0.3333333333333333,-0.10701754385964912,0.10175438596491228
2017-06-05,-0.42280701754385963,0.1105263157894737,-0.3578947368421052,-0.07719298245614034,0.18596491228070175
2017-06-06,-0.3315789473684211,0.3719298245614035,0.1280701754385965,0.31228070175438594,0.39824561403508774
2017-06-07,-0.2808249502463556,0.33698994029562673,0.0772268613177478,0.19921019908100854,0.38876704049729854
2017-06-08,-0.5947368421052631,0.3245614035087719,-0.2543859649122807,0.1649122807017544,0.15789473684210528
2017-06-09,-0.6456140350877193,0.3649122807017544,-0.1701754385964912,0.256140350877193,0.10350877192982455
2017-06-12,-0.6666666666666666,0.18947368421052632,-0.30350877192982456,0.014035087719298246,-0.11228070175438597
2017-06-13,-0.5035087719298245,-0.0456140350877193,-0.39824561403508774,-0.09824561403508772,0.23333333333333334
2017-06-14,-0.4736842105263158,0.1649122807017544,-0.18070175438596495,-0.15964912280701754,-0.05964912280701754
2017-06-15,-0.4122807017543859,-0.06315789473684211,-0.3385964912280702,-0.25789473684210523,0.16140350877192983
2017-06-16,-0.39649122807017545,-0.0543859649122807,-0.443859649122807,-0.30877192982456136,0.09298245614035087
2017-06-19,-0.243859649122807,-0.256140350877193,-0.4350877192982456,-0.3017543859649123,0.24736842105263157
2017-06-20,-0.22280701754385965,-0.16140350877192983,-0.29298245614035084,-0.32807017543859646,0.3526315789473684
2017-06-21,-0.2596491228070175,-0.2982456140350877,-0.5157894736842105,-0.40877192982456134,0.3315789473684211
2017-06-22,-0.25789473684210523,-0.2824561403508772,-0.4912280701754386,-0.32631578947368417,0.2508771929824561
2017-06-23,-0.3398496240601503,-0.12481203007518797,-0.24661654135338343,-0.17744360902255638,0.44360902255639095
2017-06-26,-0.3278195488721804,-0.14436090225563908,-0.26766917293233083,-0.20150375939849624,0.33233082706766914
2017-06-27,-0.24661654135338343,-0.07969924812030074,-0.14436090225563908,-0.05714285714285714,0.46917293233082696
2017-06-28,-0.30075187969924805,-0.003007518796992481,-0.23759398496240602,-0.04060150375939849,0.37293233082706767
2017-06-29,-0.3278195488721804,-0.2120300751879699,-0.4857142857142857,-0.2421052631578947,0.22857142857142856
2017-06-30,-0.1819548872180451,-0.2270676691729323,-0.4601503759398496,-0.1789473684210526,0.2902255639097744
2017-07-03,-0.12932330827067667,-0.1639097744360902,-0.3278195488721804,-0.08872180451127819,0.4601503759398496
2017-07-04,-0.09172932330827067,-0.3699248120300751,-0.4676691729323308,-0.20751879699248119,0.5263157894736841
2017-07-05,-0.0781954887218045,-0.22406015037593985,-0.2781954887218045,-0.13082706766917293,0.37293233082706767
2017-07-06,0.05714285714285714,-0.03909774436090225,-0.14887218045112782,-0.07218045112781954,0.4240601503759398
2017-07-07,-0.025563909774436087,-0.31879699248120297,-0.4781954887218045,-0.2421052631578947,0.3924812030075188
2017-07-10,-0.09172932330827067,-0.14285714285714285,-0.3203007518796992,-0.10225563909774435,0.2857142857142857
2017-07-11,-0.26917293233082706,-0.16240601503759397,-0.3203007518796992,-0.048120300751879695,0.35187969924812035
2017-07-12,-0.193984962406015,-0.4541353383458646,-0.5398496240601504,-0.13383458646616542,0.4766917293233082
2017-07-13,-0.20300751879699244,-0.3684210526315789,-0.4586466165413533,-0.15037593984962402,0.2992481203007519
2017-07-14,0.30225563909774433,-0.07969924812030074,0.13834586466165413,0.3218045112781954,0.6060150375939849
2017-07-17,0.0781954887218045,0.26917293233082706,0.3759398496240601,0.5518796992481202,0.21052631578947367
2017-07-18,0.08872180451127819,0.17593984962406017,0.2781954887218045,0.37744360902255636,0.10526315789473684
2017-07-19,0.16240601503759397,0.27368421052631575,0.3744360902255639,0.3744360902255639,0.14736842105263157
2017-07-20,-0.004511278195488721,0.4060150375939849,0.4451127819548871,0.5308270676691729,0.13233082706766916
2017-07-21,0.08421052631578946,0.4481203007518797,0.4676691729323308,0.42105263157894735,-0.016541353383458645
2017-07-24,0.0015037593984962405,0.5368421052631579,0.4917293233082706,0.3639097744360902,-0.09473684210526315
2017-07-25,-0.04360902255639097,0.4481203007518797,0.34285714285714286,0.38345864661654133,-0.13533834586466165
2017-07-26,-0.07218045112781954,0.47218045112781953,0.33233082706766914,0.3157894736842105,-0.3293233082706767
2017-07-27,-0.12781954887218044,0.20601503759398496,0.0015037593984962405,0.44360902255639095,0.12180451127819547
2017-07-28,-0.2556390977443609,0.4240601503759398,0.20300751879699244,0.5804511278195488,0.12932330827067667
2017-07-31,-0.26917293233082706,0.524812030075188,0.27368421052631575,0.5112781954887218,-0.02706766917293233
2017-08-01,-0.3639097744360902,0.5157894736842105,0.22255639097744356,0.35639097744360904,-0.38947368421052625
2017-08-02,-0.2721804511278195,0.5624060150375939,0.27368421052631575,0.3203007518796992,-0.26766917293233083
2017-08-03,-0.17593984962406017,0.5533834586466165,0.38646616541353385,0.30225563909774433,-0.35187969924812035
2017-08-04,-0.1609022556390977,0.5593984962406015,0.3654135338345864,0.2827067669172932,-0.34736842105263155
2017-08-07,-0.17142857142857143,0.5263157894736841,0.2541353383458646,0.2541353383458646,-0.4451127819548871
2017-08-08,-0.03909774436090225,0.5353383458646617,0.31879699248120297,0.2992481203007519,-0.4481203007518797
2017-08-09,0.03308270676691729,0.4270676691729323,0.26766917293233083,0.15939849624060148,-0.41804511278195483
2017-08-10,0.037593984962406006,0.3744360902255639,0.312781954887218,0.21353383458646616,-0.3804511278195489
2017-08-11,-0.28421052631578947,0.33233082706766914,0.0015037593984962405,-0.037593984962406006,-0.6977443609022556
2017-08-14,-0.17293233082706763,0.18496240601503755,0.051127819548872175,-0.2150375939849624,-0.6902255639097743
2017-08-15,-0.24360902255639094,0.16842105263157892,-0.045112781954887216,-0.18496240601503755,-0.49624060150375937
2017-08-16,-0.2827067669172932,0.33383458646616543,0.015037593984962403,-0.02857142857142857,-0.5112781954887218
2017-08-17,-0.2601503759398496,0.3804511278195489,0.16541353383458643,0.037593984962406006,-0.3413533834586466
2017-08-18,-0.30075187969924805,0.34285714285714286,0.05263157894736842,0.13233082706766916,-0.18045112781954886
2017-08-21,-0.3488721804511278,0.4120300751879699,0.03458646616541353,0.30977443609022554,0.13533834586466165
2017-08-22,-0.2781954887218045,0.3488721804511278,0.07669172932330826,0.23909774436090225,0.051127819548872175
2017-08-23,-0.3037593984962406,0.4466165413533834,0.10375939849624059,0.1819548872180451,0.060150375939849614
2017-08-24,-0.2300751879699248,0.19548872180451127,0.03157894736842105,-0.08120300751879699,-0.11729323308270674
2017-08-25,-0.15939849624060148,0.3789473684210526,0.17744360902255638,0.1413533834586466,0.08721804511278194
2017-08-28,-0.1609022556390977,0.18796992481203004,-0.022556390977443608,-0.016541353383458645,0.05413533834586466
2017-08-29,0.11729323308270674,0.02706766917293233,0.15789473684210525,0.07669172932330826,0.35488721804511275
2017-08-30,-0.06466165413533834,0.3142857142857143,0.10676691729323308,0.10526315789473684,0.13834586466165413
2017-08-31,-0.07368421052631578,0.18345864661654135,0.025563909774436087,-0.03458646616541353,-0.010526315789473682
2017-09-01,-0.03458646616541353,0.06616541353383458,-0.03609022556390977,-0.04661654135338346,-0.03909774436090225
2017-09-04,0.048120300751879695,0.12030075187969923,0.09172932330827067,0.013533834586466165,0.009022556390977442
2017-09-05,-0.05413533834586466,0.3278195488721804,0.2721804511278195,0.11278195488721804,-0.24812030075187969
2017-09-06,-0.19548872180451127,0.4812030075187969,0.28721804511278193,0.29774436090225564,-0.08270676691729321
2017-09-07,-0.23308270676691725,0.2827067669172932,0.08721804511278194,0.0706766917293233,-0.2827067669172932
2017-09-08,-0.23759398496240602,0.2857142857142857,0.1789473684210526,0.1609022556390977,-0.2571428571428572
2017-09-11,-0.004511278195488721,0.12932330827067667,0.08571428571428572,0.06165413533834586,0.13834586466165413
2017-09-12,-0.19097744360902258,0.4421052631578947,0.2270676691729323,0.32481203007518794,0.012030075187969924
2017-09-13,-0.13984962406015036,0.14586466165413534,0.04210526315789473,0.10225563909774435,0.16240601503759397
2017-09-14,-0.18045112781954886,0.35488721804511275,0.08721804511278194,0.23458646616541348,0.09323308270676692
2017-09-15,-0.14887218045112782,0.43909774436090226,0.3533834586466165,0.2571428571428572,-0.15789473684210525
2017-09-18,0.14736842105263157,0.7398496240601502,0.5007518796992482,0.5789473684210527,0.1533834586466165
2017-09-19,0.22727272727272727,0.5922077922077922,0.5077922077922078,0.42207792207792205,0.13896103896103898
2017-09-20,0.18045112781954886,0.5518796992481202,0.4781954887218045,0.3759398496240601,0.016541353383458645
2017-09-21,-0.09172932330827067,0.5052631578947367,0.4451127819548871,0.42105263157894735,-0.009022556390977442
2017-09-22,-0.14285714285714285,0.5669172932330826,0.4300751879699248,0.4360902255639097,-0.15488721804511277
2017-09-25,0.09774436090225563,0.1609022556390977,0.15939849624060148,-0.007518796992481202,-0.06466165413533834
2017-09-26,0.07518796992481201,0.3082706766917293,0.28120300751879695,0.12481203007518797,-0.018045112781954885
2017-09-27,0.05002194426263209,0.21851691441044543,0.12110575979374086,0.0860026410129464,0.030715228933195147
2017-09-28,-0.028070175438596492,0.37719298245614036,0.14385964912280702,0.28421052631578947,0.2263157894736842
2017-09-29,-0.05263157894736842,0.46315789473684205,0.17719298245614035,0.26666666666666666,0.17719298245614035
2017-10-09,-0.20350877192982456,0.38245614035087716,0.16666666666666666,0.24736842105263157,0.12280701754385966
2017-10-10,-0.2175438596491228,0.2789473684210526,0.05087719298245614,-0.019298245614035085,0.06140350877192983
2017-10-11,-0.14285714285714285,0.38796992481203,0.22105263157894736,0.24060150375939846,0.14285714285714285
2017-10-12,-0.060150375939849614,0.2781954887218045,0.1639097744360902,0.06165413533834586,0.16992481203007515
2017-10-13,-0.17744360902255638,0.21353383458646616,0.13082706766917293,0.04210526315789473,0.018045112781954885
2017-10-16,-0.2300751879699248,0.32481203007518794,0.20150375939849624,0.03157894736842105,-0.14586466165413534
2017-10-17,-0.1087719298245614,0.3929824561403509,0.37719298245614036,0.18947368421052632,0.05263157894736842
2017-10-18,-0.23859649122807017,0.37894736842105264,0.2070175438596491,0.2157894736842105,0.16842105263157894
2017-10-19,-0.37894736842105264,0.41052631578947374,0.18771929824561404,0.20877192982456141,-0.20350877192982456
2017-10-20,-0.28421052631578947,0.29473684210526313,-0.0017543859649122807,0.01754385964912281,0.23508771929824557
2017-10-23,-0.32807017543859646,0.30000000000000004,-0.09824561403508772,0.11228070175438597,0.2
2017-10-24,-0.20877192982456141,0.1842105263157895,-0.04912280701754386,0.04035087719298246,0.22456140350877193
2017-10-25,-0.2543859649122807,0.06842105263157894,-0.21929824561403505,-0.03859649122807017,0.25789473684210523
2017-10-26,-0.08421052631578947,0.06315789473684211,-0.12280701754385966,-0.04385964912280702,0.3456140350877193
2017-10-27,0.02982456140350877,0.05964912280701754,-0.07719298245614034,-0.07368421052631578,0.26491228070175443
2017-10-30,0.2596491228070175,-0.04736842105263158,0.021052631578947368,-0.042105263157894736,0.3175438596491228
2017-10-31,0.27543859649122804,0.06842105263157894,0.2210526315789474,0.08596491228070174,0.37719298245614036
2017-11-01,0.26616541353383455,0.0631578947368421,0.24060150375939846,0.19548872180451127,0.4541353383458646
2017-11-02,0.2556390977443609,-0.0781954887218045,0.09323308270676692,0.15789473684210525,0.35037593984962395
2017-11-03,0.20601503759398496,0.03308270676691729,0.1969924812030075,0.23609022556390977,0.3233082706766917
2017-11-06,0.32631578947368417,-0.20601503759398496,0.013533834586466165,-0.037593984962406006,0.512781954887218
2017-11-07,0.2796992481203007,-0.07368421052631578,0.015037593984962403,0.24511278195488717,0.5834586466165413
2017-11-08,0.08721804511278194,-0.02706766917293233,0.025563909774436087,0.156390977443609,0.41804511278195483
2017-11-09,0.045112781954887216,-0.10075187969924812,-0.06616541353383458,0.10225563909774435,0.4601503759398496
2017-11-10,0.07669172932330826,-0.07368421052631578,-0.08421052631578946,0.13082706766917293,0.4827067669172932
2017-11-13,0.06616541353383458,-0.156390977443609,-0.22255639097744356,0.07368421052631578,0.5157894736842105
2017-11-14,0.0706766917293233,-0.12180451127819547,-0.17744360902255638,0.0631578947368421,0.5052631578947367
2017-11-15,0.22857142857142856,-0.03636363636363636,0.07012987012987014,0.14935064935064934,0.4168831168831169
2017-11-16,0.2025974025974026,-0.1,-0.04285714285714286,0.01818181818181818,0.4
2017-11-17,0.37272727272727274,-0.05714285714285714,0.06623376623376624,0.1064935064935065,0.23636363636363636
2017-11-20,0.37532467532467534,-0.2987012987012987,-0.05844155844155843,0.06103896103896104,0.3701298701298701
2017-11-21,0.22337662337662337,0.032467532467532464,0.04285714285714286,0.18441558441558442,0.32597402597402597
2017-11-22,0.23766233766233766,-0.14675324675324675,0.06623376623376624,0.14805194805194805,0.5311688311688313
2017-11-23,0.18571428571428572,-0.06493506493506493,-0.0025974025974025974,-0.03766233766233767,0.14025974025974028
2017-11-24,0.1948051948051948,-0.14805194805194805,-0.07012987012987014,-0.032467532467532464,0.34545454545454546
2017-11-27,0.03506493506493507,0.16493506493506493,0.02857142857142857,0.006493506493506493,0.0012987012987012987
2017-11-28,-0.059740259740259746,-0.024675324675324677,-0.13376623376623376,-0.0935064935064935,0.06623376623376624
2017-11-29,0.0038961038961038965,0.11818181818181818,0.03506493506493507,-0.02727272727272727,-0.03766233766233767
2017-11-30,0.031168831168831172,0.11948051948051949,0.07922077922077922,-0.08311688311688312,-0.0935064935064935
2017-12-01,0.14545454545454545,0.0025974025974025974,0.06883116883116883,-0.05064935064935065,0.022077922077922082
2017-12-04,-0.05714285714285714,0.1987012987012987,0.02727272727272727,0.07012987012987014,-0.051948051948051945
2017-12-05,-0.38831168831168833,0.2753246753246753,-0.13896103896103898,-0.1922077922077922,-0.4948051948051948
2017-12-06,-0.26883116883116887,0.051948051948051945,-0.14025974025974028,-0.15454545454545454,-0.4688311688311688
2017-12-07,-0.30660643704121965,-0.014116318464144554,-0.28514963297572,-0.233201581027668,-0.4748729531338228
2017-12-08,-0.1373517786561265,-0.1274703557312253,-0.2766798418972332,-0.3043478260869565,-0.17094861660079053
2017-12-11,-0.22628458498023715,-0.2549407114624506,-0.316205533596838,-0.4466403162055336,-0.18774703557312253
2017-12-12,-0.37747035573122534,-0.17193675889328064,-0.40711462450592883,-0.358695652173913,-0.17687747035573123
2017-12-13,-0.28952569169960474,-0.22134387351778656,-0.3112648221343874,-0.3023715415019763,-0.22134387351778656
2017-12-14,-0.17391304347826086,-0.24308300395256918,-0.3132411067193676,-0.3300395256916996,-0.09387351778656126
2017-12-15,-0.2381422924901186,-0.1442687747035573,-0.2885375494071146,-0.21047430830039524,-0.11462450592885376
2017-12-18,-0.22134387351778656,-0.24802371541501977,-0.3527667984189723,-0.3764822134387352,-0.27865612648221344
2017-12-19,-0.22035573122529645,-0.25790513833992096,-0.3379446640316206,-0.44960474308300397,-0.3053359683794466
2017-12-20,-0.21640316205533597,-0.14624505928853757,-0.2648221343873518,-0.408102766798419,-0.2391304347826087
2017-12-21,-0.1373517786561265,-0.042490118577075096,-0.14525691699604742,-0.33300395256917,-0.26778656126482214
2017-12-22,-0.16403162055335968,0.003952569169960474,-0.15217391304347824,-0.1818181818181818,-0.1590909090909091
2017-12-25,-0.20355731225296442,-0.11857707509881424,-0.26877470355731226,-0.21541501976284588,-0.05533596837944664
2017-12-26,-0.16304347826086957,-0.1274703557312253,-0.19664031620553357,-0.22134387351778656,-0.08695652173913043
2017-12-27,-0.23658949745906271,-0.08977978543195936,-0.2862789384528515,-0.2173913043478261,-0.32919254658385094
2017-12-28,-0.17673630717108982,-0.08639186900056467,-0.22868435911914178,-0.1293054771315641,-0.042348955392433656
2017-12-29,-0.2682100508187465,-0.015245623941276118,-0.2298136645962733,-0.07622811970638058,-0.17899491812535295
2018-01-02,-0.21428571428571425,0.051948051948051945,-0.14025974025974028,0.03636363636363636,0.0038961038961038965
2018-01-03,-0.20649350649350648,0.12337662337662336,-0.0987012987012987,0.15064935064935067,0.04155844155844156
2018-01-04,-0.18441558441558442,0.1948051948051948,-0.09220779220779221,0.1,0.13376623376623376
2018-01-05,-0.11168831168831168,0.09090909090909091,-0.03766233766233767,-0.0025974025974025974,0.044155844155844164
2018-01-08,-0.2558441558441559,0.15194805194805194,-0.15454545454545454,0.12207792207792208,0.05584415584415584
2018-01-09,-0.08181818181818182,0.02077922077922078,-0.12207792207792208,0.011688311688311687,0.14155844155844155
2018-01-10,-0.11428571428571428,0.22597402597402597,-0.02077922077922078,0.187012987012987,0.1064935064935065
2018-01-11,-0.14285714285714285,0.20129870129870128,-0.06883116883116883,0.1064935064935065,0.16493506493506493
2018-01-12,-0.09220779220779221,0.40389610389610386,0.15714285714285717,0.3168831168831169,0.22857142857142856
2018-01-15,-0.06753246753246753,0.503896103896104,0.16493506493506493,0.37532467532467534,0.1883116883116883
2018-01-16,-0.07272727272727272,0.4805194805194805,0.18441558441558442,0.29480519480519485,0.1961038961038961
2018-01-17,-0.14545454545454545,0.36623376623376624,0.08831168831168833,0.34675324675324676,0.2506493506493506
2018-01-18,-0.07142857142857142,0.24805194805194808,0.16623376623376623,0.6519480519480519,0.464935064935065
2018-01-19,-0.016883116883116882,0.3844155844155844,0.1961038961038961,0.5272727272727272,0.36623376623376624
2018-01-22,-0.048120300751879695,0.10676691729323308,0.09473684210526315,0.5082706766917292,0.30225563909774433
2018-01-23,-0.028070175438596492,0.41578947368421054,0.22807017543859648,0.419298245614035,0.18070175438596495
2018-01-24,0.12857142857142856,0.3506493506493506,0.3025974025974026,0.5649350649350648,0.34935064935064936
2018-01-25,0.00909090909090909,0.5051948051948052,0.38571428571428573,0.5584415584415584,0.2636363636363636
2018-01-26,0.12077922077922078,0.5454545454545454,0.44415584415584414,0.5623376623376624,0.24155844155844156
2018-01-29,0.05714285714285714,0.5194805194805194,0.34415584415584416,0.5233766233766234,0.174025974025974
2018-01-30,0.0012987012987012987,0.47402597402597396,0.41818181818181815,0.49610389610389616,0.12987012987012986
2018-01-31,-0.04285714285714286,0.5116883116883117,0.3025974025974026,0.38311688311688313,-0.04025974025974026
2018-02-01,-0.024675324675324677,0.5415584415584416,0.36623376623376624,0.5116883116883117,-0.01818181818181818
2018-02-02,0.022077922077922082,0.6597402597402597,0.43506493506493504,0.5389610389610389,-0.08571428571428572
2018-02-05,-0.033766233766233764,0.6103896103896104,0.3922077922077922,0.2675324675324675,-0.2727272727272727
2018-02-06,-0.3383458646616541,0.42105263157894735,0.007518796992481202,0.10977443609022557,-0.33533834586466166
2018-02-07,-0.2796992481203007,0.4481203007518797,-0.019548872180451125,0.18496240601503755,-0.26165413533834586
2018-02-08,-0.35584415584415585,0.24285714285714283,-0.14805194805194805,0.18311688311688312,0.012987012987012986
2018-02-09,-0.3207792207792208,-0.011688311688311687,-0.2753246753246753,0.016883116883116882,-0.01818181818181818
2018-02-12,-0.37532467532467534,0.04935064935064935,-0.21038961038961035,0.22597402597402597,-0.044155844155844164
2018-02-13,-0.35194805194805195,0.3090909090909091,-0.05844155844155843,0.32727272727272727,-0.051948051948051945
2018-02-14,-0.35974025974025975,0.32857142857142857,0.007792207792207793,0.2350649350649351,-0.17792207792207793
2018-02-22,-0.4168831168831169,0.33766233766233766,-0.0038961038961038965,0.2155844155844156,-0.09480519480519481
2018-02-23,-0.3922077922077922,0.3051948051948052,-0.07012987012987014,0.3181818181818181,0.07142857142857142
2018-02-26,-0.2025974025974026,0.22987012987012984,-0.032467532467532464,0.24025974025974026,0.022077922077922082
2018-02-27,-0.25127046866177305,0.29192546583850937,0.018633540372670808,0.2603049124788256,-0.003952569169960475
2018-02-28,-0.18238283455674761,0.5708639186900057,0.24675324675324675,0.4522868435911915,-0.02428006775832863
2018-03-01,-0.11236589497459064,0.4319593450028233,0.24110671936758896,0.3574251835121401,0.11236589497459064
2018-03-02,-0.11801242236024848,0.46583850931677023,0.36420101637492946,0.25465838509316774,-0.25352907961603616
2018-03-05,-0.032185206098249576,0.409373235460192,0.33370976849237727,0.23658949745906271,-0.1394692264257482
2018-03-06,0.025409373235460195,0.2636928289102203,0.23884810841332585,0.016374929418407683,-0.30660643704121965
2018-03-07,0.07509881422924902,0.2377188029361943,0.29531338226990406,0.12704686617730096,-0.14285714285714288
2018-03-08,0.032185206098249576,0.3122529644268775,0.2682100508187465,-0.023150762281197064,-0.24449463579898364
2018-03-09,0.04573687182382835,0.17447769621682668,0.21852060982495766,-0.14737436476566912,-0.25691699604743085
2018-03-12,0.16544325239977417,0.1902879728966686,0.2207792207792208,-0.189158667419537,-0.2840203274985884
2018-03-13,0.2659514398644834,0.36194240542066636,0.5008469791078487,0.1609260304912479,-0.2309429700734049
2018-03-14,0.1360813099943535,0.4059853190287973,0.3935629587803502,0.07171089779785433,-0.2433653303218521
2018-03-15,0.18577075098814233,0.30208921513269343,0.41276115189158674,-0.06380575945793338,-0.33709768492377196
2018-03-16,0.25691699604743085,0.3269339356295879,0.4714850367024281,0.012987012987012988,-0.3235460191981932
2018-03-19,0.29192546583850937,0.2693393562958781,0.3551665725578769,-0.06041784302653869,-0.365330321852061
2018-03-20,0.3506493506493507,0.15979672501411638,0.25465838509316774,-0.09881422924901187,-0.2941840767927725
2018-03-21,0.30321852060982496,0.34161490683229817,0.30321852060982496,0.14172783738001132,-0.10671936758893281
2018-03-22,0.27950310559006214,0.3167701863354037,0.4206662902315077,0.16770186335403728,-0.0536420101637493
2018-03-23,0.2173913043478261,0.34387351778656133,0.34613212874082444,0.06041784302653869,-0.365330321852061
2018-03-26,0.24675324675324675,0.27272727272727276,0.3529079616036138,0.05251270468661773,-0.34048560135516664
2018-03-27,0.2241671372106155,0.3122529644268775,0.37436476566911353,0.07396950875211745,-0.23884810841332585
2018-03-28,0.4025974025974026,0.17334839073969513,0.39130434782608703,-0.1959345002823264,-0.37323546019198195
2018-03-29,0.3235460191981932,0.1259175607001694,0.3088650479954828,-0.30660643704121965,-0.409373235460192
2018-03-30,0.2885375494071147,0.07735742518351214,0.1959345002823264,-0.09316770186335405,-0.20609824957651046
2018-04-02,0.17560700169395824,0.18577075098814233,0.2682100508187465,0.011857707509881424,-0.08300395256916997
2018-04-03,0.11349520045172222,0.0536420101637493,0.10897797854319595,-0.03670242800677584,-0.07284020327498589
2018-04-04,0.08413325804630155,0.09881422924901187,0.1293054771315641,-0.07622811970638058,-0.15415019762845852
2018-04-09,0.12140033879164315,0.0536420101637493,0.14737436476566912,0.0016939582156973462,-0.05815923207227556
2018-04-10,0.0378317334839074,0.1575381140598532,0.10220214568040656,-0.19367588932806323,-0.313382269904009
2018-04-11,0.20271033314511577,-0.007340485601355168,0.08977978543195936,-0.3077357425183513,0.02992659514398645
2018-04-12,0.21343873517786563,-0.12549407114624506,0.044466403162055336,-0.19861660079051385,0.011857707509881422
2018-04-13,0.29446640316205536,-0.1600790513833992,0.04545454545454545,-0.1818181818181818,-0.02075098814229249
2018-04-16,0.3952569169960475,-0.04051383399209487,0.19762845849802374,-0.11956521739130435,0.07213438735177866
2018-04-17,0.02992659514398645,0.2173913043478261,0.1507622811970638,-0.07058159232072277,-0.017504234895539244
2018-04-18,-0.005081874647092039,0.29870129870129875,0.17899491812535295,0.13382269904009036,0.233201581027668
2018-04-19,0.13043478260869568,0.3845285149632976,0.3427442123094297,0.09881422924901187,0.02089215132693394
2018-04-20,-0.042348955392433656,0.28289102202145683,0.1485036702428007,-0.17786561264822137,-0.27385657820440434
2018-04-23,-0.1485036702428007,0.29983060417843027,0.06606437041219651,-0.20948616600790515,-0.409373235460192
2018-04-24,0.06719367588932806,0.38791643139469234,0.36645962732919257,0.06832298136645965,-0.233201581027668
2018-04-25,0.2377188029361943,0.2896668548842462,0.4884246188594016,0.11236589497459064,-0.2896668548842462
2018-04-26,0.145115753811406,0.311123658949746,0.43534726143421804,0.16544325239977417,-0.27159796725014124
2018-04-27,0.1485036702428007,0.25014116318464147,0.36871823828345573,-0.0028232636928289105,-0.25578769057029926
2018-05-02,0.33498023715415026,0.4407114624505929,0.5642292490118578,0.2885375494071146,-0.21343873517786563
2018-05-03,0.4130434782608696,0.3142292490118577,0.5760869565217391,0.283596837944664,-0.14624505928853757
2018-05-04,0.44861660079051385,-0.08893280632411067,0.24110671936758896,0.05632411067193676,0.06719367588932806
2018-05-07,0.4041501976284585,-0.2341897233201581,0.16798418972332016,0.05237154150197629,0.13339920948616601
2018-05-08,0.26679841897233203,0.1798418972332016,0.40513833992094866,0.17687747035573123,-0.06225296442687748
2018-05-09,0.2756916996047431,0.2114624505928854,0.40217391304347827,0.14525691699604742,-0.14822134387351776
2018-05-10,0.2865612648221344,-0.009881422924901188,0.15316205533596838,-0.1432806324110672,-0.13537549407114624
2018-05-11,0.24703557312252966,0.1650197628458498,0.2440711462450593,-0.03557312252964427,-0.12450592885375496
2018-05-14,0.24604743083003952,0.22430830039525693,0.3073122529644269,-0.10474308300395258,-0.3043478260869565
2018-05-15,0.17490118577075098,0.23715415019762848,0.2618577075098814,0.03853754940711463,-0.07114624505928854
2018-05-16,0.2717391304347826,0.12549407114624506,0.24802371541501977,0.02964426877470356,-0.12648221343873517
2018-05-17,0.22035573122529645,0.1324110671936759,0.208498023715415,0.0,-0.0800395256916996
2018-05-18,0.15217391304347824,0.15019762845849804,0.1808300395256917,0.04545454545454545,0.007905138339920948
2018-05-21,0.3102766798418973,0.1660079051383399,0.33102766798418976,0.26877470355731226,0.2776679841897233
2018-05-22,0.34189723320158105,0.049407114624505935,0.26383399209486164,0.17292490118577078,0.10177865612648221
2018-05-23,0.3448616600790514,0.2776679841897233,0.3764822134387352,0.3211462450592885,0.2855731225296443
2018-05-24,0.3003952569169961,0.27865612648221344,0.3320158102766798,0.26383399209486164,0.2005928853754941
2018-05-25,0.2737154150197629,0.22134387351778656,0.35474308300395263,0.18280632411067196,0.25
2018-05-28,0.32411067193675897,0.40513833992094866,0.4762845849802372,0.3804347826086957,0.3290513833992095
2018-05-29,0.13932806324110672,0.1492094861660079,0.2440711462450593,0.001976284584980237,0.18280632411067196
2018-05-30,0.11857707509881424,0.2885375494071146,0.2974308300395257,0.2005928853754941,0.07312252964426878
2018-05-31,0.2816205533596838,0.3577075098814229,0.39328063241106714,0.26679841897233203,0.11067193675889328
2018-06-01,0.22826086956521738,0.4446640316205534,0.48320158102766797,0.4031620553359684,0.09189723320158102
2018-06-04,0.13438735177865613,0.5148221343873518,0.5266798418972332,0.2341897233201581,-0.1442687747035573
2018-06-05,0.3201581027667985,0.3314511575381141,0.48277809147374373,0.3754940711462451,0.2241671372106155
2018-06-06,0.438961038961039,0.0,0.24415584415584415,0.13246753246753248,0.47922077922077916
2018-06-07,0.16363636363636364,0.07142857142857142,0.14545454545454545,0.1012987012987013,0.22207792207792207
2018-06-08,0.2155844155844156,0.24805194805194808,0.2636363636363636,0.06883116883116883,0.1155844155844156
2018-06-11,0.24545454545454545,0.11298701298701298,0.2792207792207792,0.11168831168831168,0.1974025974025974
2018-06-12,0.1922077922077922,0.1935064935064935,0.1922077922077922,0.1,-0.01818181818181818
2018-06-13,0.125974025974026,0.1974025974025974,0.26233766233766237,0.0,-0.03896103896103896
2018-06-14,0.1935064935064935,0.2155844155844156,0.2935064935064935,0.023376623376623374,0.11948051948051949
2018-06-15,0.18311688311688312,0.16363636363636364,0.28181818181818186,0.006493506493506493,-0.12337662337662336
2018-06-19,-0.09473684210526316,0.2964912280701754,0.1,0.04035087719298246,-0.3315789473684211
2018-06-20,0.014035087719298246,0.0456140350877193,0.019298245614035085,0.028070175438596492,0.04035087719298246
2018-06-21,-0.07894736842105264,0.042105263157894736,-0.14736842105263157,-0.14736842105263157,-0.20526315789473687
2018-06-22,-0.11228070175438597,0.1087719298245614,-0.08421052631578947,-0.13157894736842105,-0.14912280701754385
2018-06-25,-0.0894736842105263,-0.01754385964912281,-0.12456140350877193,-0.2070175438596491,-0.1105263157894737
2018-06-26,0.19473684210526312,-0.11929824561403508,0.05964912280701754,-0.18596491228070175,0.07192982456140351
2018-06-27,0.05263157894736842,-0.09649122807017543,0.03684210526315789,-0.11578947368421051,0.10526315789473684
2018-06-28,0.0,-0.1701754385964912,-0.16842105263157894,-0.07543859649122807,0.21052631578947367
2018-06-29,0.19649122807017544,-0.02280701754385965,0.02982456140350877,0.11228070175438597,0.30877192982456136
2018-07-02,0.3333333333333333,-0.39649122807017545,-0.04736842105263158,-0.12280701754385966,0.5087719298245614
2018-07-03,0.4766917293233082,-0.13684210526315788,0.24360902255639094,0.060150375939849614,0.6676691729323309
2018-07-04,0.5413533834586466,-0.156390977443609,0.32481203007518794,0.05864661654135337,0.675187969924812
2018-07-05,0.425974025974026,0.03636363636363636,0.38311688311688313,0.37532467532467534,0.7025974025974026
2018-07-06,0.3103896103896104,-0.3207792207792208,0.0974025974025974,0.2311688311688312,0.7285714285714285
2018-07-09,0.3532467532467533,-0.24285714285714283,0.17792207792207793,0.348051948051948,0.7428571428571429
2018-07-10,0.2987012987012987,-0.3948051948051948,0.08571428571428572,0.15584415584415584,0.7571428571428571
2018-07-11,0.22207792207792207,-0.3818181818181818,-0.05064935064935065,0.22337662337662337,0.6415584415584416
2018-07-12,0.2155844155844156,-0.32857142857142857,0.03506493506493507,0.33766233766233766,0.6948051948051948
2018-07-13,0.2324675324675325,-0.3987012987012987,0.016883116883116882,0.44415584415584414,0.7285714285714285
2018-07-16,0.21428571428571425,-0.42207792207792205,0.03896103896103896,0.35844155844155845,0.5909090909090908
2018-07-17,0.24805194805194808,-0.38571428571428573,0.011688311688311687,0.39090909090909093,0.6272727272727273
2018-07-18,0.3103896103896104,-0.24285714285714283,0.10389610389610389,0.35584415584415585,0.6870129870129871
2018-07-19,0.21688311688311687,-0.2350649350649351,0.01038961038961039,0.34155844155844156,0.6610389610389611
2018-07-20,0.2753246753246753,-0.28051948051948056,0.0987012987012987,0.40649350649350646,0.7363636363636364
2018-07-23,0.18571428571428572,-0.28441558441558445,-0.08051948051948052,0.21688311688311687,0.6077922077922078
2018-07-24,0.02727272727272727,-0.37792207792207794,-0.16883116883116883,0.21688311688311687,0.6987012987012987
2018-07-25,0.0974025974025974,-0.44675324675324674,-0.21038961038961035,0.18311688311688312,0.5727272727272726
2018-07-26,0.1077922077922078,-0.07402597402597402,0.07662337662337662,0.212987012987013,0.4766233766233766
2018-07-27,0.08961038961038961,-0.32727272727272727,-0.13766233766233765,-0.04285714285714286,0.38051948051948054
2018-07-30,-0.04025974025974026,-0.16233766233766234,-0.17012987012987013,-0.0974025974025974,0.13636363636363635
2018-07-31,0.0,-0.3168831168831169,-0.15324675324675324,-0.16883116883116883,0.1753246753246753
2018-08-01,0.07402597402597402,-0.274025974025974,-0.11428571428571428,-0.2545454545454545,0.06623376623376624
2018-08-02,0.10259740259740259,-0.3077922077922078,-0.051948051948051945,-0.3337662337662338,-0.11688311688311687
2018-08-03,0.12727272727272726,-0.08051948051948052,0.1064935064935065,-0.17272727272727273,-0.11948051948051949
2018-08-06,0.062337662337662345,-0.11298701298701298,-0.023376623376623374,-0.24155844155844156,-0.11298701298701298
2018-08-07,0.1044607566346697,0.16883116883116886,0.12817617165443254,0.003952569169960475,-0.03557312252964427
2018-08-08,-0.2049689440993789,0.15302089215132694,-0.050254093732354614,-0.1902879728966686,-0.19141727837380013
2018-08-09,-0.18012422360248448,0.033314511575381144,-0.1293054771315641,-0.13382269904009036,-0.19367588932806323
2018-08-10,-0.05251270468661773,0.04573687182382835,0.02089215132693394,0.1101072840203275,0.07848673066064371
2018-08-13,0.07622811970638058,-0.11688311688311688,0.0220214568040655,0.14963297571993225,0.347261434217956
2018-08-14,0.05251270468661773,-0.12478825522303785,0.02089215132693394,0.11236589497459064,0.15979672501411638
2018-08-15,-0.008469791078486732,-0.13382269904009036,-0.019762845849802372,0.07848673066064371,0.11688311688311688
2018-08-16,-0.1236589497459063,-0.2659514398644834,-0.17447769621682668,0.0028232636928289105,0.07509881422924902
2018-08-17,0.018633540372670808,-0.04573687182382835,0.05815923207227556,0.19706380575945792,0.2840203274985884
2018-08-20,0.032185206098249576,-0.09542631281761718,-0.017504234895539244,0.1360813099943535,0.3574251835121401
2018-08-21,0.1360813099943535,-0.10897797854319595,0.012987012987012988,0.06380575945793338,0.30208921513269343
2018-08-22,0.10559006211180126,-0.14737436476566912,0.005081874647092039,0.1236589497459063,0.4251835121400339
2018-08-23,0.13382269904009036,-0.36984754376058726,-0.1609260304912479,0.05590062111801244,0.46583850931677023
2018-08-24,0.1101072840203275,-0.2659514398644834,-0.04573687182382835,0.1202710333145116,0.4850367024280069
2018-08-27,0.07735742518351214,-0.20835686053077357,-0.04347826086956522,0.21174477696216829,0.4387351778656127
2018-08-28,0.11123658949745907,-0.1293054771315641,0.005081874647092039,0.2173913043478261,0.5268210050818747
2018-08-29,0.18802936194240544,-0.16205533596837948,0.0005646527385657821,0.1643139469226426,0.4997176736307172
2018-08-30,0.14963297571993225,-0.2523997741389046,-0.06719367588932806,0.09542631281761718,0.3890457368718239
2018-08-31,0.15640880858272163,-0.17221908526256355,-0.006211180124223602,0.20045172219085267,0.5132693393562959
2018-09-03,0.15640880858272163,-0.35855448898927167,-0.11914172783738003,0.0378317334839074,0.3969508752117449
2018-09-04,0.04347826086956522,-0.4014680971202711,-0.21400338791643145,-0.03896103896103897,0.2862789384528515
2018-09-05,0.15979672501411638,-0.3867871259175608,-0.1609260304912479,-0.18238283455674761,0.24788255223037836
2018-09-06,0.07848673066064371,-0.1202710333145116,-0.09316770186335405,-0.22642574816487862,0.06719367588932806
2018-09-07,0.08752117447769624,0.031055900621118016,-0.0016939582156973462,-0.145115753811406,0.03444381705251271
2018-09-10,0.09316770186335405,0.15415019762845852,0.06606437041219651,-0.1259175607001694,-0.04912478825522304
2018-09-11,0.1044607566346697,0.14963297571993225,0.047995482778091486,-0.21287408243929987,-0.08639186900056467
2018-09-12,0.08413325804630155,0.27159796725014124,0.044607566346696784,-0.06493506493506496,-0.012987012987012988
2018-09-13,-0.05477131564088086,0.21852060982495766,0.05702992659514399,-0.17108977978543197,-0.06041784302653869
2018-09-14,-0.005081874647092039,0.2693393562958781,-0.02089215132693394,-0.16544325239977417,-0.06041784302653869
2018-09-17,-0.05702992659514399,0.3709768492377189,0.040090344438170535,-0.05815923207227556,-0.04686617730095992
2018-09-18,-0.06154714850367025,0.3946922642574817,0.040090344438170535,-0.12140033879164315,-0.09542631281761718
2018-09-19,0.059288537549407126,0.3280632411067194,0.16770186335403728,-0.10559006211180126,-0.051383399209486175
2018-09-20,-0.21174477696216829,0.2704686617730096,0.02089215132693394,-0.18238283455674761,-0.06041784302653869
2018-09-21,-0.1993224167137211,0.24223602484472054,-0.003952569169960475,-0.1394692264257482,-0.09768492377188029
2018-09-25,-0.2907961603613778,0.14059853190287974,-0.09203839638622249,-0.18690005646527386,-0.04912478825522304
2018-09-26,-0.3551665725578769,0.2309429700734049,-0.02428006775832863,-0.10333145115753813,-0.031055900621118016
2018-09-27,-0.4488989271597968,0.30999435347261434,-0.10220214568040656,-0.023150762281197064,-0.05702992659514399
2018-09-28,-0.4059853190287973,0.22190852625635235,-0.13382269904009036,-0.145115753811406,-0.09881422924901187
2018-10-08,-0.4409937888198759,0.347261434217956,-0.019762845849802372,-0.03670242800677584,0.04686617730095992
2018-10-09,-0.45793337097684933,0.2840203274985884,-0.0942970073404856,-0.005081874647092039,0.08300395256916997
2018-10-10,-0.3529079616036138,0.3540372670807454,0.0378317334839074,0.047995482778091486,0.07284020327498589
2018-10-11,-0.4138904573687183,0.2840203274985884,-0.04912478825522304,0.012987012987012988,-0.11688311688311688
2018-10-12,-0.311123658949746,0.3574251835121401,0.14737436476566912,0.14624505928853757,0.13156408808582723
2018-10-15,-0.12478825522303785,0.18690005646527386,0.047995482778091486,0.028797289666854884,0.09316770186335405
2018-10-16,-0.30208921513269343,0.019762845849802372,-0.22303783173348396,0.06380575945793338,0.014116318464144554
2018-10-17,-0.2399774138904574,0.023150762281197064,-0.06606437041219651,0.1293054771315641,0.15866741953698477
2018-10-18,-0.047995482778091486,0.2840203274985884,0.12140033879164315,0.2523997741389046,0.13382269904009036
2018-10-19,-0.012987012987012988,0.21852060982495766,0.10671936758893281,0.3562958780350085,0.233201581027668
2018-10-22,0.0028232636928289105,0.19367588932806323,0.0942970073404856,0.4624505928853756,0.21626199887069456
2018-10-23,0.016374929418407683,0.2749858836815359,0.14398644833427443,0.4895539243365331,0.24449463579898364
2018-10-24,-0.009599096555618296,0.25691699604743085,0.0852625635234331,0.4500282326369283,0.22303783173348396
2018-10-25,-0.047995482778091486,0.12140033879164315,0.0852625635234331,0.4059853190287973,0.24562394127611523
2018-10-26,0.06521739130434782,0.32608695652173914,0.17588932806324112,0.46739130434782605,0.3339920948616601
2018-10-29,0.0909090909090909,0.18577075098814227,0.19071146245059292,0.40513833992094866,0.42687747035573126
2018-10-30,0.1057312252964427,0.25395256916996045,0.23517786561264822,0.48320158102766797,0.4229249011857708
2018-10-31,0.1007905138339921,0.18379446640316205,0.22924901185770752,0.46936758893280633,0.2737154150197629
2018-11-01,0.1314229249011858,0.2183794466403162,0.25691699604743085,0.4634387351778656,0.43577075098814233
2018-11-02,0.2005928853754941,0.2727272727272727,0.283596837944664,0.4881422924901186,0.4950592885375494
2018-11-05,0.17490118577075098,0.19367588932806326,0.2124505928853755,0.47134387351778656,0.2855731225296443
2018-11-06,0.19367588932806326,0.35474308300395263,0.34288537549407117,0.541501976284585,0.32806324110671936
2018-11-07,0.28514963297572,0.4376058723884812,0.4522868435911915,0.5776397515527951,0.5200451722190853
2018-11-08,0.24110671936758896,0.313382269904009,0.3608130999435348,0.5087521174477697,0.3777526821005082
2018-11-09,0.1981931112365895,0.1259175607001694,0.20948616600790515,0.41050254093732363,0.35855448898927167
2018-11-12,0.42352361065619615,0.150728939615099,0.28564369540172857,0.4882629257039929,0.5075364622449399
2018-11-13,0.4258893280632411,0.07015810276679843,0.29446640316205536,0.2974308300395257,0.45849802371541504
2018-11-14,0.43577075098814233,0.19762845849802374,0.40711462450592883,0.3675889328063241,0.5079051383399209
2018-11-15,0.3003952569169961,-0.18774703557312253,0.11561264822134389,0.0909090909090909,0.2865612648221344
2018-11-16,0.46173913043478254,-0.009565217391304347,0.2217391304347826,0.2121739130434782,0.4956521739130434
2018-11-19,0.3347826086956522,-0.16086956521739126,0.10173913043478258,0.015652173913043476,0.21130434782608692
2018-11-20,0.27304347826086955,-0.16260869565217392,0.08347826086956521,0.08695652173913042,0.37043478260869556
2018-11-21,0.3695652173913043,-0.2478260869565217,0.09304347826086956,0.04608695652173912,0.2817391304347826
2018-11-22,0.4165217391304347,-0.23304347826086955,0.10695652173913042,0.03826086956521739,0.36260869565217385
2018-11-23,0.32434782608695645,-0.16695652173913042,0.11217391304347826,0.05826086956521739,0.2626086956521739
2018-11-26,-0.11478260869565216,-0.003478260869565217,-0.07565217391304348,-0.10086956521739131,-0.11043478260869564
2018-11-27,-0.19565217391304346,-0.017391304347826087,-0.14782608695652172,-0.21043478260869564,-0.03043478260869565
2018-11-28,-0.3921739130434782,-0.10869565217391304,-0.30347826086956514,-0.28782608695652173,-0.014782608695652172
2018-11-29,-0.3017391304347826,-0.08086956521739129,-0.18173913043478263,-0.248695652173913,-0.1060869565217391
2018-11-30,-0.2869565217391304,-0.06695652173913043,-0.26086956521739124,-0.2782608695652174,0.007826086956521738
2018-12-03,-0.2434782608695652,0.0608695652173913,-0.19565217391304346,-0.06782608695652173,0.18869565217391301
2018-12-04,-0.14260869565217388,0.06782608695652173,-0.050434782608695654,0.05652173913043478,0.3556521739130434
2018-12-05,-0.13217391304347825,-0.08086956521739129,-0.16173913043478258,-0.02608695652173913,0.19304347826086957
2018-12-06,-0.21130434782608692,-0.025217391304347827,-0.21739130434782608,-0.015652173913043476,0.13652173913043478
2018-12-07,-0.28086956521739126,0.24434782608695652,-0.07130434782608694,0.2208695652173913,0.29913043478260865
2018-12-10,-0.2539130434782608,0.08869565217391304,-0.15826086956521737,0.08086956521739129,0.2269565217391304
2018-12-11,-0.0626086956521739,0.02260869565217391,-0.040869565217391296,0.19478260869565217,0.3878260869565217
2018-12-12,-0.09565217391304347,0.08869565217391304,-0.034782608695652174,0.20173913043478262,0.25478260869565217
2018-12-13,-0.0017391304347826085,0.04521739130434782,0.01826086956521739,0.25999999999999995,0.32608695652173914
2018-12-14,-0.07391304347826086,0.19043478260869565,0.05739130434782608,0.34347826086956523,0.26347826086956516
2018-12-17,0.020869565217391303,0.03217391304347826,-0.017391304347826087,0.16869565217391302,0.19565217391304346
2018-12-18,0.07217391304347825,0.17478260869565218,0.09478260869565217,0.368695652173913,0.35826086956521735
2018-12-19,0.05826086956521739,0.15739130434782608,0.1269565217391304,0.39826086956521733,0.32347826086956516
2018-12-20,0.13304347826086957,0.14608695652173911,0.07043478260869565,0.2982608695652174,0.2869565217391304
2018-12-21,0.23391304347826083,0.24608695652173912,0.2504347826086956,0.4313043478260869,0.4313043478260869
2018-12-24,0.3008695652173913,-0.021739130434782605,0.09999999999999999,0.24695652173913044,0.19826086956521738
2018-12-25,0.4318181818181818,0.1808300395256917,0.33300395256917,0.4950592885375494,0.2974308300395257
2018-12-26,0.391304347826087,0.17687747035573123,0.3853754940711462,0.4723320158102767,0.4031620553359684
2018-12-27,0.35177865612648224,0.18675889328063244,0.3092885375494071,0.5059288537549407,0.3527667984189723
2018-12-28,0.4130434782608696,0.07213438735177866,0.3626482213438736,0.48023715415019763,0.4100790513833992
2019-01-02,0.3438735177865613,0.04644268774703557,0.3201581027667984,0.43478260869565216,0.5
2019-01-03,0.39624505928853754,0.23221343873517786,0.41798418972332013,0.4436758893280633,0.5701581027667983
2019-01-04,0.4011857707509882,0.11264822134387352,0.3794466403162055,0.25395256916996045,0.5138339920948617
2019-01-07,0.40909090909090917,0.1432806324110672,0.4100790513833992,0.27964426877470355,0.4792490118577075
2019-01-08,0.3735177865612649,0.06818181818181818,0.3023715415019763,0.19960474308300394,0.43774703557312256
2019-01-09,0.33695652173913043,0.1956521739130435,0.3488142292490119,0.18675889328063244,0.3577075098814229
2019-01-10,0.27043478260869563,0.002608695652173913,0.21391304347826084,0.020869565217391303,0.17652173913043476
2019-01-11,0.23739130434782607,-0.011304347826086955,0.19391304347826085,0.01826086956521739,0.3078260869565217
2019-01-14,0.27478260869565213,0.11304347826086956,0.3104347826086956,0.12608695652173912,0.2721739130434782
2019-01-15,0.21739130434782608,0.02695652173913043,0.20956521739130432,-0.01652173913043478,0.21043478260869564
2019-01-16,0.2643478260869565,0.04869565217391304,0.18086956521739128,0.0634782608695652,0.3139130434782608
2019-01-17,0.2208695652173913,0.09826086956521737,0.20956521739130432,-0.02608695652173913,0.13565217391304346
2019-01-18,-0.03565217391304347,0.03130434782608695,0.042608695652173914,0.03217391304347826,0.17043478260869566
2019-01-21,-0.021739130434782605,-0.049565217391304345,0.02608695652173913,0.003478260869565217,0.3069565217391304
2019-01-22,0.040869565217391296,-0.33652173913043476,-0.19391304347826085,-0.2669565217391304,0.31130434782608696
2019-01-23,-0.02695652173913043,-0.32521739130434785,-0.17652173913043476,-0.23739130434782607,0.3608695652173913
2019-01-24,-0.2495652173913043,-0.4139130434782608,-0.2904347826086956,-0.40782608695652167,-0.027826086956521737
2019-01-25,-0.22,-0.29913043478260865,-0.268695652173913,-0.2617391304347826,0.08695652173913042
2019-01-28,-0.328695652173913,-0.49999999999999994,-0.43652173913043474,-0.4408695652173913,-0.1208695652173913
2019-01-29,-0.21826086956521737,-0.40347826086956523,-0.33304347826086955,-0.4313043478260869,-0.23913043478260865
2019-01-30,-0.03304347826086956,-0.41739130434782606,-0.2495652173913043,-0.3739130434782608,-0.29130434782608694
2019-01-31,-0.25913043478260867,-0.5121739130434783,-0.4121739130434783,-0.39826086956521733,-0.43304347826086953
2019-02-01,-0.32260869565217387,-0.36695652173913035,-0.3539130434782608,-0.39739130434782605,-0.44695652173913036
2019-02-11,-0.4730434782608695,-0.2713043478260869,-0.4478260869565217,-0.33826086956521734,-0.45999999999999996
2019-02-12,-0.437391304347826,-0.29130434782608694,-0.40434782608695646,-0.33652173913043476,-0.3652173913043478
2019-02-13,-0.37304347826086953,-0.33304347826086955,-0.3695652173913043,-0.27304347826086955,-0.3060869565217391
2019-02-14,-0.33826086956521734,-0.21826086956521737,-0.3695652173913043,-0.17043478260869566,0.054782608695652164
2019-02-15,-0.4460869565217391,-0.2721739130434782,-0.42173913043478256,-0.2278260869565217,-0.06695652173913043
2019-02-18,-0.5052173913043477,-0.17043478260869566,-0.4434782608695652,-0.1878260869565217,0.14869565217391303
2019-02-19,-0.4165217391304347,-0.0608695652173913,-0.2695652173913043,0.0008695652173913043,0.35826086956521735
2019-02-20,-0.32521739130434785,-0.19999999999999998,-0.33739130434782605,-0.09999999999999999,0.15217391304347824
2019-02-21,-0.41130434782608694,-0.17130434782608694,-0.40347826086956523,-0.09043478260869564,0.12
2019-02-22,-0.17565217391304347,-0.014782608695652172,-0.13304347826086957,-0.033913043478260865,0.03043478260869565
2019-02-25,-0.16869565217391302,0.1217391304347826,-0.05130434782608695,0.09999999999999999,0.11478260869565216
2019-02-26,-0.20434782608695648,0.22608695652173913,0.013043478260869565,0.2626086956521739,0.1843478260869565
2019-02-27,-0.03826086956521739,0.41130434782608694,0.2504347826086956,0.47043478260869553,0.2713043478260869
2019-02-28,-0.17565217391304347,0.33739130434782605,0.18,0.3678260869565217,0.27391304347826084
2019-03-01,-0.2713043478260869,0.37652173913043474,0.13999999999999999,0.37478260869565216,0.19304347826086957
2019-03-04,-0.16695652173913042,0.45217391304347826,0.27999999999999997,0.4321739130434783,0.17478260869565218
2019-03-05,-0.268695652173913,0.4252173913043478,0.22869565217391302,0.4313043478260869,0.17913043478260868
2019-03-06,-0.19217391304347822,0.45217391304347826,0.2539130434782608,0.4382608695652173,0.36260869565217385
2019-03-07,-0.3565217391304348,0.44695652173913036,0.1652173913043478,0.4139130434782608,0.31130434782608696
2019-03-08,-0.24608695652173912,0.22869565217391302,0.11043478260869564,0.2652173913043478,0.39652173913043476
2019-03-11,-0.45652173913043476,0.15826086956521737,-0.13826086956521738,0.13478260869565215,0.24434782608695652
2019-03-12,-0.2991954843505805,0.13785605892315994,-0.011306806094644033,0.16916721426217415,0.2043922640185652
2019-03-13,-0.27304347826086955,0.034782608695652174,-0.07304347826086956,0.2573913043478261,0.21913043478260866
2019-03-14,-0.06782608695652173,0.09304347826086956,0.08695652173913042,0.2226086956521739,0.13217391304347825
2019-03-15,-0.019130434782608695,0.11130434782608695,0.002608695652173913,0.18173913043478263,0.17304347826086955
2019-03-18,-0.16786258278971522,0.08914981728469333,-0.013046314724589269,0.14959774217529026,0.21178517569583247
2019-03-19,-0.1452173913043478,-0.007826086956521738,-0.05913043478260869,0.13391304347826086,0.08695652173913042
2019-03-20,-0.13999999999999999,-0.008695652173913044,-0.06608695652173913,0.06956521739130435,0.05391304347826086
2019-03-21,-0.023478260869565212,-0.09217391304347824,-0.013043478260869565,-0.05913043478260869,-0.09913043478260869
2019-03-22,0.08521739130434783,-0.13478260869565215,-0.0008695652173913043,-0.13999999999999999,-0.1782608695652174
2019-03-25,0.013913043478260868,-0.3095652173913043,-0.09043478260869564,-0.31304347826086953,-0.21739130434782608
2019-03-26,-0.07509881422924902,-0.2065217391304348,-0.06719367588932806,-0.11067193675889328,-0.18873517786561267
2019-03-27,-0.07213438735177866,-0.14525691699604742,-0.04644268774703557,-0.11857707509881424,0.05138339920948617
2019-03-28,-0.15316205533596838,0.017786561264822136,0.008893280632411068,0.0909090909090909,-0.024703557312252968
2019-03-29,0.05928853754940712,0.17588932806324112,0.1926877470355731,0.17885375494071146,0.2974308300395257
2019-04-01,0.17687747035573123,0.20256916996047433,0.22134387351778656,0.3043478260869565,0.48616600790513836
2019-04-02,0.32695652173913037,0.09565217391304347,0.26347826086956516,0.21652173913043476,0.6539130434782607
2019-04-03,0.35826086956521735,0.11913043478260868,0.23391304347826083,0.1652173913043478,0.49391304347826087
2019-04-04,0.31876495643746444,0.2191780873730997,0.3231137280123276,0.3296368853746222,0.5148945544637898
2019-04-08,0.3208695652173913,0.24,0.41478260869565214,0.32956521739130434,0.37652173913043474
2019-04-09,0.29739130434782607,0.17565217391304347,0.2495652173913043,0.21304347826086956,0.2417391304347826
2019-04-10,0.46434782608695646,0.48869565217391303,0.5982608695652173,0.4904347826086956,0.35826086956521735
2019-04-11,0.49391304347826087,0.5417391304347825,0.7652173913043477,0.5808695652173912,0.4660869565217391
2019-04-12,0.47478260869565214,0.40869565217391296,0.6452173913043477,0.4991304347826086,0.4626086956521739
2019-04-15,0.45826086956521733,0.5121739130434783,0.6782608695652173,0.5852173913043477,0.41478260869565214
2019-04-16,0.46782608695652167,0.548695652173913,0.6591304347826087,0.6330434782608695,0.5869565217391304
2019-04-17,0.42,0.5260869565217391,0.6826086956521739,0.5234782608695652,0.5008695652173912
2019-04-18,0.4765217391304347,0.6252173913043478,0.7313043478260869,0.6034782608695652,0.40782608695652167
2019-04-19,0.3391304347826086,0.5930434782608696,0.6678260869565217,0.54,0.46956521739130425
2019-04-22,0.4060869565217391,0.47391304347826085,0.6034782608695652,0.43478260869565216,0.2826086956521739
2019-04-23,0.46173913043478254,0.5060869565217391,0.6452173913043477,0.47913043478260864,0.3869565217391304
2019-04-24,0.44695652173913036,0.46956521739130425,0.6347826086956522,0.45999999999999996,0.3556521739130434
2019-04-25,0.5078260869565216,0.5643478260869564,0.6886956521739129,0.5121739130434783,0.3460869565217391
2019-04-26,0.5391304347826086,0.42173913043478256,0.577391304347826,0.38434782608695645,0.3356521739130434
2019-04-29,0.5026086956521739,0.45999999999999996,0.5521739130434782,0.42956521739130427,0.248695652173913
2019-04-30,0.4130434782608695,0.2817391304347826,0.4017391304347826,0.2295652173913043,-0.04869565217391304
2019-05-06,0.3,0.468695652173913,0.48521739130434777,0.4269565217391304,0.19826086956521738
2019-05-07,0.2069565217391304,0.27478260869565213,0.41478260869565214,0.24260869565217388,0.1469565217391304
2019-05-08,0.27615384615384614,0.22846153846153847,0.45692307692307693,0.24769230769230768,0.2684615384615385
2019-05-09,0.1623076923076923,0.08846153846153845,0.33999999999999997,0.1753846153846154,0.24153846153846154
2019-05-10,0.28076923076923077,0.07615384615384616,0.24461538461538462,0.12153846153846154,0.22076923076923075
2019-05-13,0.1423076923076923,0.05538461538461539,0.19846153846153847,0.09692307692307693,0.049999999999999996
2019-05-14,0.1723076923076923,0.07923076923076922,0.24846153846153846,0.08923076923076922,-0.039999999999999994
2019-05-15,0.1623076923076923,0.09153846153846153,0.18076923076923077,0.013846153846153848,0.02923076923076923
2019-05-16,0.2169230769230769,0.050769230769230775,0.23153846153846153,0.09999999999999999,0.1746153846153846
2019-05-17,0.1769230769230769,0.03,0.23307692307692307,0.10846153846153846,0.002307692307692308
2019-05-20,0.07538461538461538,0.09230769230769231,0.11384615384615385,-0.033846153846153845,0.08692307692307692
2019-05-21,0.16846153846153847,0.011538461538461539,0.15153846153846154,-0.002307692307692308,0.1776923076923077
2019-05-22,0.06230769230769231,0.03769230769230769,0.18230769230769234,0.12461538461538461,0.2530769230769231
2019-05-23,-0.21461538461538462,0.22384615384615386,0.1746153846153846,0.29384615384615387,0.3646153846153847
2019-05-24,-0.2169230769230769,0.21538461538461537,0.13384615384615384,0.2276923076923077,0.07076923076923076
2019-05-27,-0.2353846153846154,0.3238461538461538,0.14384615384615382,0.29615384615384616,0.18846153846153846
2019-05-28,-0.19153846153846155,0.45,0.25076923076923074,0.40692307692307694,0.27153846153846156
2019-05-29,-0.2369230769230769,0.2753846153846154,0.10461538461538461,0.34307692307692306,0.3676923076923077
2019-05-30,-0.10769230769230768,0.43999999999999995,0.2692307692307692,0.4176923076923077,0.41615384615384615
2019-05-31,-0.0876923076923077,0.39384615384615385,0.26692307692307693,0.3546153846153846,0.46307692307692305
2019-06-03,-0.13,0.3553846153846154,0.29384615384615387,0.33692307692307694,0.1853846153846154
2019-06-04,-0.022307692307692306,0.12153846153846154,0.11153846153846154,0.09384615384615384,0.14846153846153848
2019-06-05,-0.04230769230769231,-0.049999999999999996,-0.02846153846153846,0.03153846153846154,0.22230769230769232
2019-06-06,-0.06230769230769231,0.06923076923076923,0.10230769230769231,0.09615384615384616,0.20846153846153848
2019-06-10,-0.11923076923076922,0.24,0.2069230769230769,0.2907692307692308,0.38
2019-06-11,-0.003846153846153846,0.07846153846153846,0.08538461538461539,0.19538461538461538,0.39384615384615385
2019-06-12,0.005384615384615384,0.059230769230769226,0.03923076923076923,0.2530769230769231,0.4061538461538462
2019-06-13,0.04461538461538461,0.21846153846153843,0.2169230769230769,0.37846153846153846,0.47307692307692306
2019-06-14,0.07153846153846154,0.24307692307692308,0.28307692307692306,0.3576923076923077,0.2946153846153846
2019-06-17,0.10692307692307691,0.22076923076923075,0.28538461538461535,0.3046153846153846,0.2784615384615384
2019-06-18,0.06384615384615384,0.23307692307692307,0.18615384615384614,0.2846153846153846,0.31999999999999995
2019-06-19,0.04692307692307692,0.16846153846153847,0.11384615384615385,0.2692307692307692,0.25230769230769234
2019-06-20,-0.03923076923076923,0.22538461538461538,0.030769230769230767,0.2923076923076923,0.25153846153846154
2019-06-21,0.006923076923076924,0.0876923076923077,0.05384615384615384,0.22538461538461538,0.31846153846153846
2019-06-24,0.04230769230769231,-0.023076923076923078,0.01769230769230769,0.12692307692307694,0.3646153846153847
2019-06-25,0.013846153846153848,0.05153846153846154,0.0007692307692307692,0.1476923076923077,0.3130769230769231
2019-06-26,-0.11461538461538462,0.026153846153846153,-0.08692307692307692,0.08692307692307692,0.1992307692307692
2019-06-27,0.07478260869565216,0.1443478260869565,0.10434782608695652,0.20434782608695648,0.12347826086956522
2019-06-28,0.05692307692307692,0.006923076923076924,0.03,0.2692307692307692,0.1376923076923077
2019-07-01,0.07615384615384616,0.04923076923076923,0.023846153846153843,0.2815384615384615,0.1769230769230769
2019-07-02,0.10692307692307691,-0.13153846153846155,-0.02923076923076923,0.1446153846153846,0.12615384615384617
2019-07-03,0.11461538461538462,-0.21000000000000002,-0.07076923076923076,0.030769230769230767,0.059230769230769226
2019-07-04,0.07076923076923076,-0.021538461538461538,-0.0876923076923077,0.05307692307692308,-0.05846153846153846
2019-07-05,0.04461538461538461,0.19076923076923075,0.07076923076923076,0.3161538461538462,0.10846153846153846
2019-07-08,-0.07692307692307691,0.06692307692307692,-0.12461538461538461,0.11615384615384615,-0.05692307692307692
2019-07-09,-0.16846153846153847,-0.06230769230769231,-0.2915384615384616,0.006153846153846154,0.16615384615384618
2019-07-10,-0.0876923076923077,-0.11923076923076922,-0.29846153846153844,-0.03,0.12230769230769231
2019-07-11,-0.027692307692307697,-0.1753846153846154,-0.2976923076923077,-0.09461538461538462,-0.022307692307692306
2019-07-12,-0.2846153846153846,-0.13153846153846155,-0.39307692307692305,-0.12,0.06999999999999999
2019-07-15,-0.25461538461538463,0.08461538461538462,-0.19769230769230767,0.10538461538461538,0.22076923076923075
2019-07-16,-0.23153846153846153,-0.05384615384615384,-0.29384615384615387,0.043076923076923075,0.24615384615384614
2019-07-17,-0.3030769230769231,-0.09076923076923075,-0.3569230769230769,-0.11307692307692309,0.15999999999999998
2019-07-18,-0.45307692307692304,0.022307692307692306,-0.25769230769230766,0.005384615384615384,0.10153846153846155
2019-07-19,-0.39384615384615385,0.09307692307692307,-0.22384615384615386,0.0007692307692307692,0.04384615384615385
2019-07-22,-0.40307692307692305,0.1176923076923077,-0.09076923076923075,0.033846153846153845,0.05692307692307692
2019-07-23,-0.3392307692307693,0.19692307692307692,-0.006153846153846154,0.05538461538461539,0.025384615384615387
2019-07-24,-0.35307692307692307,0.09692307692307693,-0.05615384615384616,0.007692307692307692,0.020769230769230772
2019-07-25,-0.4107692307692308,0.1423076923076923,-0.05846153846153846,0.08230769230769232,0.13538461538461538
2019-07-26,-0.4415384615384615,0.09461538461538462,-0.17076923076923078,-0.08615384615384615,-0.02846153846153846
2019-07-29,-0.35846153846153844,0.18846153846153846,-0.002307692307692308,-0.003846153846153846,-0.11923076923076922
2019-07-30,-0.3153846153846154,0.13538461538461538,-0.09230769230769231,-0.08076923076923077,-0.02692307692307692
2019-07-31,-0.1992307692307692,0.03230769230769231,-0.048461538461538466,-0.1276923076923077,-0.12846153846153846
2019-08-01,-0.19846153846153847,-0.012307692307692308,-0.06923076923076923,-0.08923076923076922,-0.03615384615384615
2019-08-02,-0.14464320329114744,-0.11963839421156076,-0.13117907532521617,-0.26505097624361856,-0.0015387574818207176
2019-08-05,-0.10384615384615385,-0.022307692307692306,0.036923076923076927,-0.12846153846153846,0.04230769230769231
2019-08-06,-0.016153846153846154,-0.008461538461538461,0.06384615384615384,-0.19846153846153847,-0.004615384615384616
2019-08-07,0.021538461538461538,0.023846153846153843,0.14846153846153848,-0.17076923076923078,-0.15538461538461537
2019-08-08,-0.03769230769230769,0.11230769230769232,0.15076923076923077,-0.059230769230769226,-0.05384615384615384
2019-08-09,0.16849394425936856,0.04423927760234562,0.29774957273230884,-0.22504328171627996,-0.4250817543529732
2019-08-12,0.09769230769230769,0.14846153846153848,0.2569230769230769,-0.08846153846153845,-0.11923076923076922
2019-08-13,0.009999999999999998,0.14384615384615382,0.15000000000000002,-0.03615384615384615,-0.25153846153846154
2019-08-14,0.050769230769230775,-0.023846153846153843,0.11692307692307692,-0.17076923076923078,-0.21384615384615382
2019-08-15,-0.04461538461538461,-0.10153846153846155,-0.18615384615384614,-0.18230769230769234,-0.28076923076923077
2019-08-16,-0.01923076923076923,-0.07615384615384616,-0.09153846153846153,-0.25,-0.4646153846153846
2019-08-19,0.13538461538461538,-0.31999999999999995,-0.19769230769230767,-0.2553846153846154,-0.2753846153846154
2019-08-20,0.04923076923076923,-0.30999999999999994,-0.26153846153846155,-0.2561538461538462,-0.15307692307692308
2019-08-21,0.006923076923076924,-0.050769230769230775,-0.016923076923076923,-0.20846153846153848,-0.34384615384615386
2019-08-22,0.016153846153846154,-0.12,-0.04923076923076923,-0.3038461538461538,-0.5384615384615384
2019-08-23,0.11307692307692309,0.1176923076923077,0.12461538461538461,0.03769230769230769,-0.27999999999999997
2019-08-26,0.12846153846153846,0.06615384615384615,0.07923076923076922,-0.05384615384615384,-0.13076923076923078
2019-08-27,0.22692307692307692,0.13692307692307693,0.12846153846153846,-0.006923076923076924,-0.18384615384615385
2019-08-28,0.2869230769230769,-0.05846153846153846,0.04538461538461538,-0.1769230769230769,-0.27
2019-08-29,0.3276923076923077,0.1676923076923077,0.24692307692307694,0.07307692307692308,-0.21153846153846154
2019-08-30,0.1276923076923077,0.2653846153846154,0.14692307692307693,0.08615384615384615,-0.16692307692307692
2019-09-02,0.21538461538461537,0.057692307692307696,0.07307692307692308,-0.07153846153846154,-0.30153846153846153
2019-09-03,0.30000000000000004,0.19538461538461538,0.2592307692307692,0.07846153846153846,-0.3507692307692308
2019-09-04,0.45931910832348416,0.24697057583222515,0.48740143236671224,0.28197730854364644,-0.2989036408436744
2019-09-05,0.37538461538461537,0.17307692307692307,0.3353846153846154,0.21000000000000002,-0.22692307692307692
2019-09-06,0.27307692307692305,0.08615384615384615,0.20230769230769227,0.1276923076923077,-0.33307692307692305
2019-09-09,0.2592307692307692,0.023076923076923078,0.1453846153846154,0.15692307692307692,-0.21000000000000002
2019-09-10,0.45230769230769236,0.043076923076923075,0.21769230769230768,0.26615384615384613,0.013846153846153848
2019-09-11,0.45692307692307693,0.11923076923076922,0.22461538461538463,0.1723076923076923,-0.13692307692307693
2019-09-12,0.27384615384615385,0.19999999999999998,0.16076923076923075,0.10307692307692308,-0.12923076923076923
2019-09-16,0.20384615384615384,0.20923076923076922,0.17615384615384613,0.2369230769230769,-0.027692307692307697
2019-09-17,0.08076923076923077,0.20230769230769227,0.10307692307692308,0.08384615384615385,-0.1323076923076923
2019-09-18,0.18846153846153846,0.24461538461538462,0.22153846153846157,0.18615384615384614,-0.1276923076923077
2019-09-19,0.3153846153846154,0.24307692307692308,0.29846153846153844,0.24,0.04384615384615385
2019-09-20,0.34076923076923077,0.32846153846153847,0.2892307692307692,0.2353846153846154,0.12846153846153846
2019-09-23,0.30615384615384617,0.2030769230769231,0.2892307692307692,0.2123076923076923,-0.059230769230769226
2019-09-24,0.26428159750270824,0.055779958716001006,0.13733410525249903,0.11079053869109166,-0.1696480123707341
2019-09-25,0.15999999999999998,0.09307692307692307,0.18230769230769234,0.1376923076923077,-0.18384615384615385
2019-09-26,-0.020769230769230772,-0.05307692307692308,0.003076923076923077,-0.04076923076923076,-0.21000000000000002
2019-09-27,-0.020003847263669328,-0.058088094938732085,0.0026928255931862556,-0.10809771309790539,-0.2869782703595638
2019-09-30,-0.16999999999999998,-0.18,-0.2815384615384615,-0.3646153846153847,-0.3576923076923077
2019-10-08,-0.08692307692307692,0.07999999999999999,-0.07076923076923076,-0.17615384615384613,-0.15923076923076923
2019-10-09,-0.21076923076923076,0.02692307692307692,-0.17846153846153845,-0.20615384615384616,-0.004615384615384616
2019-10-10,-0.11076923076923079,0.08076923076923077,-0.10692307692307691,-0.06230769230769231,0.13307692307692306
2019-10-11,-0.1392307692307692,0.10692307692307691,-0.06307692307692309,-0.057692307692307696,0.12
2019-10-14,-0.2230769230769231,-0.08153846153846152,-0.22076923076923075,-0.1453846153846154,0.2784615384615384
2019-10-15,-0.39384615384615385,0.08846153846153845,-0.2538461538461539,-0.06230769230769231,0.2030769230769231
2019-10-16,-0.5315384615384615,0.03846153846153846,-0.39,-0.16846153846153847,0.03615384615384615
2019-10-17,-0.5484615384615384,0.07769230769230769,-0.33615384615384614,-0.17384615384615384,-0.013076923076923076
2019-10-18,-0.5538461538461539,0.002307692307692308,-0.3707692307692308,-0.16999999999999998,0.11307692307692309
2019-10-21,-0.5292307692307692,0.03923076923076923,-0.39615384615384613,-0.17846153846153845,0.10999999999999999
2019-10-22,-0.4123076923076923,-0.024615384615384615,-0.34615384615384615,-0.19384615384615386,0.019999999999999997
2019-10-23,-0.4776923076923077,0.02846153846153846,-0.32692307692307687,-0.19,0.22153846153846157
2019-10-24,-0.5246153846153846,-0.05846153846153846,-0.4938461538461539,-0.19999999999999998,0.16384615384615386
2019-10-25,-0.4138461538461538,-0.06384615384615384,-0.35,-0.20153846153846153,0.30999999999999994
2019-10-28,-0.3276923076923077,-0.17615384615384613,-0.3946153846153846,-0.2030769230769231,0.34384615384615386
2019-10-29,-0.3892307692307692,-0.06999999999999999,-0.3638461538461538,-0.04538461538461538,0.45461538461538464
2019-10-30,-0.48,0.029565217391304344,-0.27999999999999997,0.1226086956521739,0.4878260869565217
2019-10-31,-0.33,-0.004615384615384616,-0.26384615384615384,0.06384615384615384,0.4776923076923077
2019-11-01,-0.1346153846153846,0.14384615384615382,-0.024615384615384615,0.36153846153846153,0.5892307692307692
2019-11-04,0.009999999999999998,0.11307692307692309,0.1176923076923077,0.5523076923076923,0.5623076923076923
2019-11-05,0.14692307692307693,0.12307692307692307,0.2323076923076923,0.6030769230769231,0.41923076923076924
2019-11-06,0.1723076923076923,0.15076923076923077,0.20384615384615384,0.6523076923076921,0.49846153846153846
2019-11-07,-0.0015384615384615385,0.06846153846153846,0.07384615384615385,0.5992307692307692,0.6038461538461538
2019-11-08,0.09076923076923075,0.03230769230769231,0.08538461538461539,0.5169230769230769,0.5423076923076924
2019-11-11,0.13692307692307693,0.09307692307692307,0.16384615384615386,0.4130769230769231,0.2169230769230769
2019-11-12,0.16076923076923075,0.10461538461538461,0.19538461538461538,0.4746153846153846,0.33461538461538465
2019-11-13,0.09923076923076923,-0.10538461538461538,0.03,0.40230769230769226,0.3569230769230769
2019-11-14,0.12846153846153846,-0.12923076923076923,0.02692307692307692,0.3884615384615384,0.3230769230769231
2019-11-15,0.22384615384615386,0.021538461538461538,0.21461538461538462,0.4576923076923077,0.45461538461538464
2019-11-18,0.27999999999999997,0.12692307692307694,0.21769230769230768,0.5346153846153846,0.5
2019-11-19,0.20923076923076922,0.03461538461538462,0.08615384615384615,0.42153846153846153,0.4476923076923077
2019-11-20,0.22153846153846157,0.06923076923076923,0.22384615384615386,0.4138461538461538,0.3561538461538461
2019-11-21,0.2646153846153846,-0.13153846153846155,0.06923076923076923,0.2569230769230769,0.20615384615384616
2019-11-22,0.2453846153846154,-0.04230769230769231,0.07384615384615385,0.1769230769230769,0.12538461538461537
2019-11-25,0.20846153846153848,0.1623076923076923,0.2538461538461539,0.39076923076923076,0.1446153846153846
2019-11-26,0.19307692307692306,0.1476923076923077,0.2869230769230769,0.29615384615384616,-0.0015384615384615385
2019-11-27,0.3538461538461538,0.2930769230769231,0.35846153846153844,0.2753846153846154,-0.08230769230769232
2019-11-28,0.37,0.24692307692307694,0.35307692307692307,0.30615384615384617,-0.05692307692307692
2019-11-29,0.3038461538461538,0.31999999999999995,0.3392307692307693,0.2792307692307692,-0.13
2019-12-02,0.19153846153846155,0.21769230769230768,0.20076923076923076,0.1476923076923077,0.030769230769230767
2019-12-03,0.014615384615384615,-0.046153846153846156,-0.14076923076923076,-0.13692307692307693,0.030769230769230767
2019-12-04,0.08692307692307692,0.003076923076923077,-0.06384615384615384,-0.0723076923076923,0.013076923076923076
2019-12-05,0.18307692307692305,0.21153846153846154,0.23153846153846153,0.1676923076923077,0.11846153846153845
2019-12-06,0.16999999999999998,0.15461538461538463,0.16076923076923075,0.12076923076923077,0.09461538461538462
2019-12-09,-0.07384615384615385,0.3030769230769231,0.21769230769230768,0.16538461538461538,0.12
2019-12-10,-0.005384615384615384,0.14076923076923076,0.15461538461538463,0.10384615384615385,0.12538461538461537
2019-12-11,0.07615384615384616,0.22615384615384618,0.19,0.04384615384615385,0.014615384615384615
2019-12-12,0.10846153846153846,0.18307692307692305,0.19615384615384615,0.16923076923076924,0.08384615384615385
2019-12-13,0.05384615384615384,0.1753846153846154,0.15153846153846154,0.15538461538461537,-0.009230769230769232
2019-12-16,-0.14923076923076922,0.08076923076923077,-0.019999999999999997,0.011538461538461539,0.1392307692307692
2019-12-17,-0.1753846153846154,0.18384615384615385,-0.003846153846153846,-0.13307692307692306,0.06076923076923077
2019-12-18,-0.10615384615384615,0.12538461538461537,-0.04384615384615385,-0.05692307692307692,0.2276923076923077
2019-12-19,-0.11615384615384615,0.15615384615384614,-0.06615384615384615,-0.10769230769230768,0.15307692307692308
2019-12-20,-0.15615384615384614,0.21999999999999997,-0.06692307692307692,-0.07999999999999999,0.07846153846153846
2019-12-23,-0.11384615384615385,0.22692307692307692,0.003846153846153846,0.019999999999999997,0.10076923076923076
2019-12-24,-0.03923076923076923,0.11307692307692309,0.03461538461538462,-0.05538461538461539,0.036923076923076927
2019-12-25,-0.07076923076923076,0.19153846153846155,0.05692307692307692,-0.06846153846153846,-0.020769230769230772
2019-12-26,-0.013846153846153848,0.2323076923076923,0.1676923076923077,0.09769230769230769,0.10076923076923076
2019-12-27,-0.06230769230769231,0.14384615384615382,-0.008461538461538461,-0.08076923076923077,0.15307692307692308
2019-12-30,0.059230769230769226,0.29923076923076924,0.16384615384615386,0.19,0.1946153846153846
2019-12-31,0.09999999999999999,0.35,0.24153846153846154,0.05692307692307692,-0.04384615384615385
2020-01-02,0.12692307692307694,0.4130769230769231,0.31846153846153846,0.22461538461538463,0.11384615384615385
2020-01-03,0.07999999999999999,0.29615384615384616,0.15999999999999998,0.03846153846153846,0.08230769230769232
2020-01-06,0.027692307692307697,0.30538461538461537,0.19692307692307692,0.10307692307692308,0.14692307692307693
2020-01-07,0.03923076923076923,0.2646153846153846,0.14846153846153848,0.08230769230769232,0.10076923076923076
2020-01-08,-0.004615384615384616,0.19076923076923075,0.10076923076923076,-0.04538461538461538,0.043076923076923075
2020-01-09,-0.010769230769230769,0.19769230769230767,0.07307692307692308,-0.10307692307692308,0.05615384615384616
2020-01-10,0.06,0.27307692307692305,0.21923076923076923,0.03923076923076923,0.15384615384615383
2020-01-13,0.11384615384615385,0.24153846153846154,0.21000000000000002,0.009999999999999998,0.04384615384615385
2020-01-14,-0.0723076923076923,0.21923076923076923,0.07769230769230769,0.03153846153846154,0.003846153846153846
2020-01-15,-0.09384615384615384,0.2407692307692308,0.09384615384615384,-0.03,-0.0015384615384615385
2020-01-16,-0.17076923076923078,0.24769230769230768,-0.007692307692307692,-0.02923076923076923,-0.05615384615384616
2020-01-17,-0.08538461538461539,0.40230769230769226,0.13615384615384615,0.1453846153846154,-0.15153846153846154
2020-01-20,-0.2776923076923077,0.40923076923076923,0.023076923076923078,0.025384615384615387,-0.12692307692307694
2020-01-21,-0.33461538461538465,0.12538461538461537,-0.23615384615384616,-0.039999999999999994,-0.006923076923076924
2020-01-22,-0.37461538461538463,0.11076923076923079,-0.23846153846153845,-0.06230769230769231,0.04461538461538461
2020-01-23,-0.23923076923076922,0.18230769230769234,-0.1476923076923077,0.052307692307692305,0.32692307692307687
2020-02-03,0.13538461538461538,0.13692307692307693,0.11692307692307692,0.21538461538461537,0.31076923076923074
2020-02-04,0.11230769230769232,0.11384615384615385,0.02692307692307692,0.20384615384615384,0.19615384615384615
2020-02-05,0.12538461538461537,0.19999999999999998,0.06615384615384615,0.14384615384615382,0.2653846153846154
2020-02-06,0.04461538461538461,0.14153846153846153,0.09230769230769231,0.30769230769230765,0.4330769230769231
2020-02-07,-0.04769230769230769,0.20615384615384616,-0.002307692307692308,0.4115384615384615,0.5461538461538461
2020-02-10,0.06769230769230769,0.15923076923076923,0.10461538461538461,0.4884615384615385,0.42615384615384616
2020-02-11,0.13615384615384615,-0.0007692307692307692,0.07538461538461538,0.3653846153846153,0.3507692307692308
2020-02-12,0.06692307692307692,0.021538461538461538,0.11846153846153845,0.4330769230769231,0.39384615384615385
2020-02-13,0.1276923076923077,-0.003076923076923077,0.0876923076923077,0.2915384615384616,0.3276923076923077
2020-02-14,0.1423076923076923,0.0,0.15000000000000002,0.4746153846153846,0.5576923076923077
2020-02-17,0.21999999999999997,-0.09769230769230769,0.19153846153846155,0.44307692307692315,0.5123076923076924
2020-02-18,0.2123076923076923,0.04769230769230769,0.2276923076923077,0.45615384615384613,0.5815384615384616
2020-02-19,0.30999999999999994,-0.08153846153846152,0.14615384615384616,0.30999999999999994,0.48384615384615387
2020-02-20,0.3769230769230769,-0.014615384615384615,0.22999999999999998,0.4669230769230769,0.44307692307692315
2020-02-21,0.15076923076923077,0.04461538461538461,0.10615384615384615,0.41615384615384615,0.49
2020-02-24,0.27076923076923076,-0.005384615384615384,0.15923076923076923,0.39076923076923076,0.5384615384615384
2020-02-25,0.21153846153846154,-0.07461538461538461,0.1276923076923077,0.42846153846153845,0.6284615384615384
2020-02-26,-0.06461538461538462,-0.14692307692307693,-0.12692307692307694,0.03307692307692307,0.43
2020-02-27,-0.22076923076923075,-0.17846153846153845,-0.2323076923076923,-0.003076923076923077,0.45
2020-02-28,-0.22999999999999998,-0.06076923076923077,-0.16923076923076924,0.03153846153846154,0.3130769230769231
2020-03-02,-0.31076923076923074,-0.1346153846153846,-0.24384615384615385,-0.06615384615384615,0.3246153846153846
2020-03-03,-0.17153846153846153,-0.02923076923076923,-0.12538461538461537,-0.036923076923076927,0.34076923076923077
2020-03-04,-0.06538461538461539,-0.06461538461538462,-0.14923076923076922,-0.08923076923076922,0.29000000000000004
2020-03-05,-0.09076923076923075,-0.15999999999999998,-0.19076923076923075,-0.20846153846153848,0.2953846153846154
2020-03-06,-0.1346153846153846,-0.15153846153846154,-0.19999999999999998,-0.20846153846153848,0.18384615384615385
2020-03-09,-0.13615384615384615,-0.2169230769230769,-0.2723076923076923,-0.43538461538461537,0.015384615384615384
2020-03-10,-0.14153846153846153,-0.03153846153846154,-0.04384615384615385,-0.16923076923076924,0.10076923076923076
2020-03-11,-0.24153846153846154,-0.1392307692307692,-0.2561538461538462,-0.3638461538461538,-0.0876923076923077
2020-03-12,-0.18307692307692305,-0.06230769230769231,-0.2369230769230769,-0.26076923076923075,0.04769230769230769
2020-03-13,-0.21153846153846154,0.07153846153846154,-0.1476923076923077,-0.04692307692307692,0.15846153846153843
2020-03-16,-0.43076923076923074,-0.013076923076923076,-0.3576923076923077,-0.2323076923076923,-0.041538461538461545
2020-03-17,-0.5892307692307692,0.07538461538461538,-0.40230769230769226,-0.21999999999999997,-0.08076923076923077
2020-03-18,-0.536923076923077,0.049999999999999996,-0.34153846153846157,-0.19692307692307692,-0.06
2020-03-19,-0.5569230769230769,-0.012307692307692308,-0.4076923076923077,-0.31384615384615383,-0.0007692307692307692
2020-03-20,-0.4415384615384615,0.11615384615384615,-0.2746153846153846,-0.14076923076923076,-0.010769230769230769
2020-03-23,-0.5038461538461538,0.15846153846153843,-0.30923076923076925,-0.20615384615384616,-0.14153846153846153
2020-03-24,-0.4976923076923077,0.17153846153846153,-0.27615384615384614,-0.18307692307692305,-0.022307692307692306
2020-03-25,-0.33692307692307694,0.22538461538461538,-0.13846153846153847,-0.06384615384615384,0.04923076923076923
2020-03-26,-0.22923076923076924,0.15461538461538463,-0.10076923076923076,-0.039999999999999994,0.1423076923076923
2020-03-27,-0.29000000000000004,-0.025384615384615387,-0.19384615384615386,-0.12846153846153846,0.19307692307692306
2020-03-30,-0.19846153846153847,-0.07076923076923076,-0.21538461538461537,-0.19384615384615386,0.05461538461538461
2020-03-31,-0.1323076923076923,-0.10307692307692308,-0.19153846153846155,-0.14692307692307693,0.06615384615384615
2020-04-01,-0.1753846153846154,0.003846153846153846,-0.1746153846153846,-0.15461538461538463,-0.048461538461538466
2020-04-02,-0.14076923076923076,0.05461538461538461,-0.09461538461538462,-0.1946153846153846,-0.13153846153846155
2020-04-03,-0.09461538461538462,-0.05153846153846154,-0.10615384615384615,-0.23076923076923078,-0.14923076923076922
2020-04-07,-0.03153846153846154,0.10615384615384615,0.07692307692307691,-0.025384615384615387,0.05461538461538461
2020-04-08,-0.013076923076923076,0.07384615384615385,0.07538461538461538,-0.07153846153846154,0.006923076923076924
2020-04-09,0.06230769230769231,0.15999999999999998,0.1323076923076923,-0.06,-0.003076923076923077
2020-04-10,0.05692307692307692,0.11538461538461539,0.09923076923076923,-0.18076923076923077,-0.14615384615384616
2020-04-13,-0.10538461538461538,0.15538461538461537,0.07769230769230769,-0.19538461538461538,-0.1276923076923077
2020-04-14,-0.08923076923076922,0.23307692307692307,0.12307692307692307,-0.16076923076923075,-0.16538461538461538
2020-04-15,-0.10538461538461538,0.21076923076923076,0.033846153846153845,-0.14846153846153848,0.023846153846153843
2020-04-16,-0.12846153846153846,0.21769230769230768,0.10692307692307691,-0.03923076923076923,0.05615384615384616
2020-04-17,-0.06846153846153846,0.23384615384615384,0.12923076923076923,-0.09461538461538462,-0.007692307692307692
2020-04-20,-0.039999999999999994,0.16538461538461538,0.030769230769230767,-0.06999999999999999,0.04538461538461538
2020-04-21,-0.003846153846153846,0.07615384615384616,0.026153846153846153,-0.08076923076923077,0.06846153846153846
2020-04-22,0.08615384615384615,0.12,0.014615384615384615,0.015384615384615384,0.046153846153846156
2020-04-23,0.016153846153846154,0.26615384615384613,0.1753846153846154,0.008461538461538461,-0.016923076923076923
2020-04-24,-0.020769230769230772,0.28384615384615386,0.19846153846153847,0.048461538461538466,-0.15999999999999998
2020-04-27,0.08153846153846152,0.3576923076923077,0.35846153846153844,0.1323076923076923,-0.10461538461538461
2020-04-28,-0.08424697212968428,0.578957502535045,0.39815349842111064,0.2535102951299632,-0.14233506706841637
2020-04-29,-0.05461538461538461,0.5938461538461539,0.3946153846153846,0.22692307692307692,-0.2453846153846154
2020-04-30,0.03153846153846154,0.6646153846153847,0.4584615384615385,0.2369230769230769,-0.2407692307692308
2020-05-06,-0.1654164292957271,0.45931910832348416,0.21696480493672118,0.05731871619782172,-0.38161185549153787
2020-05-07,-0.07538461538461538,0.5253846153846153,0.33153846153846156,0.33307692307692305,-0.2592307692307692
2020-05-08,-0.06538461538461539,0.49538461538461537,0.31769230769230766,0.12307692307692307,-0.24461538461538462
2020-05-11,-0.2346153846153846,0.45461538461538464,0.1946153846153846,0.06615384615384615,-0.16692307692307692
2020-05-12,-0.1746153846153846,0.4584615384615385,0.2776923076923077,0.09692307692307693,-0.1346153846153846
2020-05-13,-0.16999999999999998,0.3830769230769231,0.16384615384615386,0.15615384615384614,-0.12615384615384617
2020-05-14,-0.1523076923076923,0.43,0.2069230769230769,0.1746153846153846,-0.07384615384615385
2020-05-15,-0.28384615384615386,0.41615384615384615,0.07923076923076922,0.23615384615384616,0.06846153846153846
2020-05-18,-0.1623076923076923,0.3815384615384615,0.15384615384615383,0.24615384615384614,-0.16384615384615386
2020-05-19,-0.30076923076923073,0.4053846153846154,0.08230769230769232,0.14307692307692307,-0.26153846153846155
2020-05-20,-0.31999999999999995,0.3130769230769231,0.03923076923076923,0.14846153846153848,-0.38384615384615384
2020-05-21,-0.3492307692307692,0.23307692307692307,-0.016153846153846154,-0.023076923076923078,-0.44307692307692315
2020-05-22,-0.37,0.2953846153846154,-0.014615384615384615,-0.08076923076923077,-0.3738461538461539
2020-05-25,-0.25461538461538463,0.30846153846153845,0.07153846153846154,0.03307692307692307,-0.37538461538461537
2020-05-26,-0.21153846153846154,0.2869230769230769,0.061538461538461535,0.0015384615384615385,-0.21615384615384614
2020-05-27,-0.30230769230769233,0.17076923076923078,-0.09769230769230769,-0.08384615384615385,-0.40230769230769226
2020-05-28,-0.3992307692307692,0.014615384615384615,-0.21923076923076923,-0.2623076923076923,-0.3123076923076923
2020-05-29,-0.1946153846153846,0.16461538461538464,-0.052307692307692305,-0.15538461538461537,-0.2592307692307692
2020-06-01,-0.14615384615384616,0.1176923076923077,-0.07692307692307691,-0.14846153846153848,-0.27999999999999997
2020-06-02,-0.2230769230769231,0.2123076923076923,-0.009230769230769232,-0.03230769230769231,-0.03230769230769231
2020-06-03,-0.13384615384615384,0.18230769230769234,-0.04538461538461538,-0.04230769230769231,-0.004615384615384616
2020-06-04,-0.027692307692307697,0.061538461538461535,0.004615384615384616,-0.14384615384615382,0.002307692307692308
2020-06-05,-0.03923076923076923,0.018461538461538463,-0.08846153846153845,-0.1769230769230769,0.048461538461538466
2020-06-08,-0.006153846153846154,0.033846153846153845,-0.06230769230769231,-0.08923076923076922,0.11230769230769232
2020-06-09,-0.012307692307692308,0.09692307692307693,-0.03,-0.11076923076923079,0.059230769230769226
2020-06-10,0.09384615384615384,0.1992307692307692,0.17307692307692307,0.050769230769230775,-0.09307692307692307
2020-06-11,0.06307692307692309,0.12,0.08923076923076922,-0.03461538461538462,-0.11230769230769232
2020-06-12,0.05538461538461539,0.16153846153846155,0.10538461538461538,0.04923076923076923,-0.010769230769230769
2020-06-15,-0.04384615384615385,0.09230769230769231,0.016153846153846154,-0.09615384615384616,-0.10615384615384615
2020-06-16,0.18769230769230769,-0.10384615384615385,0.002307692307692308,-0.16538461538461538,-0.11538461538461539
2020-06-17,0.1723076923076923,0.010769230769230769,-0.009230769230769232,-0.05461538461538461,0.26153846153846155
2020-06-18,0.24692307692307694,-0.14615384615384616,0.06307692307692309,-0.049999999999999996,0.30076923076923073
2020-06-19,0.19230769230769232,-0.10538461538461538,-0.07769230769230769,-0.09230769230769231,0.19999999999999998
2020-06-22,0.17923076923076922,-0.023076923076923078,0.04230769230769231,-0.04461538461538461,0.4684615384615385
2020-06-23,0.2276923076923077,-0.061538461538461535,0.07769230769230769,0.013846153846153848,0.39307692307692305
2020-06-24,0.31153846153846154,0.06692307692307692,0.1853846153846154,0.19769230769230767,0.5423076923076924
2020-06-29,0.36846153846153845,0.13692307692307693,0.23615384615384616,0.22153846153846157,0.4238461538461538
2020-06-30,0.32347826086956516,-0.010434782608695651,0.13304347826086957,0.17391304347826084,0.4060869565217391
2020-07-01,0.19615384615384615,0.12923076923076923,0.09076923076923075,0.10384615384615385,0.3730769230769231
2020-07-02,0.22153846153846157,0.11384615384615385,0.13615384615384615,0.12307692307692307,0.31153846153846154
2020-07-03,0.22461538461538463,0.27307692307692305,0.28076923076923077,0.19,0.29384615384615387
2020-07-06,0.10076923076923076,0.27384615384615385,0.24153846153846154,0.24615384615384614,0.24230769230769234
2020-07-07,0.09769230769230769,0.4107692307692308,0.30923076923076925,0.2453846153846154,0.2407692307692308
2020-07-08,-0.06615384615384615,0.4646153846153846,0.20153846153846153,0.1776923076923077,0.26
2020-07-09,-0.13999999999999999,0.3815384615384615,0.07384615384615385,0.12230769230769231,0.15461538461538463
2020-07-10,0.08846153846153845,-0.01923076923076923,-0.021538461538461538,-0.1753846153846154,0.26
2020-07-13,0.06846153846153846,0.06461538461538462,0.02923076923076923,-0.057692307692307696,0.1423076923076923
2020-07-14,0.07846153846153846,0.08615384615384615,0.05307692307692308,-0.061538461538461535,0.0876923076923077
2020-07-15,0.2746153846153846,0.17846153846153845,0.21999999999999997,0.09769230769230769,0.09230769230769231
2020-07-16,0.24307692307692308,0.015384615384615384,0.16384615384615386,-0.009230769230769232,0.015384615384615384
2020-07-17,0.21538461538461537,-0.11384615384615385,0.12846153846153846,-0.025384615384615387,-0.1853846153846154
2020-07-20,0.10230769230769231,-0.03846153846153846,0.1376923076923077,0.003076923076923077,-0.2930769230769231
2020-07-21,0.11538461538461539,-0.018461538461538463,0.16615384615384618,-0.04076923076923076,-0.26
2020-07-22,0.15076923076923077,-0.10692307692307691,0.11846153846153845,-0.02923076923076923,-0.2776923076923077
2020-07-23,0.2346153846153846,-0.07615384615384616,0.24,0.05615384615384616,-0.17307692307692307
2020-07-24,0.18769230769230769,-0.05461538461538461,0.2653846153846154,0.03846153846153846,-0.12692307692307694
2020-07-27,0.2946153846153846,-0.0007692307692307692,0.33384615384615385,0.11153846153846154,0.006923076923076924
2020-07-28,0.15923076923076923,0.011538461538461539,0.21000000000000002,0.06076923076923077,-0.21615384615384614
2020-07-29,0.15307692307692308,0.11538461538461539,0.2569230769230769,0.16384615384615386,0.09
2020-07-30,-0.02692307692307692,0.21461538461538462,0.1769230769230769,0.2076923076923077,0.09615384615384616
2020-07-31,-0.09999999999999999,0.3215384615384615,0.11461538461538462,0.13999999999999999,0.016153846153846154
2020-08-03,-0.05615384615384616,0.27307692307692305,0.08846153846153845,0.07384615384615385,0.18384615384615385
2020-08-04,-0.1623389143320857,0.30198115580731577,0.11040584932063648,0.07655318472058069,0.06231967801373906
2020-08-05,-0.07384615384615385,0.3423076923076923,0.21769230769230768,0.1623076923076923,-0.08538461538461539
2020-08-06,-0.07846153846153846,0.3723076923076923,0.15076923076923077,0.09769230769230769,-0.06923076923076923
2020-08-07,-0.1769230769230769,0.5438461538461539,0.25461538461538463,0.26076923076923075,-0.05307692307692308
2020-08-10,-0.08076923076923077,0.4969230769230769,0.3676923076923077,0.4038461538461539,0.06461538461538462
2020-08-11,0.04076923076923076,0.4015384615384615,0.34153846153846157,0.3776923076923077,-0.019999999999999997
2020-08-12,0.19538461538461538,0.2076923076923077,0.28076923076923077,0.17384615384615384,-0.24
2020-08-13,0.023846153846153843,0.30615384615384617,0.18,0.10384615384615385,-0.06769230769230769
2020-08-14,0.021538461538461538,0.27384615384615385,0.11923076923076922,0.0007692307692307692,-0.19999999999999998
2020-08-17,0.003846153846153846,0.3392307692307693,0.13,0.13846153846153847,-0.1476923076923077
2020-08-18,-0.011538461538461539,0.39076923076923076,0.2069230769230769,0.11230769230769232,-0.14384615384615382
2020-08-19,-0.05153846153846154,0.4992307692307692,0.25846153846153846,0.22076923076923075,0.03769230769230769
2020-08-20,-0.10923076923076921,0.42538461538461536,0.2169230769230769,0.15538461538461537,-0.006923076923076924
2020-08-21,-0.07555555555555556,0.41059829059829056,0.2786324786324786,0.30735042735042734,0.0858119658119658
2020-08-24,0.052307692307692305,0.1063247863247863,0.1863247863247863,0.07487179487179485,-0.20888888888888887
2020-08-25,0.08034188034188033,0.08102564102564101,0.06324786324786325,-0.02427350427350427,-0.33948717948717944
2020-08-26,0.12615384615384614,0.212991452991453,0.31282051282051276,0.2834188034188034,-0.20136752136752134
2020-08-27,0.15487179487179487,0.005128205128205127,0.19247863247863245,0.0864957264957265,-0.2458119658119658
2020-08-28,0.12087912087912088,0.03540903540903541,0.14407814407814404,0.033577533577533576,-0.235042735042735
2020-08-31,0.2503052503052503,-0.06471306471306472,0.20757020757020758,0.10500610500610501,-0.07448107448107448
2020-09-01,0.3119658119658119,-0.14957264957264954,0.15506715506715504,0.054945054945054944,-0.19474969474969472
2020-09-02,0.19658119658119658,-0.11172161172161171,0.05372405372405373,-0.010989010989010988,-0.10378510378510379
2020-09-03,0.1395730706075534,-0.10837438423645321,-0.02955665024630542,-0.09250136836343732,-0.20142309797482214
2020-09-04,0.07772304324028462,-0.08976464148877941,0.005473453749315818,-0.19211822660098524,-0.2320744389709907
2020-09-07,-0.17788724685276408,0.004378762999452655,-0.23097974822112752,-0.2796934865900383,-0.15818281335522713
2020-09-08,-0.157088122605364,0.17350848385331144,-0.0421455938697318,-0.19485495347564313,-0.021346469622331693
2020-09-09,-0.41817186644772847,0.3968253968253968,-0.09304871373836891,-0.09304871373836891,-0.1510673234811166
2020-09-10,-0.40448823207443896,0.30979748221127534,-0.13355227148330595,-0.2463054187192118,-0.33169129720853857
2020-09-11,-0.3574165298303229,0.2753147235905857,-0.1384783798576902,-0.22660098522167485,-0.2868089764641488
2020-09-14,-0.3711001642036125,0.3853311439518336,0.013136288998357963,-0.1023535851122058,-0.1510673234811166
2020-09-15,-0.4373289545703339,0.41105637657361793,-0.0870279146141215,-0.11822660098522168,-0.16420361247947454
2020-09-16,-0.43623426382047065,0.40996168582375475,-0.11986863711001641,-0.09195402298850575,-0.14504652435686918
2020-09-17,-0.39244663382594414,0.34537493158182814,-0.06787082649151616,-0.05582922824302135,0.05582922824302135
2020-09-18,-0.27038861521620144,0.5002736726874657,0.06349206349206349,0.11767925561029009,-0.06349206349206349
2020-09-21,-0.27203065134099613,0.5073891625615763,0.08264915161466885,0.17022441160372195,0.03776683087027915
2020-09-22,-0.1565407772304324,0.48713738368910786,0.17515051997810618,0.1981390257252326,0.15544608648056923
2020-09-23,-0.1620142309797482,0.350848385331144,0.10180623973727422,0.12753147235905857,0.15544608648056923
2020-09-24,-0.0921182266009852,0.33645320197044326,0.14334975369458125,0.33645320197044326,0.33990147783251223
2020-09-25,-0.12019704433497534,0.3177339901477832,0.13842364532019702,0.2261083743842364,0.23694581280788174
2020-09-28,0.005116796440489433,0.3828698553948832,0.22580645161290322,0.22625139043381537,0.05183537263626252
2020-09-29,-0.0460511679644049,0.43759733036707454,0.26941045606229147,0.29076751946607343,0.10567296996662959
2020-09-30,-0.10433815350389322,0.37174638487208006,0.20667408231368187,0.25383759733036704,0.04293659621802002
2020-10-09,0.13192436040044492,0.22180200222469412,0.24938820912124582,0.3686318131256952,0.10077864293659622
2020-10-12,0.44471635150166855,0.15061179087875418,0.4313681868743047,0.3196885428253615,-0.10522803114571745
2020-10-13,0.5452725250278087,0.13281423804226916,0.4709677419354839,0.40867630700778645,-0.10344827586206896
2020-10-14,0.531924360400445,0.11546162402669634,0.5546162402669632,0.36907675194660733,-0.007341490545050056
2020-10-15,0.5279199110122358,-0.0002224694104560623,0.3882091212458286,0.23114571746384868,-0.06295884315906564
2020-10-16,0.6022246941045606,0.027808676307007785,0.48654060066740823,0.32547274749721916,0.027808676307007785
2020-10-19,0.6124582869855395,0.058954393770856504,0.4602892102335928,0.2956618464961067,-0.058954393770856504
2020-10-20,0.5826473859844271,-0.013125695216907676,0.3882091212458286,0.2516129032258065,0.0024471635150166847
2020-10-21,0.603559510567297,-0.06340378197997774,0.39265850945494996,0.2565072302558398,-0.009121245828698554
2020-10-22,0.5163515016685205,-0.15506117908787542,0.3196885428253615,0.09766407119021134,-0.03937708565072302
2020-10-23,0.5167964404894326,-0.04872080088987764,0.40956618464961064,0.2289210233592881,-0.04427141268075639
2020-10-26,0.5946607341490544,-0.06785317018909899,0.4242491657397108,0.18487208008898778,0.055394883203559515
2020-10-27,0.5323692992213571,0.00689655172413793,0.41045606229143494,0.3014460511679644,0.15016685205784203
2020-10-28,0.525250278086763,-0.08609566184649611,0.38020022246941043,0.24449388209121245,0.17018909899888765
2020-10-29,0.5839822024471636,-0.08698553948832036,0.4255839822024471,0.24048943270300333,0.22491657397107895
2020-10-30,0.4709677419354839,-0.11368186874304784,0.2800889877641824,0.196440489432703,0.18264738598442715
2020-11-02,0.40734149054505003,-0.10789766407119021,0.2827586206896551,0.21067853170189096,0.15061179087875418
2020-11-03,0.539043381535039,-0.12525027808676306,0.3446051167964405,0.3548387096774193,0.37886540600667407
2020-11-04,0.5439377085650723,-0.15283648498331479,0.27919911012235815,0.2867630700778643,0.27519466073414905
2020-11-05,0.4647385984427141,-0.15283648498331479,0.3067853170189099,0.260511679644049,0.27875417130144603
2020-11-06,0.44293659621801995,0.07185761957730812,0.37352614015572855,0.3352614015572859,0.44382647385984425
2020-11-09,0.4540600667408231,-0.008231368186874304,0.3979977753058954,0.36907675194660733,0.44694104560622916
2020-11-10,0.32769744160177977,-0.1243604004449388,0.26985539488320354,0.24582869855394882,0.4825361512791991
2020-11-11,0.182202447163515,-0.13192436040044492,0.18798665183537264,0.18531701890989988,0.35795328142380417
2020-11-12,0.335706340378198,-0.03670745272525028,0.26807563959955505,0.15773081201334815,0.4473859844271412
2020-11-13,0.3045606229143492,-0.11768631813125695,0.18798665183537264,0.03136818687430478,0.35795328142380417
2020-11-16,0.20800889877641823,-0.14171301446051168,0.1221357063403782,0.05183537263626252,0.4318131256952169
2020-11-17,0.11590656284760845,0.13993325917686317,0.19332591768631813,0.14972191323692993,0.43448275862068964
2020-11-18,0.07675194660734148,0.06829810901001113,0.10522803114571745,0.13236929922135707,0.5417130144605116
2020-11-19,0.1275862068965517,0.04679802955665024,0.11133004926108372,0.05517241379310344,0.5389162561576353
2020-11-20,0.21970443349753688,-0.10935960591133002,0.13743842364532016,0.056157635467980284,0.5852216748768472
2020-11-23,0.08719211822660097,-0.15517241379310343,-0.010837438423645318,-0.01773399014778325,0.4793103448275861
2020-11-24,0.08483853311439518,-0.0629447181171319,0.054187192118226604,0.0481663929939792,0.49863163656267107
2020-11-25,0.17397734986332483,0.0758994670791842,0.19566291188594886,0.21192708340291694,0.45293253406344336
2020-11-26,0.2364532019704433,0.0004926108374384235,0.16059113300492608,0.14334975369458125,0.473399014778325
2020-11-27,0.30295566502463045,0.0502463054187192,0.2556650246305418,0.23546798029556643,0.5108374384236452
2020-11-30,0.2689655172413793,-0.03497536945812807,0.13152709359605907,0.1926108374384236,0.5497536945812806
2020-12-01,0.23990147783251226,-0.00985221674876847,0.2068965517241379,0.2364532019704433,0.6320197044334973
2020-12-02,0.2428571428571428,-0.0566502463054187,0.20197044334975364,0.21034482758620687,0.6975369458128078
2020-12-03,0.22906403940886697,-0.05517241379310344,0.18916256157635464,0.24876847290640386,0.7330049261083742
2020-12-04,0.24975369458128074,-0.15418719211822657,0.13743842364532016,0.09704433497536943,0.6906403940886698
2020-12-07,0.2807881773399014,-0.17093596059113297,0.08472906403940884,-0.019211822660098517,0.5743842364532018
2020-12-08,0.2925472747497219,-0.2578420467185762,0.057174638487208,-0.05406006674082313,0.5056729699666296
2020-12-09,0.2956618464961067,-0.22580645161290322,0.0460511679644049,-0.11946607341490545,0.4967741935483871
2020-12-10,0.3050055617352614,-0.20845383759733035,0.023359288097886538,-0.12525027808676306,0.5621802002224694
2020-12-11,0.2783092324805339,-0.27208008898776415,0.0046718576195773085,-0.13414905450500555,0.531924360400445
2020-12-14,0.2622914349276974,-0.33303670745272523,-0.030033370411568408,-0.13192436040044492,0.5568409343715239
2020-12-15,0.27919911012235815,-0.40734149054505003,-0.14171301446051168,-0.19955506117908786,0.5546162402669632
2020-12-16,0.25917686318131256,-0.4616240266963292,-0.11457174638487205,-0.2307007786429366,0.49766407119021133
2020-12-17,0.20667408231368187,-0.37619577308120133,-0.13058954393770855,-0.17730812013348163,0.5225806451612903
2020-12-18,0.16529477196885425,-0.33748609566184645,-0.20177975528364847,-0.20266963292547271,0.5359288097886541
2020-12-21,0.22758620689655173,-0.4838709677419355,-0.2671857619577308,-0.3468298109010011,0.40556173526140155
2020-12-22,0.31078976640711903,-0.35973303670745277,-0.11012235817575085,-0.1768631813125695,0.6271412680756396
2020-12-23,0.18487208008898778,-0.33036707452725245,-0.22491657397107895,-0.1982202447163515,0.5911012235817574
2020-12-24,0.2703003337041157,-0.16751946607341492,-0.025583982202447165,-0.11190211345939934,0.45272525027808674
2020-12-25,0.16307007786429364,-0.23203559510567295,-0.13058954393770855,-0.19421579532814237,0.4291434927697442
2020-12-28,0.10834260289210233,-0.019799777530589546,0.02469410456062291,0.03225806451612903,0.47363737486095664
2020-12-29,0.12569521690767518,-0.34015572858731924,-0.22981090100111232,-0.19154616240266964,0.45272525027808674
2020-12-30,0.08054288624764495,-0.22872399741043928,-0.20558460467630923,-0.14684614619736375,0.42629881229416505
2020-12-31,0.061179087875417135,-0.1870967741935484,-0.17196885428253617,-0.10122358175750834,0.47363737486095664
2021-01-04,0.1421579532814238,-0.04293659621802002,0.012235817575083427,0.012235817575083427,0.396662958843159
2021-01-05,0.1060483870967742,-0.09516129032258065,-0.07580645161290324,0.02217741935483871,0.5008064516129033
2021-01-06,0.04959677419354839,-0.07298387096774195,-0.0028225806451612906,-0.001209677419354839,0.45645161290322583
2021-01-07,-0.026612903225806457,0.09556451612903226,0.037096774193548385,0.24233870967741936,0.4903225806451614
2021-01-08,0.012096774193548388,0.3088709677419355,0.15645161290322582,0.3241935483870968,0.5463709677419355
2021-01-11,0.0028225806451612906,0.23669354838709677,0.14354838709677423,0.2633064516129032,0.5189516129032259
2021-01-12,-0.018145161290322582,0.35000000000000003,0.1641129032258065,0.3342741935483871,0.44193548387096776
2021-01-13,-0.19153225806451615,0.4487903225806453,0.2237903225806452,0.4141129032258065,0.4395161290322581
2021-01-14,-0.25282258064516133,0.4471774193548388,0.09838709677419355,0.36814516129032265,0.4838709677419355
2021-01-15,-0.24314516129032263,0.31854838709677424,0.06048387096774194,0.2923387096774194,0.39395161290322583
2021-01-18,-0.006048387096774194,0.1463709677419355,0.08790322580645162,0.2088709677419355,0.36895161290322587
2021-01-19,-0.01693548387096774,0.023790322580645163,-0.03508064516129032,-0.00846774193548387,0.23508064516129035
2021-01-20,-0.10040322580645164,0.1903225806451613,-0.03508064516129032,0.10645161290322583,0.21693548387096775
2021-01-21,-0.027016129032258068,0.33185483870967747,0.1338709677419355,0.23709677419354844,0.325
2021-01-22,-0.012096774193548385,0.23240469208211137,0.12023460410557184,0.31341642228739,0.14809384164222872
2021-01-25,-0.028592375366568914,0.3313782991202346,0.22653958944281521,0.4006598240469208,0.07441348973607037
2021-01-26,0.13966275659824043,0.23350439882697946,0.2994868035190616,0.31304985337243396,-0.0531524926686217
2021-01-27,0.044354838709677415,0.2071114369501466,0.2727272727272727,0.3071847507331378,-0.002932551319648094
2021-01-28,0.2129765395894428,0.11730205278592375,0.30461876832844575,0.23533724340175952,-0.04875366568914955
2021-01-29,0.06964809384164222,0.07697947214076245,0.14919354838709678,0.09640762463343108,-0.2107771260997067
2021-02-01,0.1389296187683284,-0.05791788856304985,0.11656891495601172,0.18621700879765396,-0.12316715542521992
2021-02-02,0.0975073313782991,0.0377565982404692,0.15872434017595305,0.30975073313782986,-0.17485337243401758
2021-02-03,0.18475073313782991,0.1096041055718475,0.2602639296187683,0.38159824046920815,-0.18071847507331376
2021-02-04,0.2745601173020527,0.024926686217008793,0.23020527859237536,0.30461876832844575,-0.23240469208211137
2021-02-05,0.344208211143695,-0.12829912023460407,0.11326979472140761,0.09530791788856303,-0.25439882697947214
2021-02-08,0.37719941348973607,-0.08284457478005865,0.1917155425219941,0.2107771260997067,-0.17668621700879764
2021-02-09,0.43071847507331373,-0.0971407624633431,0.2214076246334311,0.2126099706744868,-0.2807917888563049
2021-02-10,0.4252199413489736,-0.04912023460410556,0.22653958944281521,0.20564516129032256,-0.376466275659824
2021-02-18,0.4508797653958944,0.04912023460410556,0.32404692082111436,0.34347507331378296,-0.29325513196480935
2021-02-19,0.469574780058651,0.17668621700879764,0.4945014662756597,0.4098240469208211,-0.3500733137829911
2021-02-22,0.38746334310850433,0.2782258064516129,0.4945014662756597,0.38123167155425214,-0.26502932551319647
2021-02-23,0.42851906158357767,0.15579178885630496,0.43841642228739,0.3200146627565982,-0.4369501466275659
2021-02-24,0.5381231671554252,0.31598240469208205,0.6348973607038122,0.5230938416422287,-0.19538123167155422
2021-02-25,0.5619501466275659,0.26722873900293254,0.6037390029325512,0.47140762463343105,-0.2628299120234604
2021-02-26,0.45403721206180897,0.23169278806868251,0.5301072334609414,0.4118779230936152,-0.14022546113334028
2021-03-01,0.40469208211143687,0.12976539589442815,0.3973607038123167,0.25733137829912023,0.014296187683284457
2021-03-02,0.3801319648093841,0.1224340175953079,0.28702346041055715,0.11620234604105568,-0.007331378299120234
2021-03-03,0.5982404692082111,0.04032258064516129,0.4211876832844574,0.2467008797653959,0.04838709677419354
2021-03-04,0.4244868035190615,0.1315982404692082,0.36180351906158353,0.05828445747800586,0.04508797653958944
2021-03-05,0.4160557184750733,0.09494134897360704,0.3170821114369501,0.11070381231671556,-0.02456011730205278
2021-03-08,0.26466275659824046,0.07661290322580644,0.24230205278592373,-0.018328445747800584,-0.10703812316715541
2021-03-09,0.26722873900293254,0.049486803519061574,0.19061583577712607,-0.059017595307917885,-0.1510263929618768
2021-03-10,0.3075513196480938,0.21847507331378296,0.3108504398826979,0.10483870967741933,-0.014662756598240468
2021-03-11,0.2107771260997067,0.219574780058651,0.2727272727272727,0.09824046920821113,-0.005498533724340175
2021-03-12,0.09860703812316715,0.1722873900293255,0.1499266862170088,0.09604105571847506,0.03958944281524926
2021-03-15,-0.15469208211143692,0.16239002932551316,-0.00879765395894428,-0.02419354838709677,-0.043621700879765385
2021-03-16,-0.17375366568914952,0.21700879765395892,0.01099706744868035,-0.01063049853372434,-0.0018328445747800585
2021-03-17,0.0755131964809384,0.12353372434017595,0.03482404692082111,0.01979472140762463,0.12573313782991202
2021-03-18,0.02785923753665689,0.1539589442815249,0.10300586510263929,0.10740469208211142,0.374633431085044
2021-03-19,0.13856304985337242,0.28702346041055715,0.28042521994134895,0.2287390029325513,0.35960410557184747
2021-03-22,0.08577712609970674,0.14626099706744866,0.15542521994134895,0.16642228739002932,0.30315249266862165
2021-03-23,0.0784457478005865,0.21187683284457476,0.16642228739002932,0.17008797653958943,0.3405425219941349
2021-03-24,0.04765395894428152,0.2602639296187683,0.1785190615835777,0.2126099706744868,0.2591642228739003
2021-03-25,-0.07807917888563048,0.3192815249266862,0.11840175953079178,0.1946480938416422,0.282991202346041
2021-03-26,-0.043255131964809374,0.21554252199413487,0.06818181818181818,0.10190615835777124,0.2441348973607038
2021-03-29,-0.11840175953079178,0.1693548387096774,-0.006964809384164223,0.0656158357771261,0.1693548387096774
2021-03-30,-0.0846774193548387,0.2965542521994135,0.11803519061583577,0.125,0.07258064516129031
2021-03-31,-0.281524926686217,0.2859237536656891,0.011363636363636362,0.1220674486803519,0.19061583577712607
2021-04-01,-0.3350439882697947,0.31341642228739,0.01319648093841642,0.17925219941348972,0.2774926686217008
2021-04-02,-0.1759530791788856,0.12133431085043987,-0.00219941348973607,0.1730205278592375,0.4255865102639296
2021-04-06,0.004032258064516129,0.005131964809384164,0.03922287390029325,0.18255131964809382,0.565615835777126
2021-04-07,0.020161290322580645,-0.026759530791788853,-0.01539589442815249,0.12573313782991202,0.6304985337243401
2021-04-08,-0.04838709677419354,-0.13233137829912023,-0.0909090909090909,0.0656158357771261,0.4721407624633431
2021-04-09,-0.08651026392961875,-0.19574780058651026,-0.12573313782991202,-0.006964809384164223,0.4637096774193548
2021-04-12,-0.0689149560117302,-0.13673020527859234,-0.06195014662756597,0.16642228739002932,0.504032258064516
2021-04-13,-0.005131964809384164,-0.2958211143695014,-0.16202346041055718,-0.03922287390029325,0.38159824046920815
2021-04-14,-0.12353372434017595,-0.3346774193548387,-0.3416422287390029,-0.1854838709677419,0.3519061583577712
2021-04-15,-0.0813782991202346,-0.2569648093841642,-0.2214076246334311,-0.07148093841642228,0.36253665689149556
2021-04-16,-0.09640762463343108,-0.2525659824046921,-0.2917888563049853,-0.18951612903225803,0.3005865102639296
2021-04-19,-0.16788856304985336,-0.1719208211143695,-0.2965542521994135,-0.12976539589442815,0.3196480938416422
2021-04-20,-0.11143695014662756,-0.32697947214076245,-0.3643695014662756,-0.0846774193548387,0.44574780058651026
2021-04-21,-0.2283724340175953,-0.25769794721407624,-0.37976539589442815,-0.04838709677419354,0.47470674486803516
2021-04-22,-0.26796187683284456,-0.26392961876832843,-0.4134897360703812,-0.08834310850439882,0.4934017595307918
2021-04-23,-0.30901759530791784,-0.29508797653958946,-0.4226539589442815,-0.06598240469208211,0.3863636363636363
2021-04-26,-0.2998533724340176,-0.2855571847507331,-0.38892961876832843,-0.11217008797653959,0.282258064516129
2021-04-27,-0.04838709677419354,-0.17338709677419353,-0.11950146627565982,0.08211143695014662,0.20931085043988265
2021-04-28,-0.1502932551319648,-0.1499266862170088,-0.11876832844574779,0.11033724340175952,0.10520527859237536
2021-04-29,-0.01063049853372434,-0.18951612903225803,-0.035923753665689145,0.11107038123167154,0.11730205278592375
2021-04-30,0.2412023460410557,-0.029325513196480937,0.2697947214076246,0.22800586510263926,0.04032258064516129
2021-05-06,0.014662756598240468,0.2287390029325513,0.3108504398826979,0.3610703812316715,0.001099706744868035
2021-05-07,-0.17778592375366567,0.2225073313782991,0.2063782991202346,0.17815249266862168,0.033357771260997066
2021-05-10,-0.16752199413489735,0.3390762463343108,0.2591642228739003,0.2796920821114369,-0.002932551319648094
2021-05-11,-0.1601906158357771,0.2595307917888563,0.15212609970674487,0.23533724340175952,0.09970674486803517
2021-05-12,-0.063049853372434,0.27675953079178883,0.24266862170087974,0.2936217008797654,0.22360703812316712
2021-05-13,0.03665689149560117,0.013563049853372432,0.05351906158357771,0.009164222873900292,0.035557184750733134
2021-05-14,0.0018328445747800585,0.13049853372434017,0.17485337243401758,0.17741935483870966,-0.09604105571847506
2021-05-17,0.07881231671554251,0.2071114369501466,0.2848240469208211,0.26099706744868034,-0.05168621700879765
2021-05-18,0.11253665689149558,0.12646627565982405,0.22470674486803516,0.26832844574780057,0.044354838709677415
2021-05-19,-0.021627565982404687,0.11473607038123164,0.1759530791788856,0.27639296187683277,0.1224340175953079
2021-05-20,0.02456011730205278,0.12573313782991202,0.16678885630498533,0.2129765395894428,0.022360703812316713
2021-05-21,0.07294721407624633,0.21517595307917886,0.2283724340175953,0.2162756598240469,0.04142228739002932
2021-05-24,0.25183284457478,0.22434017595307917,0.33321114369501464,0.2701612903225806,0.1942815249266862
2021-05-25,0.33724340175953077,0.24376832844574778,0.4255865102639296,0.3566715542521994,0.20564516129032256
2021-05-26,0.3489736070381231,0.11510263929618768,0.35337243401759527,0.2730938416422287,0.16348973607038123
2021-05-27,0.2412023460410557,0.12170087976539588,0.2884897360703812,0.26099706744868034,0.19574780058651026
2021-05-28,0.2562316715542522,0.157258064516129,0.2540322580645161,0.22397360703812316,0.21847507331378296
2021-05-31,0.11107038123167154,0.1788856304985337,0.17338709677419353,0.22214076246334308,0.38306451612903225
2021-06-01,0.0377565982404692,0.09787390029325513,0.1191348973607038,0.1389296187683284,0.11546920821114366
2021-06-02,0.22142791771120923,0.1642379257195724,0.23994134460593783,0.22216112273674302,0.21757859132715676
2021-06-03,0.15469208211143692,0.05278592375366568,0.1638563049853372,0.13819648093841638,0.08687683284457476
2021-06-04,0.21517595307917886,0.0439882697947214,0.23570381231671553,0.20601173020527858,-0.01722873900293255
2021-06-07,0.20857771260997066,0.06378299120234603,0.2445014662756598,0.16972140762463342,-0.07734604105571846
2021-06-08,0.21444281524926684,0.25806451612903225,0.2917888563049853,0.2624633431085044,0.04728739002932551
2021-06-09,0.24230205278592373,0.14479472140762462,0.252199413489736,0.2107771260997067,-0.12646627565982405
2021-06-10,0.07404692082111436,0.11143695014662756,0.11070381231671556,0.15065982404692083,-0.21737536656891493
2021-06-11,0.05949197860962566,0.14371657754010697,0.04913101604278075,0.058155080213903754,-0.12633689839572193
2021-06-15,-0.01036096256684492,0.25300802139037437,0.1450534759358289,0.2553475935828877,0.022727272727272728
2021-06-16,-0.11864973262032086,0.16544117647058826,0.01270053475935829,0.02974598930481283,-0.08589572192513369
2021-06-17,-0.10161276880133205,0.17163867361672372,-0.05114063692961778,0.02724158110956764,0.034762263010982015
2021-06-18,0.2730614973262032,0.15474598930481284,0.1804812834224599,0.18014705882352944,0.0625
2021-06-21,0.2272727272727273,0.011697860962566845,0.15073529411764705,0.1270053475935829,0.1574197860962567
2021-06-22,0.268048128342246,0.08021390374331552,0.22627005347593582,0.24565508021390378,0.09491978609625669
2021-06-23,0.33322192513368987,0.15407754010695188,0.28709893048128343,0.19518716577540107,0.02840909090909091
2021-06-24,0.43048128342245995,0.12934491978609627,0.2847593582887701,0.17780748663101606,0.15441176470588236
2021-06-25,0.4842914438502674,0.09191176470588236,0.33188502673796794,0.2272727272727273,0.054812834224598934
2021-06-28,0.5337566844919787,0.10394385026737968,0.3532754010695187,0.19518716577540107,0.009358288770053477
2021-06-29,0.5350935828877006,0.16310160427807488,0.366644385026738,0.22794117647058826,-0.0822192513368984
2021-06-30,0.5026737967914439,0.13636363636363638,0.3091577540106952,0.1306818181818182,-0.03877005347593583
2021-07-01,0.4217914438502674,0.19017379679144386,0.30715240641711233,0.1948529411764706,0.06918449197860962
2021-07-02,0.4375,0.18348930481283424,0.31717914438502676,0.14171122994652408,-0.011363636363636364
2021-07-05,0.3960561497326204,0.19518716577540107,0.25300802139037437,0.07921122994652408,-0.04913101604278075
2021-07-06,0.35995989304812837,0.13903743315508021,0.18883689839572196,0.042446524064171126,-0.011697860962566845
2021-07-07,0.32624633431085037,0.007331378299120234,0.09860703812316715,-0.05865102639296187,-0.11217008797653959
2021-07-08,0.34759358288770054,0.2149064171122995,0.29445187165775405,0.10962566844919787,0.016042780748663103
2021-07-09,0.27038770053475936,0.08021390374331552,0.12733957219251338,-0.036096256684491984,-0.080548128342246
2021-07-12,0.27473262032085566,0.19251336898395724,0.16510695187165778,0.06684491978609626,-0.10962566844919787
2021-07-13,0.24030748663101606,0.16377005347593585,0.15909090909090912,0.008355614973262033,0.05681818181818182
2021-07-14,0.3218582887700535,0.11229946524064173,0.12065508021390375,0.007352941176470589,-0.12533422459893048
2021-07-15,0.4299853372434017,0.06818181818181818,0.2346041055718475,0.10557184750733135,-0.12426686217008798
2021-07-16,0.2720588235294118,0.14237967914438504,0.1647727272727273,0.04512032085561497,0.02005347593582888
2021-07-19,0.2620320855614973,0.16176470588235295,0.22426470588235295,0.07553475935828878,-0.10394385026737968
2021-07-20,0.2737299465240642,0.10427807486631017,0.17145721925133692,0.045454545454545456,-0.030414438502673797
2021-07-21,0.304812834224599,0.05782085561497327,0.19418449197860962,0.11597593582887701,-0.02038770053475936
2021-07-22,0.170120320855615,0.10360962566844921,0.13937165775401072,0.12466577540106953,0.0554812834224599
2021-07-23,0.16644385026737968,0.2987967914438503,0.3114973262032086,0.3673128342245989,0.20521390374331552
2021-07-26,0.11731283422459894,0.34792780748663105,0.3372326203208556,0.4598930481283423,0.24231283422459893
2021-07-27,0.14806149732620322,0.037098930481283425,0.08622994652406417,0.06550802139037433,-0.06918449197860962
2021-07-28,0.17045454545454547,-0.0016711229946524066,0.07219251336898397,0.1109625668449198,-0.07419786096256685
2021-07-29,0.20086898395721925,-0.019719251336898398,0.0965909090909091,0.18282085561497327,-0.024398395721925134
2021-07-30,0.3362299465240642,0.02339572192513369,0.19351604278074866,0.3198529411764706,0.2740641711229947
2021-08-02,0.3506016042780749,-0.04044117647058824,0.20989304812834228,0.17780748663101606,0.14939839572192515
2021-08-03,0.3536096256684492,-0.11898395721925133,0.10862299465240642,0.06149732620320855,0.08689839572192513
2021-08-04,0.3265374331550802,-0.20187165775401072,0.039104278074866314,0.07486631016042782,0.30347593582887705
2021-08-05,0.3148395721925134,-0.20454545454545456,0.013034759358288772,0.0625,0.24799465240641713
2021-08-06,0.27139037433155083,-0.27072192513368987,-0.045454545454545456,0.05748663101604279,0.22493315508021391
2021-08-09,0.24866310160427807,-0.3094919786096257,-0.08856951871657755,0.001002673796791444,0.2252673796791444
2021-08-10,0.2025401069518717,-0.3205213903743316,-0.0875668449197861,0.0046791443850267385,0.23930481283422458
2021-08-11,0.20955882352941177,-0.36062834224598933,-0.13870320855614976,-0.00501336898395722,0.26737967914438504
2021-08-12,0.22058823529411767,-0.3990641711229947,-0.16243315508021391,-0.007687165775401069,0.26236631016042783
2021-08-13,0.2108957219251337,-0.455548128342246,-0.18449197860962568,-0.10160427807486631,0.1677807486631016
2021-08-16,0.19986631016042783,-0.4712566844919786,-0.2165775401069519,-0.09859625668449198,0.20688502673796794
2021-08-17,0.06717914438502674,-0.3960561497326204,-0.2108957219251337,-0.04913101604278075,0.3405748663101605
2021-08-18,0.05748663101604279,-0.37299465240641716,-0.21022727272727276,-0.05949197860962566,0.26370320855614976
2021-08-19,0.09090909090909091,-0.3375668449197861,-0.19385026737967917,-0.04812834224598931,0.20655080213903745
2021-08-20,-0.024732620320855617,-0.38903743315508027,-0.33990641711229946,-0.20487967914438504,0.20788770053475936
2021-08-23,0.07386363636363637,-0.43683155080213903,-0.2807486631016043,-0.25969251336898397,0.3074866310160428
2021-08-24,0.022058823529411766,-0.5227272727272728,-0.3673128342245989,-0.21122994652406418,0.3880347593582888
2021-08-25,-0.01270053475935829,-0.4618983957219252,-0.3760026737967915,-0.286096256684492,0.36764705882352944
2021-08-26,-0.06684491978609626,-0.2850935828877006,-0.2563502673796792,-0.1410427807486631,0.6183155080213903
2021-08-27,-0.057152406417112306,-0.2767379679144385,-0.2613636363636364,-0.18783422459893048,0.6219919786096257
2021-08-30,0.03308823529411765,-0.1861631016042781,-0.19786096256684493,-0.1270053475935829,0.6838235294117648
2021-08-31,-0.0768716577540107,-0.009692513368983958,-0.0965909090909091,0.09491978609625669,0.6293449197860963
2021-09-01,-0.14237967914438504,-0.044451871657754015,-0.19050802139037434,-0.046457219251336904,0.5066844919786097
2021-09-02,-0.13201871657754014,-0.02306149732620321,-0.16644385026737968,-0.03442513368983957,0.5250668449197862
2021-09-03,-0.06350267379679145,0.029411764705882356,-0.07486631016042782,0.024732620320855617,0.4682486631016043
2021-09-06,-0.07720588235294118,0.05581550802139038,-0.06918449197860962,-0.031751336898395724,0.4361631016042781
2021-09-07,-0.06550802139037433,0.17847593582887702,0.008689839572192513,0.10360962566844921,0.49097593582887705
2021-09-08,-0.14973262032085563,0.19786096256684493,0.05247326203208557,0.02840909090909091,0.42112299465240643
2021-09-09,-0.07453208556149733,0.2967914438502674,0.12600267379679145,0.0501336898395722,0.4157754010695187
2021-09-10,0.006684491978609626,0.36965240641711233,0.19618983957219252,0.15842245989304815,0.5003342245989305
2021-09-13,-0.04478609625668449,0.38669786096256686,0.17947860962566847,0.13368983957219252,0.39237967914438504
2021-09-14,-0.030414438502673797,0.33288770053475936,0.17947860962566847,0.12533422459893048,0.37967914438502676
2021-09-15,0.06651069518716578,0.32820855614973266,0.19351604278074866,0.06651069518716578,0.3669786096256685
2021-09-16,0.024732620320855617,0.3008021390374332,0.1574197860962567,0.04478609625668449,0.19351604278074866
2021-09-17,0.019050802139037436,0.2650401069518717,0.1447192513368984,0.0427807486631016,0.1911764705882353
2021-09-22,-0.09893048128342247,0.27807486631016043,0.14070855614973263,0.08322192513368984,0.17045454545454547
2021-09-23,-0.07386363636363637,0.3522727272727273,0.09725935828877007,0.05213903743315509,0.02573529411764706
2021-09-24,-0.12366310160427807,0.19886363636363638,0.06517379679144385,0.018716577540106954,-0.0357620320855615
2021-09-27,0.11497326203208558,0.2606951871657754,0.20120320855614976,0.04812834224598931,-0.20521390374331552
2021-09-28,0.07854278074866311,0.37566844919786097,0.30347593582887705,0.2540106951871658,-0.0875668449197861
2021-09-29,0.12032085561497326,0.4161096256684492,0.3482620320855615,0.3074866310160428,-0.1931818181818182
2021-09-30,0.18282085561497327,0.4565508021390375,0.4455213903743316,0.3693181818181818,-0.061163101604278076
2021-10-08,0.20187165775401072,0.4217914438502674,0.4632352941176471,0.2446524064171123,-0.2005347593582888
2021-10-11,0.1985294117647059,0.45721925133689845,0.4491978609625669,0.1985294117647059,-0.26036096256684493
2021-10-12,0.2650401069518717,0.5250668449197862,0.5320855614973262,0.26437165775401067,-0.24832887700534761
2021-10-13,0.18181818181818182,0.43549465240641716,0.46590909090909094,0.26871657754010697,-0.27339572192513373
2021-10-14,0.19351604278074866,0.4054144385026738,0.40040106951871657,0.23863636363636365,-0.15407754010695188
2021-10-15,0.10360962566844921,0.44685828877005357,0.43549465240641716,0.31216577540106955,-0.24398395721925137
2021-10-18,0.018048128342245992,0.5638368983957219,0.4187834224598931,0.31316844919786097,-0.2125668449197861
2021-10-19,0.04077540106951872,0.5551470588235294,0.4234625668449198,0.36062834224598933,-0.23128342245989308
2021-10-20,0.03141711229946524,0.6403743315508021,0.45822192513368987,0.37566844919786097,-0.07453208556149733
2021-10-21,-0.0645053475935829,0.5785427807486632,0.35995989304812837,0.2690508021390375,-0.22827540106951874
2021-10-22,-0.06550802139037433,0.5835561497326204,0.3917112299465241,0.28743315508021394,-0.38001336898395727
2021-10-25,-0.034090909090909095,0.5638368983957219,0.37967914438502676,0.3502673796791444,-0.19050802139037434
2021-10-26,0.12098930481283422,0.6066176470588236,0.5043449197860963,0.48094919786096263,-0.08088235294117647
2021-10-27,0.042446524064171126,0.546457219251337,0.4314839572192513,0.3355614973262032,-0.13970588235294118
2021-10-28,-0.03643048128342246,0.4943181818181819,0.3736631016042781,0.30815508021390375,-0.205548128342246
2021-10-29,-0.08288770053475936,0.49064171122994654,0.3776737967914439,0.2807486631016043,-0.20320855614973263
2021-11-01,-0.10494652406417114,0.5190508021390374,0.34993315508021394,0.3325534759358289,-0.15975935828877008
2021-11-02,-0.21390374331550804,0.4872994652406417,0.26370320855614976,0.24097593582887702,-0.23897058823529416
2021-11-03,-0.1928475935828877,0.41443850267379684,0.2306149732620321,0.21858288770053477,-0.25467914438502676
2021-11-04,-0.02840909090909091,0.31383689839572193,0.22025401069518719,0.23763368983957223,-0.21323529411764705
2021-11-05,-0.08155080213903744,0.24766042780748665,0.13101604278074866,0.04779411764705883,-0.1768048128342246
2021-11-08,-0.13937165775401072,0.08990641711229946,-0.03342245989304813,0.04712566844919786,-0.09324866310160429
2021-11-09,-0.09057486631016043,0.071524064171123,0.03542780748663102,0.1557486631016043,0.18449197860962568
2021-11-10,0.001336898395721925,-0.10427807486631017,-0.04344919786096257,-0.02072192513368984,0.09425133689839572
2021-11-11,-0.0982620320855615,-0.09425133689839572,-0.143048128342246,-0.08522727272727273,0.02005347593582888
2021-11-12,0.044451871657754015,-0.022393048128342245,0.02339572192513369,0.04512032085561497,0.07820855614973263
2021-11-15,0.13903743315508021,-0.24264705882352944,-0.08689839572192513,-0.18181818181818182,-0.0006684491978609625
2021-11-16,0.09759358288770054,-0.20220588235294118,-0.1270053475935829,-0.17747326203208558,-0.14237967914438504
2021-11-17,0.22225935828877005,-0.27807486631016043,0.001002673796791444,-0.13201871657754014,-0.1002673796791444
2021-11-18,0.06818181818181819,-0.25167112299465244,-0.08121657754010696,-0.024732620320855617,-0.08021390374331552
2021-11-19,0.2302807486631016,-0.13335561497326204,0.07653743315508023,0.12366310160427807,0.0855614973262032
2021-11-22,0.2891042780748663,-0.008021390374331552,0.2165775401069519,0.3038101604278075,0.15808823529411764
2021-11-23,0.3653074866310161,-0.06149732620320855,0.20721925133689842,0.3897058823529412,0.339572192513369
2021-11-24,0.3098262032085562,-0.06383689839572193,0.09324866310160429,0.3235294117647059,0.23830213903743316
2021-11-25,0.23295454545454547,-0.13201871657754014,0.04478609625668449,0.1574197860962567,0.06951871657754011
2021-11-26,0.205548128342246,-0.15842245989304815,0.06350267379679145,0.20220588235294118,0.15508021390374332
2021-11-29,0.18482620320855617,-0.2697192513368984,-0.07185828877005349,0.058155080213903754,0.11196524064171123
2021-11-30,0.11965240641711229,-0.13770053475935828,-0.01771390374331551,0.09792780748663102,0.25434491978609625
2021-12-01,0.13302139037433156,-0.1126336898395722,-0.030414438502673797,0.10327540106951873,0.28409090909090906
2021-12-02,0.022058823529411766,0.028074866310160432,-0.01270053475935829,0.1607620320855615,0.1821524064171123
2021-12-03,0.08322192513368984,0.07787433155080214,0.05147058823529412,0.22560160427807488,0.06918449197860962
2021-12-06,0.04879679144385027,0.12566844919786097,0.1447192513368984,0.30013368983957217,-0.1266711229946524
2021-12-07,0.13435828877005349,0.1771390374331551,0.24799465240641713,0.3940508021390375,-0.18649732620320858
2021-12-08,0.17847593582887702,0.1751336898395722,0.2901069518716578,0.4615641711229947,-0.08957219251336898
2021-12-09,0.21925133689839574,0.2356283422459893,0.33121657754010697,0.49799465240641716,0.05514705882352942
2021-12-10,0.161096256684492,0.21824866310160426,0.25501336898395727,0.45621657754010697,0.04378342245989305
2021-12-13,0.1931818181818182,0.1804812834224599,0.2964572192513369,0.4602272727272727,-0.03308823529411765
2021-12-14,0.18783422459893048,0.19786096256684493,0.28342245989304815,0.44685828877005357,-0.03442513368983957
2021-12-15,0.1483957219251337,0.10160427807486631,0.16744652406417113,0.4217914438502674,-0.07486631016042782
2021-12-16,0.13436951663860358,0.21676276502520997,0.2657307605166414,0.507061086419805,-0.05197626825199715
2021-12-17,0.09558823529411765,0.28141711229946526,0.28843582887700536,0.5243983957219251,0.047459893048128345
2021-12-20,-0.09191176470588236,0.20889037433155083,0.11129679144385027,0.3542780748663102,0.03843582887700535
2021-12-21,-0.06517379679144385,0.19752673796791445,0.12633689839572193,0.19986631016042783,-0.08622994652406417
2021-12-22,0.017045454545454548,0.10294117647058824,0.06751336898395723,0.13970588235294118,-0.03342245989304813
2021-12-23,0.11664438502673798,0.16009358288770054,0.23429144385026737,0.28409090909090906,-0.01002673796791444
2021-12-24,0.29946524064171126,0.2580213903743316,0.38903743315508027,0.3683155080213904,0.0427807486631016
2021-12-27,0.3609625668449198,0.22259358288770054,0.41143048128342247,0.4154411764705882,-0.006016042780748664
2021-12-28,0.43658357771261,0.10373900293255131,0.3577712609970674,0.3691348973607038,0.13526392961876832
2021-12-29,0.4017595307917888,0.11986803519061583,0.36510263929618764,0.3416422287390029,0.2525659824046921
2021-12-30,0.4882697947214076,0.1510263929618768,0.4134897360703812,0.40615835777126097,0.2701612903225806
2021-12-31,0.5909090909090909,0.2166422287390029,0.469574780058651,0.47470674486803516,0.35887096774193544
2022-01-04,0.5942513368983958,0.08522727272727273,0.3970588235294118,0.44050802139037437,0.2887700534759359
2022-01-05,0.5173796791443851,0.1948529411764706,0.4361631016042781,0.3990641711229947,0.34993315508021394
2022-01-06,0.5210561497326203,0.10661764705882353,0.43215240641711233,0.3719919786096257,0.3325534759358289
2022-01-07,0.5404411764705883,0.030080213903743314,0.31383689839572193,0.26370320855614976,0.18148395721925137
2022-01-10,0.5347593582887701,-0.08489304812834225,0.2600267379679145,0.25267379679144386,0.19385026737967917
2022-01-11,0.429812834224599,-0.16945187165775402,0.18348930481283424,0.18750000000000003,0.20220588235294118
2022-01-12,0.4649064171122995,-0.11129679144385027,0.2035427807486631,0.23128342245989308,0.15474598930481284
2022-01-13,0.3382352941176471,-0.09725935828877007,0.14371657754010697,0.22459893048128346,0.2322860962566845
2022-01-14,0.3967245989304813,-0.2165775401069519,0.11965240641711229,0.1928475935828877,0.2466577540106952
2022-01-17,0.3375668449197861,-0.43114973262032086,-0.07553475935828878,-0.03743315508021391,0.11731283422459894
2022-01-18,0.35394385026737973,-0.3235294117647059,0.029077540106951877,0.09291443850267381,0.1607620320855615
2022-01-19,0.3192815249266862,-0.3673020527859237,-0.0502199413489736,0.014662756598240468,0.19134897360703812
2022-01-20,0.24266862170087974,-0.2719941348973607,-0.020527859237536656,0.04655425219941349,0.033357771260997066
2022-01-21,0.0975073313782991,-0.2734604105571847,-0.13416422287390029,-0.07478005865102638,0.14296187683284456
2022-01-24,0.1821847507331378,-0.3324780058651026,-0.1224340175953079,-0.07038123167155425,0.14919354838709678
2022-01-25,0.19208211143695011,-0.3852639296187682,-0.15139296187683285,-0.18145161290322578,0.15322580645161288
2022-01-26,-0.01319648093841642,-0.376099706744868,-0.2976539589442815,-0.27052785923753664,-0.04765395894428152
2022-01-27,0.007018716577540108,-0.22459893048128346,-0.17814171122994654,-0.015040106951871657,-0.03977272727272728
2022-01-28,0.11463903743315508,-0.2510026737967915,-0.16176470588235295,-0.10795454545454546,-0.030748663101604276
2022-02-07,0.04044117647058824,-0.3175133689839572,-0.2533422459893048,-0.1109625668449198,-0.1557486631016043
2022-02-08,0.07553475935828878,-0.2510026737967915,-0.20187165775401072,-0.10494652406417114,-0.02573529411764706
2022-02-09,0.16878342245989306,-0.2259358288770054,-0.10494652406417114,-0.024398395721925134,0.1002673796791444
2022-02-10,0.14772727272727273,-0.14872994652406418,-0.06383689839572193,0.009024064171122996,-0.05681818181818182
2022-02-11,0.003342245989304813,-0.11864973262032086,-0.15708556149732622,0.004010695187165776,-0.07653743315508023
2022-02-14,0.02072192513368984,-0.07085561497326204,-0.11463903743315508,-0.0053475935828877,0.029411764705882356
2022-02-15,-0.0106951871657754,0.04512032085561497,-0.058155080213903754,0.1290106951871658,0.05748663101604279
2022-02-16,-0.11029411764705883,-0.054144385026737976,-0.15173796791443853,-0.002005347593582888,0.04812834224598931
2022-02-17,-0.170120320855615,0.05782085561497327,-0.125,0.04044117647058824,-0.06818181818181819
2022-02-18,-0.2556818181818182,0.14204545454545453,-0.049799465240641716,0.08589572192513369,-0.08355614973262032
2022-02-21,-0.23295454545454547,0.21323529411764705,-0.04077540106951872,0.18683155080213906,-0.09893048128342247
2022-02-22,-0.33589572192513373,0.09491978609625669,-0.17379679144385027,0.0661764705882353,-0.13302139037433156
2022-02-23,-0.348596256684492,0.07586898395721926,-0.23529411764705885,0.07620320855614975,-0.14070855614973263
2022-02-24,-0.40842245989304815,0.004010695187165776,-0.3536096256684492,0.0411096256684492,-0.03843582887700535
2022-02-25,-0.34759358288770054,-0.0838903743315508,-0.3168449197860963,0.008689839572192513,-0.0625
2022-02-28,-0.2750668449197861,-0.12633689839572193,-0.30314171122994654,-0.014371657754010697,-0.09358288770053476
2022-03-01,-0.286096256684492,-0.0625,-0.2740641711229947,-0.04010695187165776,-0.11430481283422461
2022-03-02,-0.24298128342245992,-0.09324866310160429,-0.22393048128342247,-0.008021390374331552,-0.02774064171122995
2022-03-03,-0.322192513368984,0.024064171122994655,-0.1985294117647059,0.07921122994652408,0.01771390374331551
2022-03-04,-0.20822192513368984,-0.09324866310160429,-0.19017379679144386,-0.003342245989304813,-0.11129679144385027
2022-03-07,-0.20788770053475936,-0.019719251336898398,-0.13335561497326204,-0.011697860962566845,-0.0053475935828877
2022-03-08,-0.07018716577540107,-0.04044117647058824,-0.014371657754010697,0.04144385026737968,-0.030414438502673797
2022-03-09,-0.008355614973262033,-0.11463903743315508,-0.057152406417112306,-0.04879679144385027,-0.0053475935828877
2022-03-10,0.07987967914438504,-0.10394385026737968,0.001002673796791444,0.022727272727272728,0.06517379679144385
2022-03-11,0.08689839572192513,-0.011029411764705883,0.08288770053475936,0.11196524064171123,0.1537433155080214
2022-03-14,0.15675133689839574,-0.08188502673796792,0.08121657754010696,0.10294117647058824,0.1915106951871658
2022-03-15,0.09625668449197862,-0.24064171122994651,-0.057152406417112306,0.035093582887700536,0.16410427807486633
2022-03-16,0.24197860962566844,-0.15608288770053477,0.09224598930481284,0.12232620320855615,0.30514705882352944
2022-03-17,0.3970588235294118,-0.02974598930481283,0.2647058823529412,0.21056149732620322,0.24431818181818185
2022-03-18,0.35895721925133695,-0.05782085561497327,0.22092245989304812,0.19986631016042783,0.28843582887700536
2022-03-21,0.3582887700534759,-0.024732620320855617,0.2667112299465241,0.27473262032085566,0.34959893048128343
2022-03-22,0.3285427807486631,0.05447860962566846,0.2971256684491979,0.18382352941176472,0.3980614973262032
2022-03-23,0.2663770053475936,0.04512032085561497,0.28308823529411764,0.2195855614973262,0.46557486631016043
2022-03-24,0.31417112299465244,0.071524064171123,0.3094919786096257,0.2125668449197861,0.4100935828877006
2022-03-25,0.33522727272727276,0.04512032085561497,0.3225267379679144,0.13536096256684493,0.45755347593582885
2022-03-28,0.3502673796791444,0.13502673796791445,0.3255347593582888,0.1677807486631016,0.4899732620320856
2022-03-29,0.3168449197860963,0.04812834224598931,0.2757352941176471,0.1427139037433155,0.40808823529411764
2022-03-30,0.26169786096256686,0.04378342245989305,0.24866310160427807,0.11931818181818182,0.4341577540106952
2022-03-31,0.24030748663101606,0.04378342245989305,0.23462566844919788,0.11931818181818182,0.4852941176470589
2022-04-01,0.20955882352941177,0.20721925133689842,0.24331550802139038,0.19685828877005349,0.43683155080213903
2022-04-06,0.1290106951871658,0.1557486631016043,0.1768048128342246,0.18549465240641713,0.5477941176470589
2022-04-07,0.1226890756302521,0.15844155844155844,0.15049656226126812,0.15294117647058822,0.411764705882353
2022-04-08,-0.020015278838808246,0.29258976317799845,0.13491214667685256,0.20672268907563024,0.2501145912910619
2022-04-11,-0.226890756302521,0.2950343773873186,-0.0007639419404125285,0.08815889992360579,0.12360580595874712
2022-04-12,-0.12788388082505728,0.3307868601986249,0.10007639419404124,0.12085561497326203,0.021848739495798315
2022-04-13,-0.1226890756302521,0.2592818945760122,0.06646294881588999,0.05210084033613445,-0.15080213903743314
2022-04-14,-0.1844155844155844,0.4090145148968678,0.14438502673796788,0.13980137509549273,-0.07654698242933536
2022-04-15,-0.27731092436974786,0.4881588999236058,0.08877005347593582,0.2082505729564553,-0.07135217723453018
2022-04-18,-0.3451489686783804,0.280366692131398,-0.06921313980137508,0.0374331550802139,-0.13246753246753246
2022-04-19,-0.28586707410236817,0.3023682200152788,-0.026432391138273486,0.016959511077158134,-0.010542398777692894
2022-04-20,-0.35462184873949576,0.25225362872421697,-0.10404889228418639,-0.054851031321619545,-0.15996944232238347
2022-04-21,-0.21527883880825052,0.32773109243697474,0.020015278838808246,0.010236822001527883,-0.27211611917494266
2022-04-22,-0.26875477463712755,0.29075630252100837,-0.023376623376623374,0.045072574484339184,-0.2782276546982429
2022-04-25,-0.2760886172650878,0.22077922077922077,-0.07410236822001527,0.14499618029029793,-0.2021390374331551
2022-04-26,-0.15416348357524828,0.23911382734912145,0.07990832696715049,0.25347593582887695,-0.12513368983957218
2022-04-27,-0.13002291825821238,0.2748663101604278,0.10618792971734149,0.2870893812070282,-0.13796791443850268
2022-04-28,-0.2834224598930481,0.18319327731092436,-0.1016042780748663,0.19327731092436973,-0.1755538579067991
2022-04-29,-0.25255920550038197,0.3576776165011459,0.058823529411764705,0.3026737967914438,-0.10618792971734149
2022-05-05,-0.10649350649350649,0.32100840336134456,0.1281894576012223,0.32161955691367455,0.02215431627196333
2022-05-06,-0.06462948815889992,0.3038961038961039,0.15813598166539342,0.28678380443086327,-0.013598166539343011
2022-05-09,-0.14530175706646295,0.2568372803666921,0.06524064171122994,0.22994652406417113,0.0346829640947288
2022-05-10,-0.11138273491214666,0.27364400305576775,0.07563025210084033,0.20152788388082504,0.12971734148204736
2022-05-11,-0.09977081741787625,0.1706646294881589,0.03284950343773873,0.2134453781512605,0.1969442322383499
2022-05-12,-0.02704354469060351,0.12910618792971731,0.024904507257448433,0.14866310160427806,0.1917494270435447
2022-05-13,-0.0673848271505922,0.07533043035202258,-0.033004813298249246,0.14791045959585775,0.17770647160122163
2022-05-16,-0.05026737967914439,-0.0050420168067226885,-0.056073338426279595,0.04140565317035905,0.15355233002291827
2022-05-17,-0.045072574484339184,-0.0912146676852559,-0.11627196333078686,0.021237585943468293,0.254087089381207
2022-05-18,-0.038044308632543926,-0.009625668449197862,-0.05301757066462948,0.08113063407181054,0.2345301757066463
2022-05-19,-0.010847975553857905,0.0615737203972498,0.02704354469060351,0.13521772345301758,0.2571428571428571
2022-05-20,-0.04843391902215431,0.10313216195569137,0.06279602750190985,0.13705118411000763,0.12941176470588237
2022-05-23,-0.013598166539343011,0.22902979373567606,0.13491214667685256,0.28922841864018334,0.37417876241405656
2022-05-24,-0.00320855614973262,0.2406417112299465,0.1682200152788388,0.29442322383498853,0.305423987776929
2022-05-25,0.03621084797555385,0.2501145912910619,0.21069518716577537,0.2375859434682964,0.39220779220779217
2022-05-26,-0.002597402597402597,0.33384262796027503,0.20519480519480518,0.24400305576776166,0.2360580595874713
2022-05-27,-0.025821237585943468,0.30634071810542396,0.19083269671504965,0.25225362872421697,0.2663101604278075
2022-05-30,0.060351413292589765,0.2938120702826585,0.28433919022154314,0.2559205500381971,0.3387318563789152
2022-05-31,0.06279602750190985,0.3518716577540107,0.26294881588999236,0.3381207028265852,0.3989304812834224
2022-06-01,-0.0029032011697534056,0.16303766569088862,0.11704484715953205,0.1558560627972881,0.3358545353219992
2022-06-02,-0.02062643239113827,0.2400305576776165,0.1144385026737968,0.2333078686019862,0.44690603514132926
2022-06-06,0.0826585179526356,0.33048128342245986,0.3295645530939648,0.3567608861726509,0.4866310160427807
2022-06-07,0.18013750954927424,0.20794499618029028,0.2385026737967914,0.24980901451489684,0.41818181818181815
2022-06-08,0.10221543162719632,0.4093200916730328,0.3472880061115355,0.44140565317035896,0.43651642475171887
2022-06-09,0.03162719633307868,0.40779220779220776,0.31122994652406416,0.37540106951871655,0.37020626432391135
2022-06-10,0.025821237585943468,0.33537051184110006,0.2983957219251337,0.36531703590527115,0.29625668449197856
2022-06-13,0.2571428571428571,0.3937356760886172,0.5049656226126814,0.45607333842627956,0.19358288770053478
2022-06-14,0.33856951871657753,0.40040106951871657,0.5397727272727273,0.4886363636363637,0.3526069518716578
2022-06-15,0.2306149732620321,0.2977941176470588,0.37867647058823534,0.4131016042780749,0.07620320855614975
2022-06-16,0.18114973262032086,0.29745989304812837,0.3870320855614973,0.3776737967914439,0.11631016042780751
2022-06-17,0.35661764705882354,0.27840909090909094,0.4759358288770053,0.35193850267379684,0.0427807486631016
2022-06-20,0.3552807486631016,0.06584224598930481,0.29979946524064177,0.17413101604278075,-0.07118983957219252
2022-06-21,0.31092436974789917,0.12666157372039724,0.34270435446906033,0.1893048128342246,-0.004736440030557678
2022-06-22,0.16669213139801375,0.13735676088617263,0.21130634071810545,0.08113063407181054,0.027654698242933536
2022-06-23,0.24705882352941175,0.049045072574484344,0.22597402597402597,0.0426279602750191,-0.05026737967914439
2022-06-24,0.26325439266615736,0.021848739495798315,0.2375859434682964,0.11413292589763176,-0.06615737203972498
2022-06-27,0.33371533446007573,0.10252884131076499,0.2768737115575353,0.15814806372077764,-0.11123844482002525
2022-06-28,0.23697478991596635,-0.12543926661573718,0.05026737967914439,-0.0077922077922077905,-0.21436210847975554
2022-06-29,0.37937356760886176,0.07593582887700534,0.27639419404125287,0.1660809778456837,-0.25500381970970204
2022-06-30,0.33231474407944994,0.03896103896103896,0.23666921313980135,0.16760886172650877,-0.32284186401833453
2022-07-01,0.2883116883116883,0.05118411000763942,0.25805958747135216,0.09549274255156609,-0.32223071046600454
2022-07-04,0.2724216959511077,-0.044461420932009166,0.19938884644766997,0.048128342245989296,-0.28953399541634833
2022-07-05,0.2883116883116883,0.02796027501909855,0.25989304812834224,0.13705118411000763,-0.2381970970206264
2022-07-06,0.25317035905271196,-0.03682200152788388,0.22566844919786092,0.08663101604278074,-0.32284186401833453
2022-07-07,0.19266615737203968,0.058823529411764705,0.20702826585179523,0.1498854087089381,-0.2779220779220779
2022-07-08,0.2559205500381971,0.08326967150496561,0.2718105423987777,0.1755538579067991,-0.20519480519480518
2022-07-11,0.1808155080213904,0.11330213903743316,0.2469919786096257,0.17814171122994654,-0.2857620320855615
2022-07-12,0.08957219251336898,0.2159090909090909,0.25501336898395727,0.24264705882352944,-0.2917780748663102
2022-07-13,0.14405080213903743,0.26938502673796794,0.3455882352941177,0.2964572192513369,-0.24398395721925137
2022-07-14,0.14705882352941177,0.15173796791443853,0.2606951871657754,0.24197860962566844,-0.26537433155080214
2022-07-15,0.1896103896103896,0.1229946524064171,0.23147440794499619,0.1388846447669977,-0.36501145912910615
2022-07-18,0.1706646294881589,0.25836516424751715,0.34453781512605036,0.3179526355996944,-0.20427807486631014
2022-07-19,0.14089635854341737,0.2792717086834734,0.3596638655462185,0.36190476190476195,-0.115406162464986
2022-07-20,0.18123249299719887,0.3238095238095238,0.40784313725490196,0.5481792717086835,0.03529411764705883
2022-07-21,0.059383753501400564,0.3179271708683474,0.3238095238095238,0.4170868347338936,-0.026890756302521007
2022-07-22,0.038375350140056025,0.2649859943977591,0.22997198879551825,0.33725490196078434,-0.07983193277310925
2022-07-25,0.1442577030812325,0.20336134453781513,0.30840336134453783,0.43893557422969187,-0.01876750700280112
2022-07-26,0.1585434173669468,0.323249299719888,0.3952380952380953,0.4605042016806723,0.017647058823529415
2022-07-27,0.08963585434173671,0.2661064425770308,0.2896358543417367,0.36246498599439775,-0.055462184873949584
2022-07-28,0.1434173669467787,0.2504201680672269,0.3434173669467787,0.38739495798319334,0.2327731092436975
2022-07-29,-0.023249299719887956,0.25070028011204487,0.16694677871148458,0.23333333333333334,0.19327731092436976
2022-08-01,0.06806722689075631,0.22324929971988797,0.18487394957983194,0.27086834733893556,0.17927170868347342
2022-08-02,0.17142857142857143,0.2661064425770308,0.27815126050420175,0.46778711484593843,0.34257703081232493
2022-08-03,0.09943977591036417,0.29691876750700286,0.323249299719888,0.37619047619047624,0.3252100840336135
2022-08-04,0.11512605042016807,0.26022408963585436,0.23949579831932774,0.3201680672268908,0.34397759103641457
2022-08-05,0.18207282913165268,0.2661064425770308,0.31764705882352945,0.3778711484593838,0.3969187675070029
2022-08-08,0.3254901960784314,0.20140056022408967,0.323249299719888,0.3635854341736695,0.4058823529411765
2022-08-09,0.20952380952380953,0.10560224089635854,0.2263305322128852,0.28347338935574234,0.38011204481792726
2022-08-10,0.30336134453781516,0.044817927170868355,0.22324929971988797,0.2420168067226891,0.4061624649859944
2022-08-11,0.32605042016806723,-0.0288515406162465,0.22324929971988797,0.18879551820728294,0.3025210084033614
2022-08-12,0.2829131652661065,0.003361344537815126,0.21708683473389356,0.17899159663865546,0.31456582633053226
2022-08-15,0.2904761904761905,0.04705882352941177,0.27142857142857146,0.29831932773109243,0.3697478991596639
2022-08-16,0.29971988795518206,0.11064425770308124,0.32605042016806723,0.24061624649859947,0.4218487394957984
2022-08-17,0.280952380952381,0.07142857142857144,0.3336134453781513,0.280672268907563,0.47002801120448184
2022-08-18,0.2543417366946779,0.07086834733893559,0.3212885154061625,0.3022408963585434,0.48347338935574236
2022-08-19,0.28347338935574234,0.130812324929972,0.37478991596638656,0.3201680672268908,0.546218487394958
2022-08-22,0.34369747899159664,0.02829131652661065,0.3904761904761905,0.35490196078431374,0.4282913165266107
2022-08-23,0.4249299719887955,0.04593837535014006,0.4134453781512606,0.3798319327731093,0.48655462184873954
2022-08-24,0.2938375350140056,0.05238095238095238,0.3243697478991597,0.27871148459383754,0.446218487394958
2022-08-25,0.28459383753501405,-0.024369747899159664,0.30308123249299723,0.2484593837535014,0.37478991596638656
2022-08-26,0.1904761904761905,0.02829131652661065,0.261624649859944,0.18963585434173671,0.3453781512605042
2022-08-29,0.2019607843137255,0.08263305322128851,0.24789915966386555,0.19439775910364146,0.40168067226890763
2022-08-30,0.07703081232492998,0.027170868347338936,0.1700280112044818,0.1431372549019608,0.3717086834733894
2022-08-31,0.10084739852449882,0.13278240805725677,0.2843336375065731,0.2063169694813705,0.24525527057832977
2022-09-01,0.1288515406162465,0.10420168067226891,0.29971988795518206,0.21820728291316527,0.4212885154061625
2022-09-02,0.04509803921568628,0.004201680672268907,0.1204481792717087,0.1535014005602241,0.44145658263305326
2022-09-05,0.11820728291316528,-0.06750700280112044,0.13557422969187674,-0.012605042016806725,0.32941176470588235
2022-09-06,0.17899159663865546,0.028011204481792715,0.26246498599439777,0.09131652661064427,0.3899159663865546
2022-09-07,0.022689075630252103,0.12801120448179273,0.2411764705882353,0.25882352941176473,0.44285714285714284
2022-09-08,-0.05294117647058824,0.21568627450980396,0.2515406162464986,0.24285714285714288,0.4019607843137255
2022-09-09,0.05910364145658264,0.13053221288515407,0.30756302521008405,0.2481792717086835,0.2159663865546219
2022-09-13,0.05238095238095238,0.062464985994397766,0.2529411764705882,0.15602240896358546,0.08039215686274512
2022-09-14,0.060504201680672276,0.05434173669467787,0.17338935574229694,0.1131652661064426,0.02997198879551821
2022-09-15,0.022408963585434177,0.08543417366946779,0.1677871148459384,0.12184873949579832,-0.00980392156862745
2022-09-16,0.16330532212885157,-0.06946778711484594,0.09495798319327732,0.008123249299719889,-0.001680672268907563
2022-09-19,0.09719887955182073,-0.02661064425770308,0.10924369747899161,0.07507002801120448,0.01876750700280112
2022-09-20,0.13221288515406163,-0.10000000000000002,0.052100840336134456,0.01680672268907563,-0.002240896358543417
2022-09-21,-0.027170868347338936,0.0638655462184874,0.073109243697479,0.08571428571428572,0.0025210084033613447
2022-09-22,-0.07226890756302522,0.008403361344537815,0.004481792717086834,-0.00980392156862745,-0.002240896358543417
2022-09-23,-0.036414565826330535,-0.04285714285714286,-0.01596638655462185,-0.009243697478991597,-0.18011204481792717
2022-09-26,0.07058823529411766,-0.060504201680672276,0.08795518207282914,0.11568627450980393,-0.21932773109243697
2022-09-27,0.06274509803921569,-0.060784313725490195,0.038375350140056025,0.05350140056022409,-0.2607843137254902
2022-09-28,-0.04929971988795519,0.09971988795518208,0.07535014005602242,0.18039215686274512,-0.22913165266106442
2022-09-29,-0.010924369747899159,0.04285714285714286,0.08599439775910364,0.22661064425770308,-0.24677871148459385
2022-09-30,0.006162464985994398,0.15182072829131654,0.14229691876750702,0.1568627450980392,-0.3535014005602241
2022-10-10,-0.1568627450980392,0.21288515406162464,0.07535014005602242,0.12016806722689076,-0.35406162464986
2022-10-11,-0.20616246498599441,0.2647058823529412,0.07338935574229692,0.18879551820728294,-0.2697478991596639
2022-10-12,-0.22436974789915967,0.2719887955182073,0.06190476190476191,0.2719887955182073,-0.14985994397759103
2022-10-13,-0.16554621848739498,0.16498599439775913,0.09971988795518208,0.39467787114845937,-0.14537815126050418
2022-10-14,0.02661064425770308,0.17226890756302524,0.18711484593837538,0.3593837535014006,-0.0025210084033613447
2022-10-17,-0.11960784313725492,0.2554621848739496,0.20588235294117646,0.3509803921568628,0.16638655462184873
2022-10-18,-0.16918767507002805,0.27563025210084036,0.10980392156862746,0.25910364145658266,0.13333333333333336
2022-10-19,-0.16218487394957984,0.21624649859943978,0.07478991596638655,0.2557422969187675,0.0011204481792717086
2022-10-20,-0.12941176470588237,0.13165266106442577,0.041176470588235294,0.2067226890756303,-0.0504201680672269
2022-10-21,-0.19355742296918768,0.23137254901960785,0.09663865546218488,0.296078431372549,0.03473389355742297
2022-10-24,-0.21904761904761905,0.12436974789915967,0.001400560224089636,0.16022408963585436,-0.07282913165266107
2022-10-25,-0.09047619047619049,0.04341736694677871,-0.04285714285714286,0.09607843137254903,-0.014285714285714287
2022-10-26,-0.06722689075630252,-0.13249299719887955,-0.13053221288515407,-0.04985994397759104,-0.04005602240896359
2022-10-27,-0.08011204481792718,-0.09887955182072829,-0.05966386554621849,-0.01904761904761905,0.011764705882352943
2022-10-28,-0.029691876750700282,-0.23865546218487396,-0.20056022408963586,-0.1327731092436975,-0.023529411764705885
2022-10-31,-0.10168067226890756,-0.24509803921568626,-0.3014005602240897,-0.18963585434173671,0.0473389355742297
2022-11-01,-0.005042016806722689,-0.3535014005602241,-0.207843137254902,-0.08543417366946779,0.10700280112044817
2022-11-02,0.17647058823529413,-0.257703081232493,-0.0565826330532213,0.0008403361344537815,0.2901960784313726
2022-11-03,0.14201680672268907,-0.3159663865546219,-0.14145658263305325,-0.06582633053221289,0.19299719887955183
2022-11-04,0.14453781512605043,-0.21176470588235297,-0.00196078431372549,0.0557422969187675,0.22521008403361345
2022-11-07,0.2596638655462185,-0.22997198879551825,0.03137254901960784,0.12240896358543418,0.2913165266106443
2022-11-08,0.21932773109243697,-0.21036414565826334,0.018207282913165267,0.15154061624649862,0.3899159663865546
2022-11-09,0.2504201680672269,-0.1512605042016807,0.1338935574229692,0.23221288515406163,0.4288515406162466
2022-11-10,0.18459383753501402,-0.08907563025210086,0.05434173669467787,0.05854341736694678,0.38291316526610647
2022-11-11,0.059383753501400564,-0.11988795518207283,-0.0005602240896358543,0.08991596638655462,0.1969187675070028
2022-11-14,0.017647058823529415,-0.14453781512605043,-0.06750700280112044,0.00392156862745098,0.07338935574229692
2022-11-15,0.0927170868347339,-0.2582633053221289,-0.09411764705882354,-0.008683473389355743,0.15518207282913166
2022-11-16,0.010364145658263305,-0.07899159663865547,-0.011764705882352943,0.12128851540616246,0.18795518207282913
2022-11-17,0.012885154061624651,-0.05826330532212886,0.021288515406162466,0.09551820728291317,0.18123249299719887
2022-11-18,0.06707410236822,-0.012070282658517952,0.0964094728800611,0.16271963330786857,0.31734148204736434
2022-11-21,0.17616501145912908,0.0077922077922077905,0.19083269671504965,0.2644766997708174,0.43132161955691367
2022-11-22,0.10710466004583649,0.11963330786860198,0.18380443086325438,0.26355996944232235,0.30053475935828877
2022-11-23,0.08082505729564553,0.10221543162719632,0.13032849503437738,0.2641711229946524,0.42826585179526355
2022-11-24,0.10863254392666157,-0.008403361344537815,0.04690603514132925,0.2491978609625668,0.45882352941176463
2022-11-25,0.008097784568372804,0.030710466004583648,0.014820473644003056,0.22352941176470587,0.41665393430099307
2022-11-28,0.04453781512605043,0.15658263305322132,0.1327731092436975,0.2669467787114846,0.3453781512605042
2022-11-29,-0.19747899159663868,0.11932773109243698,-0.0442577030812325,0.18319327731092436,0.43109243697479
2022-11-30,-0.27787114845938377,0.015126050420168069,-0.2173669467787115,0.006162464985994398,0.34145658263305323
2022-12-01,-0.31064425770308124,0.026330532212885158,-0.207843137254902,-0.035574229691876756,0.326890756302521
2022-12-02,-0.08683473389355742,0.04201680672268908,-0.10000000000000002,0.012044817927170869,0.4383753501400561
2022-12-05,-0.2028011204481793,0.40168067226890763,0.13445378151260504,0.3019607843137255,0.42969187675070025
2022-12-06,-0.29075630252100837,0.12997198879551822,-0.08347338935574229,0.12380952380952381,0.33053221288515405
2022-12-07,-0.3190476190476191,0.2092436974789916,-0.07338935574229692,0.060504201680672276,0.20364145658263308
2022-12-08,-0.32296918767507005,0.2700280112044818,0.025770308123249302,0.05630252100840336,0.22268907563025211
2022-12-09,-0.1700280112044818,0.2571428571428572,0.08599439775910364,0.05350140056022409,0.2280112044817927
2022-12-12,-0.2263305322128852,0.3098039215686275,0.04705882352941177,0.12296918767507005,0.21372549019607845
2022-12-13,-0.17927170868347342,0.4344537815126051,0.1554621848739496,0.18991596638655464,0.23389355742296922
2022-12-14,-0.18795518207282913,0.3028011204481793,0.03333333333333334,0.0288515406162465,0.10224089635854341
2022-12-15,-0.280672268907563,0.25602240896358547,-0.029691876750700282,-0.06274509803921569,0.14677871148459384
2022-12-16,-0.2739495798319328,0.3238095238095238,-0.011204481792717089,-0.05518207282913166,0.08963585434173671
2022-12-19,-0.2784313725490196,0.31456582633053226,-0.009243697478991597,-0.035854341736694675,0.1450980392156863
2022-12-20,-0.27871148459383754,0.3557422969187675,0.028011204481792715,-0.012605042016806725,0.1557422969187675
2022-12-21,-0.2210847975553858,0.2372803666921314,-0.05851795263559969,-0.07165775401069518,0.05210084033613445
2022-12-22,-0.15378151260504203,0.2019607843137255,-0.06778711484593837,-0.10336134453781515,-0.05630252100840336
2022-12-23,-0.157703081232493,0.319327731092437,0.050140056022408966,0.032492997198879554,-0.12324929971988796
2022-12-26,-0.05378151260504201,0.2647058823529412,0.060504201680672276,0.0025210084033613447,-0.01904761904761905
2022-12-27,0.052661064425770315,0.13025210084033612,0.06918767507002802,-0.010364145658263305,-0.15378151260504203
2022-12-28,0.036414565826330535,0.2882352941176471,0.18011204481792717,0.16666666666666669,-0.12408963585434175
2022-12-29,0.10364145658263306,0.25882352941176473,0.2879551820728291,0.2689075630252101,-0.1473389355742297
2022-12-30,0.1008403361344538,0.2030812324929972,0.24481792717086837,0.21764705882352942,-0.13753501400560225
2023-01-03,0.0669467787114846,0.2411764705882353,0.19523809523809524,0.2327731092436975,-0.16498599439775913
2023-01-04,0.054061624649859946,0.28179271708683473,0.21792717086834737,0.146218487394958,-0.2742296918767507
2023-01-05,0.0565826330532213,0.30420168067226894,0.2697478991596639,0.1554621848739496,-0.24257703081232493
2023-01-06,0.11484593837535015,0.23557422969187677,0.25210084033613445,0.23305322128851544,-0.16554621848739498
2023-01-09,0.055462184873949584,0.2994397759103642,0.288515406162465,0.32745098039215687,-0.17198879551820728
2023-01-10,0.14761904761904762,0.23417366946778712,0.33753501400560226,0.3254901960784314,-0.23445378151260504
2023-01-11,0.05966386554621849,0.3254901960784314,0.3834733893557423,0.43557422969187676,-0.27226890756302524
2023-01-12,0.12436974789915967,0.25098039215686274,0.3683473389355743,0.38739495798319334,-0.08263305322128851
2023-01-13,0.21120448179271709,0.2957983193277311,0.4512605042016807,0.4442577030812326,-0.08879551820728293
2023-01-16,0.29971988795518206,0.24313725490196078,0.4627450980392157,0.411484593837535,0.02100840336134454
2023-01-17,0.365546218487395,0.07478991596638655,0.4470588235294118,0.37563025210084033,-0.10896358543417368
2023-01-18,0.3028011204481793,0.17675070028011206,0.4885154061624651,0.4098039215686275,-0.1350140056022409
2023-01-19,0.2683473389355742,0.2372549019607843,0.5518207282913166,0.43921568627450985,0.00196078431372549
2023-01-20,0.21708683473389356,0.34817927170868346,0.5753501400560225,0.49439775910364153,0.03361344537815126
2023-01-30,0.21988795518207285,0.3907563025210084,0.5949579831932773,0.5467787114845939,0.16078431372549024
2023-01-31,0.207843137254902,0.2941176470588236,0.5280112044817927,0.5226890756302521,0.11064425770308124
2023-02-01,0.15882352941176472,0.31344537815126056,0.5142857142857143,0.4913165266106443,0.09439775910364147
2023-02-02,0.20644257703081234,0.27226890756302524,0.57703081232493,0.5683473389355742,0.20644257703081234
2023-02-03,0.3532212885154062,0.17058823529411765,0.5633053221288515,0.5126050420168068,0.2761904761904762
2023-02-06,0.18711484593837538,0.1285714285714286,0.45098039215686275,0.41904761904761906,0.18795518207282913
2023-02-07,0.2683473389355742,0.11372549019607844,0.484593837535014,0.45826330532212883,0.21064425770308126
2023-02-08,0.25266106442577035,0.10588235294117648,0.42044817927170874,0.4159663865546219,0.3151260504201681
2023-02-09,0.38739495798319334,0.06638655462184875,0.46806722689075636,0.49747899159663866,0.3369747899159664
2023-02-10,0.3016806722689076,0.07226890756302522,0.4630252100840337,0.4588235294117647,0.32773109243697485
2023-02-13,0.27787114845938377,-0.07787114845938375,0.33613445378151263,0.36190476190476195,0.3280112044817927
2023-02-14,0.28431372549019607,-0.08095238095238096,0.27563025210084036,0.16554621848739498,0.40140056022408965
2023-02-15,0.36162464985994397,-0.11764705882352944,0.34089635854341743,0.37507002801120454,0.5070028011204483
2023-02-16,0.43126269452351657,-0.1183556274350021,0.21920302595950095,0.25534001043077964,0.4322431553425047
2023-02-17,0.35378151260504204,0.022408963585434177,0.2739495798319328,0.3717086834733894,0.45070028011204477
2023-02-20,0.3064425770308124,0.03865546218487395,0.26050420168067223,0.2991596638655462,0.3535014005602241
2023-02-21,0.1627450980392157,0.23361344537815126,0.25322128851540615,0.4498599439775911,0.38571428571428573
2023-02-22,0.20756302521008405,0.15014005602240896,0.13613445378151262,0.3302521008403362,0.3904761904761905
2023-02-23,0.20224089635854342,0.17030812324929973,0.24509803921568626,0.3887955182072829,0.503641456582633
2023-02-24,0.10308123249299721,0.08179271708683473,0.13249299719887955,0.23641456582633055,0.29971988795518206
2023-02-27,0.17478991596638654,-0.005882352941176471,0.1966386554621849,0.19747899159663868,0.2927170868347339
2023-02-28,0.1434173669467787,-0.04453781512605043,0.12997198879551822,0.21316526610644262,0.27535014005602243
2023-03-01,0.12913165266106444,-0.027170868347338936,0.13333333333333336,0.22016806722689075,0.1854341736694678
2023-03-02,0.08319327731092437,0.1296918767507003,0.1843137254901961,0.24761904761904763,0.1784313725490196
2023-03-03,0.161624649859944,0.03977591036414566,0.18319327731092436,0.13137254901960785,0.13641456582633055
2023-03-06,0.20952380952380953,-0.02212885154061625,0.18683473389355743,0.07478991596638655,0.14901960784313728
2023-03-07,0.15938375350140058,-0.06778711484593837,0.12661064425770308,0.054061624649859946,0.12156862745098039
2023-03-08,0.16946778711484592,-0.024089635854341738,0.18207282913165268,-0.0350140056022409,0.1784313725490196
2023-03-09,0.11008403361344538,-0.05434173669467787,0.12184873949579832,-0.01680672268907563,0.20644257703081234
2023-03-10,0.10364145658263306,0.002240896358543417,0.13193277310924373,0.008683473389355743,0.23445378151260504
2023-03-13,0.054621848739495805,0.10700280112044817,0.14229691876750702,-0.001400560224089636,0.33277310924369746
2023-03-14,0.08319327731092437,0.039495798319327736,0.16750700280112046,0.024089635854341738,0.17226890756302524
2023-03-15,-0.0036414565826330537,0.14117647058823532,0.14677871148459384,0.12324929971988796,0.2742296918767507
2023-03-16,0.00392156862745098,0.11988795518207283,0.17086834733893558,0.11372549019607844,0.22268907563025211
2023-03-17,-0.021568627450980395,0.1204481792717087,0.1554621848739496,0.13109243697478992,0.21624649859943978
2023-03-20,-0.022408963585434177,0.18403361344537816,0.1235294117647059,0.06190476190476191,0.23417366946778712
2023-03-21,0.07675070028011205,0.09635854341736695,0.15014005602240896,0.11064425770308124,0.2826330532212885
2023-03-22,0.04257703081232493,0.04789915966386555,0.08711484593837535,0.07591036414565827,0.13249299719887955
2023-03-23,0.0484593837535014,0.126890756302521,0.0876750700280112,0.07507002801120448,0.14845938375350143
2023-03-24,0.10168067226890756,0.1142857142857143,0.0927170868347339,-0.02100840336134454,0.15182072829131654
2023-03-27,0.2165266106442577,-0.05966386554621849,0.06834733893557424,0.012605042016806725,0.19103641456582635
2023-03-28,0.18319327731092436,-0.11008403361344538,0.036414565826330535,0.001400560224089636,0.21204481792717086
2023-03-29,0.10476190476190476,-0.12268907563025211,-0.004201680672268907,-0.15294117647058825,0.05994397759103642
2023-03-30,0.2649859943977591,-0.1913165266106443,0.051540616246498604,0.006162464985994398,0.1288515406162465
2023-03-31,0.09775910364145657,-0.09075630252100841,0.0319327731092437,0.01708683473389356,0.041176470588235294
2023-04-03,0.12156862745098039,-0.12464985994397759,0.041736694677871146,0.06358543417366948,0.238375350140056
2023-04-04,0.20000000000000004,0.011204481792717089,0.14229691876750702,0.22016806722689075,0.36134453781512604
2023-04-06,0.20644257703081234,0.0927170868347339,0.22380952380952385,0.3504201680672269,0.43893557422969187
2023-04-07,0.3190476190476191,0.08347338935574229,0.24621848739495797,0.33753501400560226,0.31848739495798317
2023-04-10,0.2672268907563025,0.05490196078431373,0.15798319327731095,0.3683473389355743,0.24509803921568626
2023-04-11,0.30000000000000004,0.1834733893557423,0.28207282913165266,0.37675070028011204,0.1761904761904762
2023-04-12,0.24873949579831933,0.08795518207282914,0.2277310924369748,0.27647058823529413,0.2515406162464986
2023-04-13,0.10588235294117648,0.044817927170868355,0.04397759103641457,0.11176470588235295,0.06946778711484594
2023-04-14,0.050980392156862744,0.10448179271708685,0.0669467787114846,0.14817927170868347,0.057422969187675074
2023-04-17,0.051540616246498604,0.1627450980392157,0.11708683473389356,0.2815126050420168,0.06470588235294118
2023-04-18,0.010364145658263305,0.17030812324929973,0.09383753501400562,0.22436974789915967,-0.059383753501400564
2023-04-19,-0.03081232492997199,0.11176470588235295,0.08375350140056023,0.19327731092436976,-0.06470588235294118
2023-04-20,0.008403361344537815,0.21932773109243697,0.17254901960784316,0.23529411764705888,-0.07030812324929972
2023-04-21,-0.04537815126050419,0.28739495798319326,0.22811306340718102,0.2663101604278075,-0.11963330786860198
2023-04-24,0.0160427807486631,0.1920550038197097,0.174025974025974,0.2165011459129106,-0.03437738731856379
2023-04-25,0.024089635854341738,0.2635854341736695,0.14061624649859944,0.23529411764705888,-0.12436974789915967
2023-04-26,0.08627450980392158,0.41316526610644266,0.38179271708683477,0.40280112044817934,-0.08291316526610644
2023-04-27,0.1392156862745098,0.34817927170868346,0.396078431372549,0.5011204481792717,-0.04873949579831933
2023-04-28,0.1450980392156863,0.31568627450980397,0.3568627450980392,0.3378151260504202,-0.021848739495798318
2023-05-04,-0.01904761904761905,0.23865546218487396,0.1697478991596639,0.22997198879551825,-0.2109243697478992
2023-05-05,0.057703081232493,0.47983193277310926,0.4030812324929972,0.4000000000000001,-0.10112044817927171
2023-05-08,-0.007002801120448179,0.46694677871148466,0.33305322128851544,0.3344537815126051,-0.24873949579831933
2023-05-09,0.006162464985994398,0.4784313725490197,0.33389355742296917,0.25910364145658266,-0.22324929971988797
2023-05-10,-0.09250177463999826,0.32838129997199383,0.2037842126159962,0.15851440472399703,-0.36496154721599317
2023-05-11,-0.03473389355742297,0.3204481792717087,0.19943977591036416,0.1184873949579832,-0.37591036414565826
2023-05-12,-0.00196078431372549,0.2683473389355742,0.2579831932773109,0.2235294117647059,-0.1969187675070028
2023-05-15,0.035854341736694675,0.24173669467787118,0.1969187675070028,0.17563025210084035,-0.2882352941176471
2023-05-16,0.11176470588235295,0.1341736694677871,0.18795518207282913,0.19411764705882356,-0.20840336134453782
2023-05-17,0.350140056022409,0.038375350140056025,0.2815126050420168,0.21288515406162464,-0.08039215686274512
2023-05-18,0.13613445378151262,0.0638655462184874,0.1893557422969188,0.111484593837535,0.009523809523809525
2023-05-19,0.3008403361344538,-0.05798319327731092,0.1711484593837535,0.12801120448179273,0.050980392156862744
2023-05-22,0.3400560224089636,0.04929971988795519,0.2596638655462185,0.265546218487395,0.044817927170868355
2023-05-23,0.207843137254902,-0.060784313725490195,0.08151260504201681,0.02829131652661065,-0.11484593837535015
2023-05-24,0.20364145658263308,-0.1773109243697479,0.0005602240896358543,-0.06358543417366948,-0.11680672268907563
2023-05-25,0.1980392156862745,-0.03977591036414566,0.07703081232492998,-0.016526610644257703,-0.1277310924369748
2023-05-26,0.1546218487394958,-0.20728291316526612,-0.050980392156862744,-0.07535014005602242,-0.18375350140056024
2023-05-29,0.14761904761904762,-0.17759103641456586,-0.011204481792717089,-0.041736694677871146,-0.25098039215686274
2023-05-30,0.12324929971988796,-0.16498599439775913,-0.030532212885154068,-0.11904761904761907,-0.3596638655462185
2023-05-31,0.061344537815126055,-0.09887955182072829,-0.02829131652661065,-0.02913165266106443,-0.2812324929971989
2023-06-01,0.17815126050420171,-0.10364145658263306,0.06610644257703081,0.07114845938375351,-0.08963585434173671
2023-06-02,0.010364145658263305,-0.14873949579831933,-0.14453781512605043,-0.12212885154061627,-0.2504201680672269
2023-06-05,0.04201680672268908,-0.19579831932773112,-0.0969187675070028,-0.10924369747899161,-0.3302521008403362
2023-06-06,-0.04901960784313727,-0.010084033613445379,-0.03081232492997199,-0.006162464985994398,-0.3324929971988796
2023-06-07,0.050980392156862744,-0.05798319327731092,-0.017647058823529415,-0.04397759103641457,-0.3061624649859944
2023-06-08,-0.03277310924369748,0.02661064425770308,0.02661064425770308,0.050980392156862744,-0.3224089635854342
2023-06-09,0.02100840336134454,0.2784313725490196,0.12633053221288518,0.18039215686274512,-0.12128851540616246
2023-06-12,0.17927170868347342,0.0876750700280112,0.23529411764705888,0.13725490196078433,-0.10980392156862746
2023-06-13,0.1557422969187675,0.027170868347338936,0.16050420168067225,-0.021848739495798318,-0.1843137254901961
2023-06-14,0.10504201680672269,0.041736694677871146,0.14761904761904762,0.16302521008403362,-0.03417366946778712
2023-06-15,0.07394957983193277,0.05126050420168067,0.088515406162465,0.1966386554621849,-0.16918767507002805
2023-06-16,-0.07422969187675071,0.04565826330532213,0.04873949579831933,0.04985994397759104,-0.37422969187675076
2023-06-19,0.16218487394957984,-0.025490196078431372,0.16862745098039217,0.2019607843137255,-0.10700280112044817
2023-06-20,0.30940542130641374,0.07759647053135048,0.369773794589829,0.4532530300351086,0.1987534145920331
2023-06-21,0.25882352941176473,0.1400560224089636,0.31064425770308124,0.40448179271708684,0.22492997198879555
2023-06-26,0.192436974789916,-0.13109243697478992,0.1257703081232493,0.19859943977591038,0.052661064425770315
2023-06-27,0.25994397759103643,-0.161624649859944,0.18683473389355743,0.27086834733893556,0.08487394957983195
2023-06-28,0.23025210084033615,0.024649859943977594,0.2728291316526611,0.4084033613445379,0.37030812324929974
2023-06-29,0.23501400560224092,-0.10224089635854341,0.20364145658263308,0.28375350140056027,0.2971988795518207
2023-06-30,0.32997198879551826,-0.1546218487394958,0.19215686274509805,0.26330532212885155,0.3795518207282913
2023-07-03,0.3028011204481793,-0.09887955182072829,0.2627450980392157,0.34201680672268914,0.4918767507002802
2023-07-04,0.396358543417367,-0.23333333333333334,0.1854341736694678,0.1862745098039216,0.4773109243697479
2023-07-05,0.42689075630252105,-0.27142857142857146,0.18039215686274512,0.16918767507002805,0.5630252100840336
2023-07-06,0.27086834733893556,-0.3002801120448179,-0.0011204481792717086,0.16134453781512606,0.6252100840336134
2023-07-07,0.24033613445378152,-0.3478991596638656,-0.10672268907563026,0.08879551820728293,0.6249299719887955
2023-07-10,0.24061624649859947,-0.29439775910364147,-0.06218487394957983,0.073109243697479,0.6551820728291318
2023-07-11,0.28655462184873953,-0.30868347338935576,-0.07507002801120448,0.02997198879551821,0.6476190476190476
2023-07-12,0.115406162464986,-0.2173669467787115,-0.18151260504201683,0.10728291316526611,0.6478991596638657
2023-07-13,0.17338935574229694,-0.334733893557423,-0.18823529411764708,0.06554621848739496,0.627170868347339
2023-07-14,0.13641456582633055,-0.2109243697478992,-0.13445378151260504,-0.01988795518207283,0.4490196078431373
2023-07-17,0.10140056022408965,-0.10756302521008403,-0.04341736694677871,0.146218487394958,0.5378151260504201
2023-07-18,0.13641456582633055,-0.27086834733893556,-0.17563025210084035,0.08991596638655462,0.4053221288515406
2023-07-19,0.1761904761904762,-0.23753501400560226,-0.103921568627451,0.050980392156862744,0.47703081232492994
2023-07-20,0.12549019607843137,-0.25238095238095243,-0.10000000000000002,0.02661064425770308,0.384593837535014
2023-07-21,0.14089635854341737,-0.07226890756302522,0.008683473389355743,0.1470588235294118,0.4431372549019608
2023-07-24,0.2204481792717087,-0.13193277310924373,0.0700280112044818,0.08795518207282914,0.4467787114845939
2023-07-25,0.11484593837535015,-0.14761904761904762,0.00392156862745098,0.11176470588235295,0.3036414565826331
2023-07-26,0.17450980392156865,-0.134733893557423,0.02296918767507003,0.06666666666666668,0.39803921568627454
2023-07-27,-0.0319327731092437,-0.08487394957983195,-0.038375350140056025,0.005602240896358544,0.31064425770308124
2023-07-28,-0.034453781512605045,-0.14565826330532214,-0.06218487394957983,-0.011484593837535015,0.15602240896358546
2023-07-31,-0.008683473389355743,-0.27815126050420175,-0.048179271708683476,-0.059383753501400564,0.11008403361344538
2023-08-01,-0.09551820728291317,0.257703081232493,0.234733893557423,0.3380952380952381,0.061064425770308135
2023-08-02,-0.07086834733893559,0.38907563025210085,0.26050420168067223,0.49215686274509807,0.111484593837535
2023-08-03,-0.05994397759103642,0.4380952380952381,0.32605042016806723,0.4745098039215686,0.0969187675070028
2023-08-04,-0.013445378151260503,0.4442577030812326,0.3509803921568628,0.5,0.15742296918767507
2023-08-07,-0.004481792717086834,0.46190476190476193,0.415686274509804,0.5330532212885154,0.1697478991596639
2023-08-08,0.0484593837535014,0.511764705882353,0.4840336134453782,0.5733893557422969,0.09663865546218488
2023-08-09,-0.06862745098039216,0.5106442577030812,0.3434173669467787,0.4621848739495799,0.0
2023-08-10,-0.013725490196078433,0.5212885154061625,0.3683473389355743,0.4652661064425771,-0.04761904761904762
2023-08-11,-0.07450980392156864,0.5120448179271709,0.3140056022408964,0.46078431372549017,-0.004481792717086834
2023-08-14,-0.06974789915966387,0.47983193277310926,0.36246498599439775,0.37422969187675076,-0.06834733893557424
2023-08-15,-0.036277050302562765,0.5619441151115129,0.391203866776285,0.45087191090328016,0.1120526650272209
2023-08-16,-0.03081232492997199,0.542296918767507,0.40784313725490196,0.5128851540616247,0.1112044817927171
2023-08-17,0.13557422969187674,0.47955182072829133,0.4957983193277311,0.5400560224089636,0.20140056022408967
2023-08-18,0.027170868347338936,0.55406162464986,0.45770308123249304,0.5781512605042017,0.28431372549019607
2023-08-21,-0.0343161286645864,0.4290216412229721,0.3784578761294386,0.5043770584537781,0.23278941159405145
2023-08-22,0.0669467787114846,0.419327731092437,0.38627450980392153,0.5165266106442578,0.29551820728291317
2023-08-23,-0.010364145658263305,0.4565826330532213,0.39915966386554624,0.5756302521008404,0.31624649859943976
2023-08-24,0.1585434173669468,0.4557422969187675,0.4397759103641457,0.6204481792717087,0.27703081232493
2023-08-25,-0.11876750700280113,0.5210084033613445,0.2904761904761905,0.45154061624649866,0.017366946778711485
2023-08-28,-0.16554621848739498,0.6198879551820728,0.2854341736694678,0.5442577030812326,0.2173669467787115
2023-08-29,0.0565826330532213,0.40896358543417366,0.27535014005602243,0.380672268907563,0.2747899159663866
2023-08-30,-0.00784313725490196,0.28655462184873953,0.19635854341736697,0.3028011204481793,0.35714285714285715
2023-08-31,-0.07815126050420168,0.3532212885154062,0.15070028011204484,0.3098039215686275,0.28179271708683473
2023-09-01,-0.08179271708683473,0.2473389355742297,0.11484593837535015,0.19019607843137257,0.09971988795518208
2023-09-04,-0.1400560224089636,0.3355742296918768,0.13221288515406163,0.22408963585434172,0.14201680672268907
2023-09-05,-0.20840336134453782,0.25322128851540615,-0.016526610644257703,0.1700280112044818,0.14537815126050418
2023-09-06,0.0557422969187675,0.20420168067226896,0.24649859943977592,0.3257703081232493,0.35182072829131655
2023-09-07,0.010364145658263305,0.19551820728291314,0.13193277310924373,0.24285714285714288,0.311484593837535
2023-09-08,0.0025210084033613447,0.14901960784313728,0.1008403361344538,0.20420168067226896,0.1843137254901961
2023-09-11,-0.1946778711484594,0.1711484593837535,-0.02072829131652661,0.21484593837535013,0.15154061624649862
2023-09-12,-0.18879551820728294,0.20616246498599441,0.0075630252100840345,0.19411764705882356,0.22100840336134459
2023-09-13,-0.08207282913165267,0.18039215686274512,0.020168067226890758,0.17815126050420171,0.20560224089635856
2023-09-14,-0.06638655462184875,0.2263305322128852,0.04985994397759104,0.23501400560224092,0.1610644257703081
2023-09-15,0.07450980392156864,0.1753501400560224,0.09915966386554623,0.20728291316526612,0.16078431372549024
2023-09-18,0.10112044817927171,0.16722689075630254,0.15602240896358546,0.3005602240896359,0.05378151260504201
2023-09-19,0.16358543417366947,0.07478991596638655,0.1742296918767507,0.19103641456582635,-0.17647058823529413
2023-09-20,0.1380952380952381,0.1554621848739496,0.20392156862745098,0.19635854341736697,-0.16666666666666669
2023-09-21,-0.005882352941176471,0.21988795518207285,0.13053221288515407,0.1596638655462185,-0.19411764705882356
2023-09-22,-0.21484593837535013,0.4184873949579832,0.08151260504201681,0.2647058823529412,-0.12436974789915967
2023-09-25,-0.20700280112044817,0.26218487394957984,0.014285714285714287,0.21708683473389356,-0.015126050420168069
2023-09-26,-0.039495798319327736,0.26050420168067223,0.19215686274509805,0.33865546218487397,0.07871148459383753
2023-09-27,-0.001400560224089636,0.1893557422969188,0.1677871148459384,0.3047619047619048,-0.040336134453781515
2023-09-28,-0.12072829131652661,0.3064425770308124,0.2285714285714286,0.31988795518207286,0.009523809523809525
2023-10-09,-0.23753501400560226,0.3263305322128852,0.12408963585434175,0.31316526610644263,-0.04537815126050421
2023-10-10,-0.26218487394957984,0.29775910364145664,-0.01596638655462185,0.14061624649859944,-0.2593837535014006
2023-10-11,-0.25994397759103643,0.3100840336134454,0.09131652661064427,0.20224089635854342,-0.2700280112044818
2023-10-12,-0.38627450980392153,0.369467787114846,0.030532212885154068,0.21008403361344538,-0.37619047619047624
2023-10-13,-0.3725490196078432,0.22605042016806726,-0.08599439775910364,0.059383753501400564,-0.44565826330532216
2023-10-16,-0.3072829131652662,0.1338935574229692,-0.07759103641456583,-0.07114845938375351,-0.5313725490196078
2023-10-17,-0.21064425770308126,0.17198879551820728,-0.017927170868347338,-0.060784313725490195,-0.5969187675070028
2023-10-18,-0.1327731092436975,0.1400560224089636,0.01680672268907563,-0.03165266106442577,-0.5221288515406163
2023-10-19,-0.12605042016806722,0.07338935574229692,-0.03081232492997199,-0.13053221288515407,-0.6666666666666667
2023-10-20,-0.09215686274509804,0.06834733893557424,-0.06778711484593837,-0.13949579831932774,-0.6683473389355742
2023-10-23,-0.1966386554621849,0.07450980392156864,-0.13025210084033612,-0.13557422969187674,-0.6442577030812324
2023-10-24,-0.24789915966386555,0.02492997198879552,-0.21260504201680674,-0.18207282913165268,-0.5913165266106444
2023-10-25,-0.3610644257703082,0.280672268907563,0.010364145658263305,0.054621848739495805,-0.31876750700280115
2023-10-26,-0.3235294117647059,0.230812324929972,-0.04397759103641457,0.026890756302521007,-0.3708683473389356
2023-10-27,-0.26106442577030814,0.0969187675070028,-0.07591036414565827,-0.06414565826330533,-0.35882352941176476
2023-10-30,0.05882352941176472,0.011484593837535015,0.024649859943977594,0.006722689075630252,-0.28347338935574234
2023-10-31,0.11596638655462184,0.05854341736694678,0.054621848739495805,0.021568627450980395,-0.31652661064425774
2023-11-01,-0.07871148459383753,0.07703081232492998,-0.03669467787114846,0.04873949579831933,-0.32717086834733894
2023-11-02,-0.10700280112044817,0.16666666666666669,-0.04005602240896359,0.088515406162465,-0.2868347338935574
2023-11-03,-0.1742296918767507,0.06526610644257703,-0.08795518207282914,-0.027170868347338936,-0.4184873949579832
2023-11-06,0.07591036414565827,0.07647058823529412,0.008123249299719889,0.0638655462184874,-0.26442577030812325
2023-11-07,0.09243697478991597,0.07422969187675071,0.04453781512605043,0.13221288515406163,-0.2372549019607843
2023-11-08,0.3212885154061625,0.15882352941176472,0.2028011204481793,0.29103641456582635,-0.05798319327731092
2023-11-09,0.22941176470588234,-0.0761904761904762,-0.024369747899159664,0.03865546218487395,-0.2669467787114846
2023-11-10,0.0319327731092437,0.08571428571428572,0.017927170868347338,0.0876750700280112,-0.046778711484593845
2023-11-13,0.008123249299719889,0.009243697478991597,-0.08991596638655462,0.041736694677871146,-0.050980392156862744
2023-11-14,0.11344537815126052,0.07563025210084034,0.08599439775910364,0.20252100840336137,-0.05322128851540616
2023-11-15,0.09243697478991597,0.13865546218487396,0.11344537815126052,0.19411764705882356,-0.10140056022408965
2023-11-16,0.2081232492997199,0.16078431372549024,0.207843137254902,0.22521008403361345,-0.028571428571428574
2023-11-17,0.25490196078431376,0.21344537815126052,0.29691876750700286,0.30392156862745096,0.14285714285714288
2023-11-20,0.21764705882352942,0.15490196078431376,0.21372549019607845,0.2641456582633053,0.12072829131652661
2023-11-21,0.18879551820728294,0.17647058823529413,0.19187675070028015,0.20476190476190478,0.06274509803921569
2023-11-22,0.1784313725490196,0.24005602240896362,0.20588235294117646,0.22100840336134459,0.14453781512605043
2023-11-23,0.22436974789915967,0.1823529411764706,0.17983193277310924,0.1893557422969188,0.05686274509803922
2023-11-24,0.24509803921568626,0.1288515406162465,0.16330532212885157,0.11484593837535015,0.05714285714285715
2023-11-27,0.18711484593837538,0.19215686274509805,0.1697478991596639,0.12184873949579832,0.07815126050420168
2023-11-28,0.2504201680672269,0.08683473389355742,0.10280112044817928,0.0565826330532213,0.09747899159663866
2023-11-29,0.2927170868347339,0.21792717086834737,0.29075630252100837,0.27563025210084036,0.2285714285714286
2023-11-30,0.1969187675070028,0.23781512605042018,0.21344537815126052,0.1946778711484594,0.16554621848739498
2023-12-01,0.1450980392156863,0.3621848739495799,0.2504201680672269,0.33333333333333337,0.17899159663865546
2023-12-04,,,,,
2023-12-05,,,,,
2023-12-06,,,,,
2023-12-07,,,,,
2023-12-08,,,,,
2023-12-11,,,,,
2023-12-12,,,,,
2023-12-13,,,,,
2023-12-14,,,,,
2023-12-15,,,,,
2023-12-18,,,,,
2023-12-19,,,,,
2023-12-20,,,,,
2023-12-21,,,,,
2023-12-22,,,,,
2023-12-25,,,,,
2023-12-26,,,,,
2023-12-27,,,,,
2023-12-28,,,,,
2023-12-29,,,,,
