,PCF,VCF,PVCF,ACF,TRCF
2020-01-02,,,,,
2020-01-03,,,,,
2020-01-06,,,,,
2020-01-07,,,,,
2020-01-08,-0.26899696048632216,-0.15501519756838905,-0.25803300043421623,-0.19865392965696918,-0.16497923806939244
2020-01-09,-0.4717759444203213,-0.278006947459835,-0.39285714285714285,-0.3187147199305254,-0.1194191888881817
2020-01-10,-0.15588786067021307,-0.02746417716022579,-0.08380373425966132,-0.17314372557533653,0.10182923534514705
2020-01-13,-0.07115911745774696,-0.1754233608336952,-0.1984368215371255,-0.26780286582718194,-0.20125922709509333
2020-01-14,-0.28983933999131567,-0.3036257056013895,-0.31589231437255755,-0.36419887103777676,-0.26998860160275134
2020-01-15,-0.3660442900564481,-0.31068171949630913,-0.36191923577941815,-0.4297655232305688,-0.3707121146330873
2020-01-16,-0.20614415979157621,-0.21222318714719932,-0.26356925749023014,-0.2865827181936604,-0.19224924012158054
2020-01-17,-0.08423795049934868,-0.23241424229266175,-0.18671298306556666,-0.3218627876682588,-0.35464611376465477
2020-01-20,-0.22405557967868,-0.22003907946157186,-0.2778983933999132,-0.35551454624402956,-0.3179548415110725
2020-01-21,-0.20885801128962225,-0.23957881024750324,-0.25217108119843684,-0.2886452453321754,-0.1741207121146331
2020-01-22,-0.17897959183673467,-0.3445918367346938,-0.30336734693877554,-0.3938775510204081,-0.3627551020408163
2020-01-23,-0.16346938775510203,-0.1770408163265306,-0.17020408163265308,-0.23887755102040814,-0.19428571428571426
2020-02-03,-0.0857142857142857,-0.2711224489795918,-0.24887755102040815,-0.3058163265306122,-0.3608163265306122
2020-02-04,0.15265306122448977,0.10061224489795917,0.1140816326530612,0.10653061224489795,-0.22204081632653058
2020-02-05,0.09428571428571428,-0.09826530612244896,-0.03714285714285714,-0.11877551020408163,-0.32091836734693874
2020-02-06,0.12632653061224489,-0.032755102040816324,0.06816326530612245,-0.03173469387755102,-0.3181632653061224
2020-02-07,0.1277551020408163,0.05285714285714285,0.13918367346938773,0.03979591836734694,-0.18102040816326528
2020-02-10,0.08081632653061224,0.02959183673469387,0.10387755102040816,0.06612244897959184,-0.12010204081632651
2020-02-11,0.059081632653061225,-0.17285714285714282,-0.02561224489795918,-0.18469387755102037,-0.30193877551020404
2020-02-12,0.06510204081632652,0.04418367346938775,0.12428571428571428,0.09081632653061222,-0.07785714285714285
2020-02-13,0.03653434042904247,0.17307888650183245,0.19593836207754622,0.19614246453804365,0.02490050018068816
2020-02-14,0.10285714285714286,0.13357142857142856,0.19306122448979587,0.18642857142857142,-0.05428571428571428
2020-02-17,0.11479591836734693,0.10857142857142855,0.18530612244897957,0.20224489795918366,-0.1104081632653061
2020-02-18,0.12469387755102039,0.14724489795918366,0.17316326530612242,0.19938775510204076,0.04795918367346939
2020-02-19,0.18499999999999997,0.2340816326530612,0.23755102040816325,0.315204081632653,0.10489795918367345
2020-02-20,0.1577551020408163,0.13163265306122449,0.19367346938775507,0.22755102040816325,0.02204081632653061
2020-02-21,0.3422448979591836,0.3643877551020408,0.3737755102040816,0.41469387755102033,0.20673469387755097
2020-02-24,0.506938775510204,0.44673469387755094,0.5224489795918367,0.583469387755102,0.40255102040816326
2020-02-25,0.5408163265306122,0.5714285714285713,0.6456122448979591,0.6998979591836734,0.6348979591836734
2020-02-26,0.5277551020408163,0.3056122448979592,0.46887755102040807,0.4811224489795918,0.38877551020408163
2020-02-27,0.3677551020408163,0.41051020408163263,0.4317346938775509,0.5022448979591836,0.391734693877551
2020-02-28,0.38275510204081625,0.4687755102040816,0.5122448979591836,0.5679591836734693,0.3960204081632652
2020-03-02,0.3659183673469387,0.62,0.6037755102040816,0.6903061224489795,0.6287755102040816
2020-03-03,0.32091836734693874,0.5103061224489795,0.5079591836734693,0.626938775510204,0.6153061224489795
2020-03-04,0.16183673469387755,0.4637755102040816,0.44724489795918365,0.5359183673469387,0.5995918367346939
2020-03-05,0.09377551020408162,0.32989795918367343,0.3037755102040816,0.42163265306122444,0.478673469387755
2020-03-06,0.381734693877551,0.48510204081632646,0.5327551020408163,0.5431632653061224,0.41061224489795917
2020-03-09,0.3352040816326531,0.5329591836734694,0.5548979591836734,0.5318367346938775,0.42397959183673467
2020-03-10,0.3294897959183673,0.5874489795918366,0.5601020408163264,0.5578571428571428,0.5243877551020408
2020-03-11,0.4014285714285714,0.5783673469387755,0.5901020408163264,0.5945918367346938,0.5070408163265305
2020-03-12,0.3394897959183673,0.5694897959183672,0.5897959183673468,0.6168367346938776,0.49663265306122445
2020-03-13,0.2387755102040816,0.6085714285714285,0.5720408163265306,0.6222448979591836,0.5114285714285713
2020-03-16,0.09295918367346936,0.5651020408163265,0.4532653061224489,0.5137755102040815,0.46255102040816326
2020-03-17,0.07663265306122448,0.4908163265306122,0.3792857142857142,0.44632653061224487,0.3838775510204081
2020-03-18,0.06561224489795918,0.4790816326530612,0.3906122448979592,0.43193877551020404,0.46397959183673465
2020-03-19,-0.04694356591441211,0.3071742030486531,0.2520665387143433,0.31309317440307904,0.4446372101936817
2020-03-20,-0.0070408163265306125,0.3756122448979592,0.27030612244897956,0.3898979591836734,0.47489795918367345
2020-03-23,0.05153061224489795,0.34510204081632645,0.2866326530612245,0.3161224489795918,0.30693877551020404
2020-03-24,0.17091836734693874,0.41551020408163264,0.4157142857142857,0.47571428571428565,0.3770408163265305
2020-03-25,0.15683673469387752,0.4544897959183673,0.42938775510204075,0.4983673469387755,0.31877551020408157
2020-03-26,0.11285714285714284,0.36510204081632647,0.30755102040816323,0.3970408163265306,0.2943877551020408
2020-03-27,0.22438775510204081,0.420204081632653,0.40295918367346933,0.46744897959183673,0.34255102040816326
2020-03-30,0.16755102040816325,0.3514285714285714,0.3195918367346939,0.3624489795918367,0.3214285714285714
2020-03-31,0.0031632653061224487,0.22561224489795917,0.1364285714285714,0.24397959183673468,0.23224489795918365
2020-04-01,0.05153061224489795,0.1624489795918367,0.1913265306122449,0.23540816326530611,0.22918367346938773
2020-04-02,0.03724489795918367,0.23683673469387753,0.19255102040816324,0.25846938775510203,0.2713265306122449
2020-04-03,-0.2909183673469387,0.11193877551020406,-0.07806122448979591,0.035918367346938776,0.313469387755102
2020-04-07,-0.2759183673469387,0.1454081632653061,-0.05877551020408163,0.07928571428571428,0.25479591836734694
2020-04-08,-0.2801020408163265,0.09122448979591836,-0.09,0.039999999999999994,0.2468367346938775
2020-04-09,-0.32132653061224487,0.004897959183673469,-0.15785714285714283,-0.05928571428571428,0.07714285714285714
2020-04-10,-0.41642857142857137,0.06622448979591836,-0.16020408163265304,-0.10979591836734691,0.007653061224489796
2020-04-13,-0.37877551020408157,0.016020408163265304,-0.18561224489795913,-0.13091836734693876,-0.07326530612244898
2020-04-14,-0.3587755102040816,-0.00826530612244898,-0.15663265306122448,-0.09295918367346936,-0.07755102040816325
2020-04-15,-0.30326530612244895,0.03663265306122449,-0.11326530612244898,0.002040816326530612,0.021938775510204078
2020-04-16,-0.3490816326530612,-0.016224489795918368,-0.15193877551020407,-0.07775510204081632,-0.043979591836734694
2020-04-17,-0.40673469387755096,-0.07091836734693877,-0.1914285714285714,-0.13448979591836732,-0.08030612244897958
2020-04-20,-0.28587463975219907,0.04648077758598133,-0.06607311413155414,0.014592208989671417,0.13872802882138663
2020-04-21,-0.20367346938775507,0.17367346938775505,0.047448979591836735,0.13581632653061224,0.2791836734693877
2020-04-22,-0.26051020408163267,0.09693877551020408,-0.022448979591836733,0.08418367346938775,0.27836734693877546
2020-04-23,-0.21581632653061225,0.18816326530612243,0.05581632653061224,0.062346938775510195,0.14938775510204083
2020-04-24,0.011224489795918367,0.2697959183673469,0.18285714285714283,0.1860204081632653,0.20336734693877548
2020-04-27,0.07632653061224488,0.21367346938775508,0.17714285714285713,0.15326530612244896,0.27122448979591834
2020-04-28,0.2278549717759444,0.3698436821537125,0.364090316977855,0.35236647850629615,0.24088145896656532
2020-04-29,0.10193877551020408,0.20163265306122446,0.2027551020408163,0.09326530612244896,-0.06173469387755102
2020-04-30,0.11775510204081631,0.22214285714285714,0.15755102040816324,0.12183673469387754,0.04448979591836734
2020-05-06,0.12173469387755101,0.2181632653061224,0.18306122448979592,0.16255102040816324,0.07928571428571428
2020-05-07,0.1764285714285714,0.13979591836734692,0.17530612244897958,0.12581632653061225,-0.003673469387755102
2020-05-08,0.2680612244897959,0.33091836734693875,0.3396938775510204,0.2915306122448979,0.17765306122448976
2020-05-11,0.2893877551020408,0.3201020408163265,0.3380612244897959,0.2923469387755102,0.2060204081632653
2020-05-12,0.40561224489795916,0.3904081632653061,0.46622448979591835,0.37306122448979584,0.3115306122448979
2020-05-13,0.3339795918367347,0.3747959183673469,0.42357142857142854,0.37530612244897954,0.31938775510204076
2020-05-14,0.3256122448979591,0.4815306122448979,0.4833673469387755,0.4388775510204081,0.4632653061224489
2020-05-15,0.3618367346938775,0.4244897959183673,0.44673469387755094,0.46959183673469385,0.44897959183673464
2020-05-18,0.355009056468999,0.4166943035617009,0.451899283292027,0.40853083000104556,0.3860302559994893
2020-05-19,0.40265306122448974,0.4203061224489796,0.4377551020408163,0.4118367346938775,0.311734693877551
2020-05-20,0.39030612244897955,0.4780612244897958,0.493469387755102,0.40826530612244893,0.19785714285714284
2020-05-21,0.2340816326530612,0.38540816326530614,0.33153061224489794,0.30071428571428566,0.14510204081632655
2020-05-22,0.23418367346938773,0.34102040816326534,0.30918367346938774,0.29183673469387755,0.1233673469387755
2020-05-25,0.2814285714285714,0.21102040816326526,0.24663265306122448,0.18938775510204078,-0.017551020408163264
2020-05-26,0.36765306122448976,0.2956122448979592,0.33775510204081627,0.2724489795918367,0.10642857142857141
2020-05-27,0.23897959183673465,0.12357142857142855,0.1774489795918367,0.10724489795918365,0.0857142857142857
2020-05-28,0.3174489795918367,0.20336734693877548,0.25357142857142856,0.15377551020408162,-0.04765306122448979
2020-05-29,0.39479591836734684,0.21102040816326526,0.27163265306122447,0.1514285714285714,-0.031224489795918367
2020-06-01,0.35704081632653056,0.18632653061224488,0.24061224489795918,0.21367346938775508,0.051326530612244896
2020-06-02,0.29,0.04877551020408162,0.14295918367346938,0.10806122448979592,-0.018163265306122448
2020-06-03,0.19387755102040816,0.008163265306122448,0.08153061224489795,0.06734693877551019,0.023673469387755098
2020-06-04,-0.008163265306122448,-0.1551020408163265,-0.13581632653061224,-0.09632653061224489,0.0707142857142857
2020-06-05,0.032857142857142856,-0.20367346938775507,-0.1692857142857143,-0.2157142857142857,-0.06571428571428571
2020-06-08,-0.004183673469387755,-0.22632653061224486,-0.17755102040816326,-0.18316326530612242,-0.14877551020408164
2020-06-09,0.06408163265306122,-0.20520408163265302,-0.11867346938775508,-0.1780612244897959,-0.25663265306122446
2020-06-10,0.27806122448979587,-0.1101020408163265,0.057653061224489786,-0.0030612244897959186,-0.2807142857142857
2020-06-11,0.28459183673469385,-0.1046938775510204,0.07959183673469387,0.0011224489795918367,-0.28857142857142853
2020-06-12,0.21081632653061222,-0.08244897959183672,0.06653061224489795,0.004285714285714285,-0.24020408163265303
2020-06-15,0.25785714285714284,-0.12306122448979592,0.05744897959183673,-0.0026530612244897956,-0.17714285714285713
2020-06-16,0.28795918367346934,-0.0013265306122448978,0.1496938775510204,0.12255102040816325,0.03959183673469387
2020-06-17,0.32469387755102036,0.07622448979591837,0.22071428571428572,0.18612244897959182,0.1293877551020408
2020-06-18,0.3509183673469387,0.024183673469387754,0.22489795918367345,0.13204081632653059,0.06714285714285713
2020-06-19,0.33091836734693875,-0.011428571428571427,0.14010204081632652,0.086734693877551,-0.10653061224489795
2020-06-22,0.3373469387755102,-0.019387755102040813,0.16418367346938773,0.07520408163265306,-0.06479591836734692
2020-06-23,0.3414285714285714,0.03979591836734694,0.19540816326530608,0.16816326530612244,-0.01020408163265306
2020-06-24,0.24642857142857144,0.059795918367346934,0.13795918367346935,0.14091836734693874,0.0013265306122448978
2020-06-29,0.14479591836734695,-0.05622448979591836,0.003877551020408163,0.040510204081632646,-0.18918367346938775
2020-06-30,0.10040816326530612,-0.038367346938775505,-0.007244897959183673,0.05142857142857143,-0.15040816326530612
2020-07-01,0.15693877551020405,-0.0034693877551020403,0.04408163265306122,0.030306122448979587,-0.11193877551020406
2020-07-02,0.14632653061224488,0.09428571428571428,0.10377551020408163,0.09112244897959182,-0.07132653061224489
2020-07-03,0.20836734693877548,0.13285714285714284,0.12316326530612244,0.06979591836734693,-0.16418367346938773
2020-07-06,0.1780612244897959,0.18765306122448977,0.16571428571428568,0.16367346938775507,-0.21897959183673468
2020-07-07,0.2548979591836734,0.18295918367346936,0.18377551020408162,0.18826530612244896,-0.2154081632653061
2020-07-08,0.2570408163265306,0.19234693877551018,0.20020408163265305,0.21377551020408161,-0.1820408163265306
2020-07-09,0.34153061224489795,0.1746938775510204,0.2546938775510204,0.2321428571428571,-0.14591836734693878
2020-07-10,0.1959183673469388,0.18489795918367347,0.23081632653061224,0.2396938775510204,0.08744897959183671
2020-07-13,0.12857142857142856,0.19428571428571426,0.20163265306122446,0.23959183673469384,0.20744897959183672
2020-07-14,0.1361224489795918,0.15755102040816324,0.16887755102040813,0.19744897959183672,0.181734693877551
2020-07-15,0.03183673469387755,-0.017551020408163264,-0.03938775510204081,0.01673469387755102,-0.11683673469387754
2020-07-16,0.09204081632653059,0.04591836734693877,0.03744897959183673,0.021224489795918365,-0.18826530612244896
2020-07-17,0.049591836734693875,0.058469387755102034,0.035918367346938776,0.0063265306122448975,-0.12622448979591835
2020-07-20,-0.04632653061224489,-0.013877551020408161,-0.049081632653061216,-0.05571428571428571,-0.12979591836734694
2020-07-21,-0.0480894485453756,-0.1536039947894051,-0.1136561007381676,-0.15794615718627877,-0.13645245332175424
2020-07-22,0.02020408163265306,-0.03918367346938775,0.010918367346938775,-0.040510204081632646,-0.07775510204081632
2020-07-23,0.01806122448979592,-0.022857142857142854,0.061326530612244884,0.003673469387755102,0.0896938775510204
2020-07-24,0.04632653061224489,-0.04846938775510204,0.06326530612244897,-0.06265306122448978,0.026020408163265306
2020-07-27,0.0014285714285714284,-0.0008163265306122448,0.04999999999999999,-0.0583673469387755,0.09316326530612244
2020-07-28,0.08928571428571427,0.03418367346938775,0.11102040816326529,-0.0024489795918367346,0.21418367346938771
2020-07-29,0.19265306122448977,0.13204081632653059,0.2270408163265306,0.2304081632653061,0.45142857142857135
2020-07-30,0.2292857142857143,0.08693877551020408,0.2224489795918367,0.2286734693877551,0.5022448979591836
2020-07-31,0.15897959183673466,0.07418367346938774,0.17020408163265308,0.1714285714285714,0.5874489795918366
2020-08-03,0.1774489795918367,0.19540816326530608,0.22285714285714284,0.22959183673469385,0.6086734693877551
2020-08-04,0.10928571428571428,0.3137755102040816,0.2545918367346938,0.3138775510204081,0.6388775510204081
2020-08-05,0.07653061224489796,0.3363265306122449,0.24816326530612243,0.33163265306122447,0.6617346938775509
2020-08-06,0.0933673469387755,0.33704081632653055,0.2548979591836734,0.3355102040816326,0.6116326530612244
2020-08-07,0.07653061224489796,0.2969387755102041,0.22234693877551018,0.23989795918367343,0.5522448979591836
2020-08-10,0.07428571428571427,0.24857142857142855,0.2027551020408163,0.2744897959183673,0.5612244897959183
2020-08-11,0.09921841076856275,0.17694311767260093,0.19257490230134605,0.23773339122883194,0.5099869735128094
2020-08-12,0.23784194528875377,0.25705601389491967,0.31589231437255755,0.3530178028658272,0.6226660877116804
2020-08-13,0.06708640903169778,0.21341728180633956,0.17846287451150672,0.28549717759444204,0.6217976552323057
2020-08-14,0.009986973512809378,0.32707338254450713,0.2058184976118107,0.3051454624402953,0.5767477203647416
2020-08-17,0.1136561007381676,0.31437255753365173,0.28745115067303517,0.31111593573599655,0.5523230568823274
2020-08-18,0.09313938341293963,0.3535605731654364,0.2941815023881893,0.3773339122883196,0.6570777247069041
2020-08-19,0.13797221016066,0.30557967867998265,0.24478940512375164,0.3399913156752063,0.6096396005210594
2020-08-20,0.08130699088145897,0.17813721233174123,0.16673903603994789,0.21471993052540164,0.4671081198436821
2020-08-21,0.020191055145462437,0.12429439861050803,0.09335649153278333,0.14947894051237515,0.39839339991315675
2020-08-24,0.04689535388623534,0.037993920972644375,0.04287885366912723,0.13634389926183238,0.39307425097698656
2020-08-25,0.04722101606600087,0.014546244029526704,0.03853669127225358,0.12505427702996091,0.37559704732957006
2020-08-26,-0.13316326530612244,0.03765306122448979,-0.05775510204081632,0.08336734693877551,0.19673469387755102
2020-08-27,-0.18091836734693875,0.07479591836734693,-0.060816326530612246,0.1251020408163265,0.22204081632653058
2020-08-28,-0.039999999999999994,0.1366326530612245,0.08122448979591836,0.22234693877551018,0.23122448979591834
2020-08-31,-0.07438775510204082,0.0064285714285714285,-0.024183673469387754,0.11418367346938775,0.3355102040816326
2020-09-01,-0.07826530612244896,0.04112244897959182,-0.02438775510204081,0.09081632653061222,0.24612244897959185
2020-09-02,-0.1146938775510204,0.0610204081632653,-0.02438775510204081,0.07999999999999999,0.22632653061224486
2020-09-03,-0.05153061224489795,-0.016836734693877548,-0.027551020408163266,0.04142857142857142,0.08224489795918365
2020-09-04,-0.0523469387755102,-0.08551020408163265,-0.04591836734693877,-0.008979591836734694,-0.062346938775510195
2020-09-07,-0.09367346938775509,-0.0783673469387755,-0.09806122448979591,-0.11683673469387754,-0.25030612244897954
2020-09-08,-0.2511224489795918,-0.21795918367346936,-0.2604081632653061,-0.286734693877551,-0.24071428571428566
2020-09-09,-0.3429679329670324,-0.14423837347482898,-0.24429194630261097,-0.3119467334365421,-0.19199469380466272
2020-09-10,-0.20030612244897955,-0.10918367346938775,-0.13948979591836733,-0.2183673469387755,-0.19602040816326527
2020-09-11,-0.1420408163265306,-0.186734693877551,-0.17051020408163267,-0.21693877551020407,-0.1710204081632653
2020-09-14,-0.11979591836734692,-0.22602040816326527,-0.1704081632653061,-0.2403061224489796,-0.22632653061224486
2020-09-15,0.036326530612244896,-0.20683673469387753,-0.06724489795918366,-0.08744897959183671,-0.10295918367346937
2020-09-16,0.012040816326530611,-0.14653061224489797,-0.06530612244897958,-0.07602040816326529,-0.08989795918367345
2020-09-17,0.12428571428571428,-0.18408163265306118,-0.014795918367346936,0.02183673469387755,0.004387755102040816
2020-09-18,0.11944182253433841,-0.05454220772712848,0.07285900152884889,0.10010459453753608,0.23031199782998868
2020-09-21,0.14316326530612242,0.0015306122448979593,0.15387755102040815,0.18857142857142856,0.28316326530612246
2020-09-22,0.06377551020408163,-0.007346938775510204,0.06551020408163265,0.08846938775510203,0.19204081632653058
2020-09-23,0.06173469387755102,-0.03663265306122449,0.08153061224489795,0.02724489795918367,0.16551020408163264
2020-09-24,0.018163265306122448,-0.05255102040816326,0.046020408163265296,-0.04112244897959182,0.2527551020408163
2020-09-25,-0.09704081632653061,-0.11377551020408162,-0.03948979591836734,-0.07469387755102042,0.2289795918367347
2020-09-28,-0.030408163265306123,-0.09040816326530611,0.025204081632653058,-0.06346938775510204,0.06673469387755102
2020-09-29,-0.011326530612244897,-0.09418367346938775,0.00857142857142857,-0.0496938775510204,0.11459183673469386
2020-09-30,-0.04806122448979591,-0.17448979591836736,-0.07285714285714284,-0.1707142857142857,0.04285714285714285
2020-10-09,-0.15306122448979592,-0.23020408163265305,-0.19397959183673466,-0.19581632653061223,0.14724489795918366
2020-10-12,-0.17091836734693874,-0.17020408163265308,-0.11663265306122449,-0.18102040816326528,0.2357142857142857
2020-10-13,-0.1433673469387755,-0.16693877551020406,-0.1233673469387755,-0.12530612244897957,0.22346938775510203
2020-10-14,-0.12285714285714285,-0.17357142857142857,-0.12408163265306121,-0.08795918367346939,0.21061224489795918
2020-10-15,-0.10428571428571427,-0.30408163265306115,-0.21,-0.17693877551020407,0.050408163265306116
2020-10-16,-0.05571428571428571,-0.17857142857142855,-0.07785714285714285,-0.07112244897959182,0.06326530612244897
2020-10-19,-0.042755102040816326,-0.18632653061224488,-0.12244897959183673,-0.08132653061224489,0.07622448979591837
2020-10-20,-0.02448979591836735,-0.1793877551020408,-0.10336734693877549,-0.009183673469387754,0.24734693877551017
2020-10-21,-0.001020408163265306,-0.20653061224489794,-0.1257142857142857,-0.030306122448979587,0.28275510204081633
2020-10-22,0.012551020408163265,-0.11663265306122449,-0.059081632653061225,0.008163265306122448,0.31755102040816324
2020-10-23,-0.029693877551020407,-0.13622448979591836,-0.0804081632653061,-0.05948979591836734,0.2441836734693877
2020-10-26,-0.06091836734693877,-0.17877551020408164,-0.1614285714285714,-0.08102040816326529,0.2090816326530612
2020-10-27,-0.01765351157491717,-0.14571800305769778,-0.10587004773974891,-0.06229750760975105,0.3352126330844098
2020-10-28,0.0031632653061224487,-0.2046938775510204,-0.1063265306122449,-0.07224489795918368,0.19693877551020406
2020-10-29,-0.038979591836734696,-0.24928571428571425,-0.18489795918367347,-0.08306122448979592,0.25816326530612244
2020-10-30,-0.03540816326530612,-0.2154081632653061,-0.1871428571428571,-0.043163265306122446,0.2763265306122449
2020-11-02,-0.06775510204081632,-0.23295918367346938,-0.19540816326530608,-0.08030612244897958,0.19581632653061223
2020-11-03,-0.01020408163265306,-0.21316326530612242,-0.15663265306122448,-0.04714285714285714,0.2733673469387755
2020-11-04,0.004285714285714285,-0.18377551020408162,-0.1364285714285714,-0.06877551020408162,0.24285714285714283
2020-11-05,0.11979591836734692,-0.12612244897959182,-0.024591836734693878,0.08306122448979592,0.4198979591836734
2020-11-06,0.3105102040816326,0.06918367346938775,0.24316326530612242,0.26326530612244897,0.4578571428571428
2020-11-09,0.3251020408163265,0.09255102040816325,0.2357142857142857,0.303469387755102,0.46193877551020407
2020-11-10,0.31622448979591833,0.08979591836734693,0.23479591836734692,0.32397959183673464,0.41132653061224483
2020-11-11,0.24632653061224488,0.1433673469387755,0.2607142857142857,0.2591836734693877,0.5275510204081633
2020-11-12,0.266734693877551,0.1404081632653061,0.2818367346938775,0.294795918367347,0.5330612244897959
2020-11-13,0.07851140456182472,0.023865546218487393,0.081968787515006,0.16158463385354138,0.5190396158463385
2020-11-16,0.062953181272509,-0.0027370948379351738,0.06487394957983193,0.14160864345738294,0.4496038415366146
2020-11-17,-0.10924369747899158,-0.07111644657863145,-0.054981992797118844,-0.038367346938775505,0.22324129651860744
2020-11-18,-0.13056422569027612,-0.033949579831932766,-0.05690276110444177,-0.035390156062424974,0.23409363745498196
2020-11-19,-0.16014405762304923,-0.1725330132052821,-0.1733013205282113,-0.0546938775510204,0.2064345738295318
2020-11-20,-0.146890756302521,-0.23918367346938774,-0.18540216086434572,-0.05459783913565427,0.16398559423769507
2020-11-23,-0.06545018007202881,-0.12845138055222088,-0.04153661464585834,0.03817527010804322,0.17848739495798316
2020-11-24,-0.018487394957983194,-0.058439375750300115,0.01819927971188475,0.1226890756302521,0.23198079231692675
2020-11-25,-0.1171188475390156,-0.173781512605042,-0.07783913565426169,0.018775510204081632,0.2175750300120048
2020-11-26,-0.15198079231692677,-0.28797118847539016,-0.21747899159663864,-0.1956782713085234,0.07774309723889555
2020-11-27,-0.12470588235294117,-0.20441776710684276,-0.12316926770708284,-0.08331332533013207,0.013877551020408161
2020-11-30,-0.18837935174069628,-0.21719087635054019,-0.20451380552220885,-0.12941176470588234,0.08648259303721488
2020-12-01,-0.1545738295318127,-0.30746698679471784,-0.19490996398559424,-0.1196158463385354,0.11260504201680673
2020-12-02,-0.14477791116446578,-0.2740456182472989,-0.22804321728691473,-0.12460984393757503,0.11346938775510206
2020-12-03,-0.20864345738295315,-0.3733493397358943,-0.3217767106842737,-0.2221848739495798,0.1065546218487395
2020-12-04,-0.1474669867947179,-0.314093637454982,-0.26108043217286914,-0.1874189675870348,0.013973589435774309
2020-12-07,-0.18012004801920767,-0.4264585834333733,-0.3501080432172869,-0.29738295318127245,0.06506602641056422
2020-12-08,-0.26069627851140453,-0.39908763505402156,-0.3825690276110444,-0.2799039615846338,0.2035534213685474
2020-12-09,-0.22477791116446577,-0.36364945978391355,-0.3485714285714286,-0.2581992797118847,0.23217286914765903
2020-12-10,-0.28364945978391354,-0.46093637454981995,-0.4202160864345738,-0.38689075630252096,0.2557022809123649
2020-12-11,-0.31937575030012,-0.42751500600240094,-0.4029291716686674,-0.3596158463385354,0.27567827130852335
2020-12-14,-0.28854741896758695,-0.4060984393757503,-0.39735894357743096,-0.38938775510204077,0.23745498199279708
2020-12-15,-0.22122448979591836,-0.4020648259303721,-0.36364945978391355,-0.36921968787515,0.2507082833133253
2020-12-16,-0.2024969987995198,-0.37210084033613444,-0.32763505402160864,-0.2913325330132053,0.24792316926770705
2020-12-17,-0.1352701080432173,-0.2541656662665066,-0.23111644657863145,-0.20912364945978393,0.2754861944777911
2020-12-18,-0.16273709483793514,-0.23668667466986795,-0.22756302521008404,-0.21536614645858343,0.2539735894357743
2020-12-21,-0.20240096038415364,-0.17080432172869148,-0.21527010804321725,-0.242641056422569,0.14448979591836733
2020-12-22,-0.11298919567827131,-0.08686674669867947,-0.11971188475390157,-0.16849939975990394,0.23620648259303723
2020-12-23,-0.18088835534213688,-0.14737094837935172,-0.17906362545018004,-0.20720288115246097,0.2242016806722689
2020-12-24,-0.18981992797118846,-0.23169267707082833,-0.2618487394957983,-0.2543577430972389,0.08696278511404561
2020-12-25,-0.14122448979591837,-0.2542617046818727,-0.2508043217286915,-0.27241296518607444,0.21315726290516207
2020-12-28,-0.25963985594237693,-0.1897238895558223,-0.2804801920768307,-0.23860744297719086,0.12605042016806722
2020-12-29,-0.28220888355342133,-0.24523409363745496,-0.32052821128451375,-0.27442977190876344,0.09118847539015605
2020-12-30,-0.24148859543817527,-0.08292917166866745,-0.19279711884753903,-0.13824729891956783,0.2844177671068427
2020-12-31,-0.23102040816326527,-0.008979591836734692,-0.1223049219687875,-0.11308523409363744,0.26031212484994
2021-01-04,-0.21200480192076832,-0.06890756302521008,-0.1404561824729892,-0.18098439375750297,0.23006002400960382
2021-01-05,-0.16110444177671068,0.05488595438175269,-0.08129651860744297,-0.11510204081632652,0.302280912364946
2021-01-06,-0.1497719087635054,0.08763505402160864,-0.033949579831932766,-0.10924369747899158,0.27231692677070823
2021-01-07,-0.11519807923169266,0.08581032412965187,-0.016758703481392558,-0.09925570228091235,0.3332052821128451
2021-01-08,-0.030684273709483793,0.14266506602641055,0.07303721488595438,0.022521008403361343,0.3412725090036014
2021-01-11,0.03817527010804322,0.23178871548619448,0.1431452581032413,0.11126050420168068,0.4003361344537815
2021-01-12,0.023193277310924368,0.1020408163265306,0.039615846338535404,0.011188475390156062,0.31851140456182475
2021-01-13,0.08254501800720286,0.22823529411764704,0.14842737094837935,0.11433373349339734,0.3085234093637455
2021-01-14,-0.0026410564225690276,0.16235294117647062,0.07476590636254501,0.09176470588235294,0.306890756302521
2021-01-15,-0.030588235294117645,0.18569027611044414,0.09368547418967586,0.08283313325330133,0.3780552220888355
2021-01-18,0.04739495798319327,0.1348859543817527,0.07995198079231693,0.1456422569027611,0.35020408163265304
2021-01-19,0.07178871548619448,0.03135654261704682,0.027515006002400956,0.008019207683073229,0.34501800720288117
2021-01-20,0.12633853541416568,0.012244897959183673,0.05651860744297719,0.11471788715486195,0.40244897959183673
2021-01-21,0.15313325330132052,0.10991596638655461,0.14266506602641055,0.22064825930372148,0.3682593037214886
2021-01-22,0.1799279711884754,0.23582232893157262,0.2409123649459784,0.31418967587034813,0.42924369747899155
2021-01-25,0.19894357743097235,0.30669867947178864,0.31159663865546217,0.3589435774309723,0.3174549819927971
2021-01-26,0.08600240096038414,0.22535414165666265,0.20441776710684276,0.24590636254501802,0.35106842737094834
2021-01-27,0.07639855942376951,0.11635054021608643,0.09349339735894358,0.11894357743097239,0.21325330132052822
2021-01-28,-0.04460984393757503,0.17464585834333732,0.07611044417767106,0.14785114045618247,0.2125810324129652
2021-01-29,0.14391356542617048,0.12470588235294117,0.11807923169267706,0.17032412965186072,0.1036734693877551
2021-02-01,0.31755102040816324,0.1264345738295318,0.21469387755102037,0.31553421368547413,0.16897959183673472
2021-02-02,0.40734693877551015,0.21834333733493394,0.35270108043217285,0.5105882352941176,0.29373349339735894
2021-02-03,0.4820648259303721,0.09186074429771908,0.3001680672268907,0.38746698679471786,0.22362545018007202
2021-02-04,0.45123649459783916,0.12316926770708284,0.32196878751500596,0.40456182472989194,0.14180072028811525
2021-02-05,0.4236734693877551,0.11471788715486195,0.2872989195678271,0.3478031212484994,0.10021608643457382
2021-02-08,0.46324129651860735,0.1470828331332533,0.3256182472989196,0.398031212484994,0.09205282112845137
2021-02-09,0.47102040816326524,0.14871548619447778,0.35020408163265304,0.40888355342136856,0.05008403361344538
2021-02-10,0.4258823529411764,0.20134453781512604,0.37815126050420167,0.4122448979591836,0.11154861944777912
2021-02-18,0.38823529411764707,0.27519807923169265,0.4152220888355342,0.4343337334933973,0.1388235294117647
2021-02-19,0.3439615846338535,0.3605762304921969,0.44096038415366146,0.46477791116446576,0.2016326530612245
2021-02-22,0.3054501800720288,0.39755102040816326,0.4258823529411764,0.49647058823529405,0.2428331332533013
2021-02-23,0.23908763505402159,0.4154141656662665,0.40244897959183673,0.42156062424969987,0.23735894357743095
2021-02-24,0.1797358943577431,0.47591836734693876,0.41800720288115245,0.47025210084033614,0.295078031212485
2021-02-25,0.11433373349339734,0.4896518607442977,0.3696998799519808,0.43740696278511404,0.3325330132052821
2021-02-26,0.18546391495613845,0.453991173391945,0.3885813414871941,0.3877139724213745,0.2749049721550685
2021-03-01,0.23630252100840335,0.48177671068427363,0.5028091236494597,0.5188475390156062,0.4563265306122449
2021-03-02,0.23006002400960382,0.39697478991596635,0.3999519807923169,0.4071548619447779,0.3190876350540216
2021-03-03,0.2684753901560624,0.35798319327731093,0.40581032412965184,0.39841536614645856,0.23457382953181274
2021-03-04,0.18645858343337332,0.2773109243697479,0.32619447779111643,0.33454981992797117,0.021080432172869146
2021-03-05,0.07879951980792316,0.16456182472989198,0.20969987995198078,0.21747899159663864,-0.04902761104441777
2021-03-08,0.13843937575030013,0.058439375750300115,0.15726290516206481,0.157358943577431,-0.07044417767106842
2021-03-09,0.0792797118847539,0.020504201680672268,0.08331332533013207,0.0656422569027611,-0.11270108043217285
2021-03-10,0.11279711884753903,0.08072028811524609,0.13747899159663865,0.10770708283313324,-0.0722689075630252
2021-03-11,0.17800720288115246,0.054981992797118844,0.15899159663865545,0.1307563025210084,-0.10300120048019207
2021-03-12,0.2708763505402161,0.11385354141656662,0.2527250900360144,0.1820408163265306,-0.0710204081632653
2021-03-15,0.07342136854741896,0.0658343337334934,0.09819927971188475,0.04873949579831932,-0.039615846338535404
2021-03-16,-0.04220888355342137,0.021656662665066023,-0.014165666266506602,-0.013205282112845136,-0.12134453781512604
2021-03-17,-0.03010804321728691,0.013877551020408161,0.005618247298919568,0.020984393757503002,-0.02396158463385354
2021-03-18,0.10290516206482593,0.11510204081632652,0.1506362545018007,0.16686674669867946,-0.024345738295318126
2021-03-19,0.022328931572629048,0.012917166866746698,0.026170468187274906,0.05815126050420167,-0.037118847539015606
2021-03-22,-0.029723889555822326,0.1298919567827131,0.08657863145258103,0.09503001200480192,0.12547418967587035
2021-03-23,0.039615846338535404,0.15726290516206481,0.169171668667467,0.18012004801920767,0.23649459783913568
2021-03-24,-0.05795918367346939,0.10127250900360144,0.054981992797118844,0.09243697478991596,0.16206482593037216
2021-03-25,-0.021176470588235297,0.0398079231692677,0.04086434573829532,0.05334933973589436,0.09973589435774309
2021-03-26,-0.026362545018007204,0.05334933973589436,0.03990396158463385,0.10569027611044417,0.09819927971188475
2021-03-29,-0.04432172869147659,0.022232893157262904,-0.027899159663865542,-0.01666266506602641,-0.008019207683073229
2021-03-30,0.02156062424969988,-0.053061224489795916,-0.058727490996398554,-0.04710684273709483,-0.00936374549819928
2021-03-31,0.09499999999999999,0.12081632653061222,0.07928571428571428,0.09612244897959182,0.186734693877551
2021-04-01,0.13843937575030013,0.13603841536614644,0.11337334933973588,0.09493397358943578,0.24436974789915963
2021-04-02,0.21565426170468185,0.1987515006002401,0.19529411764705884,0.2349579831932773,0.22660264105642255
2021-04-06,0.16456182472989198,0.14717887154861942,0.16821128451380551,0.2139255702280912,0.28941176470588237
2021-04-07,0.09262905162064825,0.09387755102040815,0.07870348139255702,0.12998799519807921,0.15591836734693876
2021-04-08,0.06151260504201681,0.004657863145258102,0.01503001200480192,0.08254501800720286,0.12854741896758703
2021-04-09,0.19289315726290512,0.059495798319327726,0.123937575030012,0.20086434573829529,0.13181272509003603
2021-04-12,0.24465786314525811,0.019927971188475387,0.123937575030012,0.15303721488595437,0.016278511404561824
2021-04-13,0.2711644657863145,0.010516206482593037,0.13853541416566625,0.21603841536614646,0.037310924369747894
2021-04-14,0.2099879951980792,0.04364945978391356,0.13824729891956783,0.15831932773109242,0.14141656662665067
2021-04-15,0.07745498199279711,-0.18751500600240098,-0.07370948379351741,-0.013973589435774309,0.01752701080432173
2021-04-16,0.03078031212484994,-0.1962545018007203,-0.11596638655462185,-0.09877551020408162,0.04777911164465786
2021-04-19,0.02424969987995198,-0.15217286914765904,-0.09080432172869149,-0.07668667466986795,0.17656662665066022
2021-04-20,0.0970011285064349,-0.17421786842640882,-0.0565199644812247,-0.00873970563770849,0.14132392138338512
2021-04-21,0.09877551020408162,-0.20758703481392557,-0.05959183673469387,-0.0617046818727491,0.008691476590636255
2021-04-22,0.05238895558223289,-0.24600240096038412,-0.10348139255702281,-0.09589435774309724,0.017238895558223288
2021-04-23,0.02588235294117647,-0.2415846338535414,-0.1208643457382953,-0.10338535414165667,0.027515006002400956
2021-04-26,0.13066026410564224,-0.20220888355342137,-0.013301320528211284,-0.047490996398559415,0.004945978391356542
2021-04-27,0.04009603841536614,-0.24292917166866745,-0.100984393757503,-0.057190876350540217,-0.10357743097238895
2021-04-28,0.11644657863145258,-0.12816326530612243,-0.007635054021608643,-0.003217286914765906,-0.0712124849939976
2021-04-29,0.18979591836734694,-0.105,0.030102040816326527,0.06663265306122448,-0.11632653061224489
2021-04-30,0.13555822328931572,-0.07793517406962785,0.037695078031212484,0.0658343337334934,-0.16629051620648258
2021-05-06,0.1636014405762305,-0.08417767106842736,0.05181272509003601,0.024921968787515004,-0.20076830732292916
2021-05-07,0.053206559596598944,0.08638862880350316,0.13263223610632335,0.07918557470649068,0.04052918438585696
2021-05-10,0.006578631452581032,0.03654261704681872,0.0803361344537815,0.03202881152460984,-0.03932773109243697
2021-05-11,-0.05219687875150059,0.02559423769507803,0.01282112845138055,-0.03923169267707083,-0.17397358943577432
2021-05-12,-0.033806333895311964,-0.057096208808985686,-0.020696775438749225,-0.14790271079198986,-0.1894883431120753
2021-05-13,-0.08273709483793518,-0.0966626650660264,-0.09032412965186075,-0.16254501800720286,-0.19490996398559424
2021-05-14,-0.011188475390156062,0.0331812725090036,0.01752701080432173,-0.08120048019207683,-0.10012004801920767
2021-05-17,0.049603841536614644,0.08139255702280913,0.07668667466986795,-0.050756302521008406,-0.22324129651860744
2021-05-18,0.16945978391356542,0.20432172869147658,0.2490756302521008,0.10434573829531814,-0.16907563025210082
2021-05-19,0.16792316926770706,0.16840336134453782,0.2058583433373349,0.08513805522208882,-0.16052821128451378
2021-05-20,0.2847058823529412,0.26991596638655463,0.3023769507803121,0.19740696278511405,-0.02559423769507803
2021-05-21,0.18012004801920767,0.16417767106842737,0.18501800720288114,0.11481392557022808,-0.18953181272509
2021-05-24,0.16629051620648258,0.18012004801920767,0.18386554621848739,0.1454501800720288,-0.09253301320528211
2021-05-25,0.066890756302521,0.10463385354141658,0.08763505402160864,0.06717887154861946,-0.22074429771908766
2021-05-26,0.135078031212485,0.15563025210084033,0.1408403361344538,0.11097238895558223,-0.16225690276110444
2021-05-27,0.11702280912364946,0.1899159663865546,0.16283313325330132,0.15726290516206481,-0.07130852340936374
2021-05-28,0.146890756302521,0.14698679471788717,0.1367106842737095,0.0914765906362545,-0.20845138055222087
2021-05-31,0.2276590636254502,0.1795438175270108,0.1696518607442977,0.13354141656662666,-0.1388235294117647
2021-06-01,0.11433373349339734,0.15399759903961585,0.1117406962785114,0.08043217286914765,-0.0968547418967587
2021-06-02,0.02127250900360144,0.123937575030012,0.06448979591836734,0.021368547418967588,-0.07639855942376951
2021-06-03,0.06458583433373348,0.13776710684273707,0.05584633853541416,0.05690276110444177,-0.18146458583433375
2021-06-04,0.12547418967587035,0.07678271308523409,0.0642016806722689,0.1006002400960384,-0.25762304921968787
2021-06-07,0.21651860744297718,0.11260504201680673,0.13661464585834332,0.15630252100840333,-0.18857142857142856
2021-06-08,0.12854741896758703,0.08667466986794717,0.07639855942376951,0.07150060024009604,-0.19615846338535411
2021-06-09,0.0966626650660264,0.03606242496998799,0.03183673469387755,0.014261704681872748,-0.2169987995198079
2021-06-10,0.22084033613445375,-0.02069627851140456,0.08120048019207683,0.047490996398559415,-0.196734693877551
2021-06-11,0.023673469387755098,-0.07054021608643457,-0.047587034813925566,-0.04460984393757503,-0.18789915966386553
2021-06-15,-0.09599270093285316,-0.1922735240295868,-0.2024538404866978,-0.1711925857056636,-0.3791687676667377
2021-06-16,-0.0885954381752701,-0.18156062424969985,-0.16840336134453782,-0.1811764705882353,-0.44912364945978384
2021-06-17,-0.11068427370948379,0.022521008403361343,-0.03654261704681872,0.00849939975990396,-0.23476590636254502
2021-06-18,-0.26588235294117646,-0.043073229291716676,-0.16725090036014406,-0.10444177671068428,-0.24350540216086433
2021-06-21,-0.16969387755102036,-0.06275510204081633,-0.11326530612244898,-0.07632653061224488,-0.20561224489795915
2021-06-22,-0.07207683073229292,0.02665066026410564,-0.008211284513805522,0.02280912364945978,-0.23438175270108041
2021-06-23,0.04172869147659064,0.03942376950780312,0.06276110444177671,0.09339735894357742,-0.2592557022809123
2021-06-24,0.028187274909963984,-0.017911164465786316,-0.0003361344537815126,0.04249699879951981,-0.3236974789915966
2021-06-25,0.12633853541416568,0.08379351740696277,0.11039615846338535,0.1793517406962785,-0.18319327731092436
2021-06-28,0.17243697478991593,0.031164465786314523,0.06439375750300119,0.16619447779111643,-0.20528211284513803
2021-06-29,0.10444177671068428,0.004657863145258102,0.0561344537815126,0.07217286914765905,-0.20797118847539015
2021-06-30,0.1276830732292917,0.016566626650660263,0.07034813925570228,0.11308523409363744,-0.06621848739495799
2021-07-01,0.10463385354141658,-0.09157262905162064,-0.029435774309723887,0.03154861944777911,-0.25743097238895557
2021-07-02,0.05527010804321728,0.007923169267707083,0.008787515006002401,0.02396158463385354,-0.20864345738295315
2021-07-05,0.07918367346938776,-0.08581032412965187,0.004081632653061224,-0.02809123649459784,-0.24917166866746698
2021-07-06,0.08657863145258103,-0.014357743097238897,0.006194477791116446,0.03260504201680672,-0.19337334933973588
2021-07-07,0.07966386554621849,-0.008019207683073229,0.007635054021608643,0.047202881152460976,-0.10895558223289314
2021-07-08,0.060168067226890755,0.014933973589435772,0.021656662665066023,0.061992797118847545,-0.015894357743097238
2021-07-09,-0.0022569027611044415,0.04220888355342137,0.0025450180072028807,0.04470588235294118,0.03990396158463385
2021-07-12,-0.03260504201680672,0.013493397358943579,-0.00907563025210084,0.03423769507803121,0.10309723889555823
2021-07-13,-0.06448979591836734,-0.05978391356542617,-0.07361344537815126,-0.014933973589435772,0.024345738295318126
2021-07-14,-0.1288355342136855,-0.05286914765906363,-0.07975990396158462,-0.020888355342136854,0.2010564225690276
2021-07-15,0.017911164465786316,-0.08158463385354141,-0.06977190876350539,-0.03932773109243697,0.09579831932773109
2021-07-16,0.10184873949579833,-0.07236494597839135,-0.02482593037214886,-0.026554621848739496,0.07668667466986795
2021-07-19,0.07361344537815126,0.019255702280912366,0.044225690276110445,0.07486194477791117,0.318703481392557
2021-07-20,0.009939975990396158,-0.0811044417767107,-0.08821128451380551,-0.020120048019207682,0.3464585834333733
2021-07-21,-0.06103241296518607,-0.07188475390156063,-0.10309723889555823,-0.00773109243697479,0.4274189675870348
2021-07-22,-0.12259303721488594,-0.12124849939975989,-0.16878751500600236,-0.12941176470588234,0.3469387755102041
2021-07-23,-0.17762304921968786,-0.17435774309723887,-0.1775270108043217,-0.1670588235294118,0.2548379351740696
2021-07-26,-0.24005378287310303,-0.17474609239352307,-0.220845638614403,-0.1432447358092551,0.28168743555383524
2021-07-27,-0.26069627851140453,-0.18953181272509,-0.23418967587034814,-0.123937575030012,0.23591836734693877
2021-07-28,-0.15447779111644658,-0.13392557022809123,-0.14842737094837935,-0.054981992797118844,0.22208883553421366
2021-07-29,-0.06631452581032413,-0.004465786314525811,-0.02348139255702281,0.1328691476590636,0.3808403361344537
2021-07-30,-0.020792316926770707,0.0468187274909964,0.039615846338535404,0.18837935174069628,0.3989915966386554
2021-08-02,0.05824729891956783,0.12432172869147658,0.1388235294117647,0.2523409363745498,0.38410564225690275
2021-08-03,0.04451380552220888,0.011092436974789914,0.06055222088835534,0.1630252100840336,0.3020888355342137
2021-08-04,0.08398559423769507,0.09003601440576231,0.09599039615846339,0.2200720288115246,0.40734693877551015
2021-08-05,0.20144057623049216,0.05027611044417767,0.1655222088835534,0.24206482593037212,0.3733493397358943
2021-08-06,0.2668427370948379,0.142953181272509,0.23246098439375748,0.3447298919567827,0.36144057623049214
2021-08-09,0.3659543817527011,0.27750300120048016,0.3931332533013205,0.4562304921968788,0.43231692677070827
2021-08-10,0.3236014405762305,0.23591836734693877,0.330516206482593,0.3909243697478992,0.3900600240096038
2021-08-11,0.375078031212485,0.24773109243697478,0.3551020408163265,0.43990396158463385,0.38228091236494594
2021-08-12,0.3473229291716686,0.2306362545018007,0.35433373349339736,0.44412965186074427,0.3572148859543817
2021-08-13,0.3190876350540216,0.20825930372148857,0.3333973589435774,0.38957983193277307,0.34818727490996393
2021-08-16,0.3406002400960384,0.22996398559423767,0.36259303721488595,0.4188715486194478,0.3696998799519808
2021-08-17,0.46448979591836737,0.2510924369747899,0.44240096038415366,0.469483793517407,0.28653061224489795
2021-08-18,0.5040576230492196,0.30122448979591837,0.49973589435774307,0.48158463385354144,0.35058823529411764
2021-08-19,0.48235294117647054,0.3659543817527011,0.5103001200480192,0.5155822328931572,0.32206482593037217
2021-08-20,0.4159903961584634,0.34703481392557023,0.4293397358943577,0.4558463385354141,0.33214885954381757
2021-08-23,0.39409363745498194,0.21229291716686674,0.35260504201680665,0.3669147659063625,0.2665546218487395
2021-08-24,0.4442256902761105,0.22842737094837934,0.363265306122449,0.41493397358943573,0.22468187274909962
2021-08-25,0.40725090036014405,0.260984393757503,0.39342136854741894,0.407923169267707,0.2339015606242497
2021-08-26,0.2620408163265306,0.30381752701080433,0.375078031212485,0.32216086434573826,0.2837454981992797
2021-08-27,0.3608643457382953,0.25090036014405764,0.3936134453781513,0.3709483793517407,0.39063625450180073
2021-08-30,0.20475504913216655,0.19322767127813886,0.3013929001417652,0.3233909795465347,0.46690683382917925
2021-08-31,0.14740171947958297,0.21026046589662903,0.2935789179250676,0.3504681243008844,0.33980458696227844
2021-09-01,0.21183673469387754,0.0951020408163265,0.18520408163265306,0.25316326530612243,0.061938775510204075
2021-09-02,0.10806122448979592,0.22857142857142854,0.2510204081632653,0.31693877551020405,0.3036734693877551
2021-09-03,0.07275510204081632,0.1860204081632653,0.1857142857142857,0.30295918367346936,0.3461224489795918
2021-09-06,0.004591836734693877,0.1908163265306122,0.12153061224489795,0.25295918367346937,0.3925510204081632
2021-09-07,0.1023469387755102,0.23020408163265305,0.2471428571428571,0.3365306122448979,0.38193877551020405
2021-09-08,0.1160204081632653,0.23387755102040814,0.21193877551020404,0.27030612244897956,0.36071428571428565
2021-09-09,0.1446938775510204,0.20540816326530612,0.21316326530612242,0.26285714285714284,0.32530612244897955
2021-09-10,0.11051020408163266,0.3105102040816326,0.2564285714285714,0.31285714285714283,0.3366326530612244
2021-09-13,0.05334933973589436,0.22084033613445375,0.14909963985594235,0.17291716686674669,0.1607202881152461
2021-09-14,-0.033373349339735896,0.22737094837935176,0.12739495798319328,0.1863625450180072,0.39063625450180073
2021-09-15,-0.08552220888355341,0.31918367346938775,0.1466986794717887,0.26665066026410567,0.5362304921968788
2021-09-16,-0.18415366146458584,0.12345738295318126,-0.025402160864345734,0.07428571428571429,0.3631692677070828
2021-09-17,-0.23812725090036013,0.12864345738295319,-0.06285714285714285,0.021368547418967588,0.3398319327731092
2021-09-22,-0.12854741896758703,0.15649459783913564,0.03903961584633854,0.11875150060024009,0.3460744297719087
2021-09-23,-0.1773349339735894,0.13402160864345739,0.02348139255702281,0.07860744297719087,0.37632653061224486
2021-09-24,-0.13661464585834332,0.1543817527010804,0.03385354141656663,0.1078031212484994,0.27097238895558223
2021-09-27,-0.062088835534213675,0.1208643457382953,-0.0005282112845138055,0.13776710684273707,0.17887154861944776
2021-09-28,-0.013685474189675868,0.31563025210084034,0.16936374549819924,0.28403361344537814,0.3284033613445378
2021-09-29,0.005426170468187274,0.2630972388955582,0.16398559423769507,0.20701080432172866,0.11116446578631452
2021-09-30,0.044225690276110445,0.27385354141656665,0.17224489795918366,0.2198799519807923,0.1506362545018007
2021-10-08,0.0009123649459783913,0.3870828331332533,0.2154621848739496,0.2733733493397359,0.2166146458583433
2021-10-11,0.06813925570228091,0.264921968787515,0.17829531812725088,0.23524609843937574,0.041056422569027605
2021-10-12,0.06573829531812725,0.22641056422569028,0.1371908763505402,0.19759903961584632,-0.00773109243697479
2021-10-13,0.08744297719087635,0.17291716686674669,0.08917166866746698,0.15034813925570228,-0.07073229291716686
2021-10-14,0.03942376950780312,0.12979591836734694,0.06698679471788715,0.139015606242497,0.0026410564225690276
2021-10-15,0.2230492196878751,0.16792316926770706,0.18549819927971187,0.23841536614645856,-0.11452581032412965
2021-10-18,0.20873949579831932,0.22352941176470587,0.21411764705882352,0.23524609843937574,-0.173109243697479
2021-10-19,0.27616509407945894,0.2486014070682245,0.2631995967048365,0.27645321624333946,-0.13541741702383486
2021-10-20,0.29911882646860544,0.2942687700432837,0.2866815530610972,0.3003193354847742,-0.1484309347591041
2021-10-21,0.25531812725090036,0.10837935174069627,0.13930372148859543,0.13315726290516205,-0.29968787515006
2021-10-22,0.2740456182472989,0.12240096038415366,0.17118847539015608,0.16283313325330132,-0.28912364945978386
2021-10-25,0.31073229291716686,0.14343337334933973,0.18146458583433375,0.12528211284513804,-0.28816326530612246
2021-10-26,0.43759903961584634,0.09282112845138055,0.20172869147659062,0.12720288115246098,-0.28268907563025214
2021-10-27,0.39927971188475386,0.13171668667466988,0.1991356542617047,0.1438175270108043,-0.23755102040816325
2021-10-28,0.3953421368547419,0.1253781512605042,0.18914765906362543,0.12432172869147658,-0.2816326530612245
2021-10-29,0.35097238895558225,0.10156062424969987,0.18521008403361344,0.12633853541416568,-0.28566626650660265
2021-11-01,0.3653781512605042,0.05939975990396158,0.1736854741896759,0.022136854741896757,-0.3014165666266506
2021-11-02,0.33906362545018,0.04643457382953182,0.1431452581032413,0.06112845138055222,-0.31803121248499394
2021-11-03,0.3406002400960384,0.025018007202881155,0.11663865546218487,0.047490996398559415,-0.36441776710684276
2021-11-04,0.2606002400960384,-0.019255702280912366,0.06919567827130851,0.003985594237695078,-0.34444177671068427
2021-11-05,0.2240096038415366,-0.07207683073229292,-0.0005282112845138055,-0.04989195678271309,-0.32533013205282113
2021-11-08,0.009171668667466985,-0.16984393757503002,-0.14391356542617048,-0.1332533013205282,-0.23140456182472988
2021-11-09,0.004561824729891957,-0.2342857142857143,-0.19529411764705884,-0.18501800720288114,-0.20777911164465784
2021-11-10,-0.0030252100840336134,-0.22324129651860744,-0.1732052821128451,-0.2415846338535414,-0.26031212484994
2021-11-11,0.09176470588235294,-0.1022328931572629,-0.045858343337334934,-0.10165666266506602,-0.2339015606242497
2021-11-12,0.01944824606193373,-0.11068693129075864,-0.08494801798410066,-0.1670148143293963,-0.26348771886871697
2021-11-15,0.017143268750889732,-0.17191289111536484,-0.1353693966631881,-0.20221373868346407,-0.1803644745891928
2021-11-16,0.2101800720288115,-0.08014405762304923,0.05325330132052821,-0.1057863145258103,-0.08965186074429772
2021-11-17,0.2638655462184874,-0.0319327731092437,0.10665066026410563,-0.06861944777911164,-0.057094837935174066
2021-11-18,0.1775270108043217,0.02809123649459784,0.10348139255702281,-0.024537815126050418,0.0182953181272509
2021-11-19,0.16350540216086432,0.05642256902761104,0.13210084033613445,0.007539015606242497,0.00475390156062425
2021-11-22,0.27250900360144054,0.2864345738295318,0.3247539015606243,0.30871548619447775,0.29795918367346935
2021-11-23,0.25243697478991595,0.35606242496998797,0.35990396158463384,0.44384153661464587,0.31572629051620643
2021-11-24,0.23841536614645856,0.3628811524609844,0.34818727490996393,0.39611044417767105,0.2242016806722689
2021-11-25,0.09579831932773109,0.1264345738295318,0.11375750300120048,0.1829051620648259,-0.00043217286914765904
2021-11-26,-0.011092436974789914,0.18713085234093638,0.11222088835534214,0.19596638655462184,0.20576230492196879
2021-11-29,-0.012244897959183673,0.1373829531812725,0.09858343337334932,0.16331332533013204,0.20489795918367346
2021-11-30,0.03529411764705882,0.20566626650660264,0.17723889555822328,0.1578391356542617,0.2901800720288115
2021-12-01,0.030876350540216087,0.20403361344537815,0.17848739495798316,0.2395678271308523,0.3457863145258103
2021-12-02,0.015702280912364946,0.17474189675870347,0.14641056422569024,0.1793517406962785,0.24993997599039616
2021-12-03,0.08139255702280913,0.29555822328931575,0.272124849939976,0.26674669867947176,0.23563025210084032
2021-12-06,0.15342136854741897,0.41714285714285715,0.352797118847539,0.3918847539015606,0.20057623049219686
2021-12-07,0.18933973589435774,0.2587755102040816,0.246578631452581,0.3123649459783914,0.01714285714285714
2021-12-08,0.2573349339735894,0.33301320528211287,0.31102040816326526,0.4036974789915966,0.081968787515006
2021-12-09,0.23178871548619448,0.24667466986794717,0.2548379351740696,0.3478991596638655,0.12182472989195677
2021-12-10,0.19395423665222306,0.2635357392293637,0.24187855657767948,0.32308098643133365,0.12965497374622487
2021-12-13,0.10290516206482593,0.28451380552220884,0.23908763505402159,0.3218727490996398,0.15418967587034815
2021-12-14,0.12557022809123647,0.3426170468187274,0.2698199279711884,0.4085954381752701,0.22093637454981993
2021-12-15,0.14823529411764705,0.30698679471788715,0.25387755102040815,0.37114045618247293,0.12758703481392558
2021-12-16,0.14573829531812724,0.26021608643457383,0.23159663865546215,0.34367346938775506,0.1086674669867947
2021-12-17,0.1696518607442977,0.2961344537815126,0.25637454981992797,0.31073229291716686,0.06986794717887154
2021-12-20,-0.06919567827130851,0.07591836734693877,0.02415366146458583,0.07486194477791117,-0.066890756302521
2021-12-21,0.022040816326530613,0.17262905162064823,0.18396158463385354,0.18837935174069628,0.16945978391356542
2021-12-22,-0.08139255702280913,0.07966386554621849,0.03807923169267707,0.06573829531812725,0.17166866746698678
2021-12-23,-0.013205282112845136,0.1228811524609844,0.0739015606242497,0.12816326530612243,0.0670828331332533
2021-12-24,-0.002352941176470588,0.1185594237695078,0.11154861944777912,0.14477791116446578,0.021368547418967588
2021-12-27,-0.0821608643457383,0.03529411764705882,0.013973589435774309,0.06132052821128451,0.021848739495798315
2021-12-28,0.01714285714285714,0.19414165666266506,0.1533253301320528,0.2113325330132053,0.0005282112845138055
2021-12-29,-0.00312124849939976,0.17915966386554621,0.14237695078031212,0.19894357743097235,0.0981032412965186
2021-12-30,0.11308523409363744,0.2811524609843938,0.24523409363745496,0.3192797118847539,0.06794717887154862
2021-12-31,0.047587034813925566,0.2763505402160864,0.21603841536614646,0.2803841536614646,0.2460984393757503
2022-01-04,0.010324129651860744,0.10837935174069627,0.0912845138055222,0.17166866746698678,0.09829531812725088
2022-01-05,-0.02588235294117647,0.10569027611044417,0.07073229291716686,0.10549819927971187,0.0586314525810324
2022-01-06,-0.05459783913565427,0.08705882352941177,0.056038415366146455,0.14256902761104442,0.1775270108043217
2022-01-07,-0.007923169267707083,0.14823529411764705,0.13123649459783912,0.17983193277310922,0.12067226890756304
2022-01-10,0.18357743097238896,0.36009603841536614,0.283265306122449,0.40177671068427373,0.2074909963985594
2022-01-11,0.13066026410564224,0.20096038415366146,0.19183673469387755,0.24168067226890755,0.05853541416566627
2022-01-12,0.04,0.24773109243697478,0.20211284513805522,0.3325330132052821,0.11875150060024009
2022-01-13,-0.10981992797118847,0.11241296518607442,0.03942376950780312,0.14698679471788717,-0.005714285714285714
2022-01-14,-0.017430972388955582,0.16475390156062425,0.10713085234093636,0.2339015606242497,0.11202881152460985
2022-01-17,0.04883553421368547,0.13066026410564224,0.11385354141656662,0.23466986794717884,0.1237454981992797
2022-01-18,0.2706842737094838,0.2502280912364946,0.30295318127250903,0.44710684273709483,0.0923409363745498
2022-01-19,0.1997118847539016,0.27500600240096035,0.2759663865546218,0.45354141656662655,0.1065546218487395
2022-01-20,0.3462665066026411,0.3025690276110444,0.35145258103241295,0.4784153661464585,0.0844657863145258
2022-01-21,0.3358943577430972,0.23755102040816325,0.3089075630252101,0.40984393757502996,-0.14679471788715487
2022-01-24,0.3960144057623049,0.16686674669867946,0.2874909963985594,0.3827611044417767,-0.15390156062424967
2022-01-25,0.41531812725090034,0.1786794717887155,0.32859543817527015,0.3738295318127251,-0.17723889555822328
2022-01-26,0.36873949579831933,0.15140456182472986,0.2716446578631453,0.3855462184873949,-0.17522208883553422
2022-01-27,0.3404081632653061,0.13142857142857142,0.23255702280912363,0.3404081632653061,-0.21430972388955583
2022-01-28,0.23745498199279708,0.0811044417767107,0.15380552220888358,0.23975990396158461,-0.2035534213685474
2022-02-07,0.35318127250900355,0.17656662665066022,0.2645378151260504,0.35884753901560623,-0.10732292917166866
2022-02-08,0.36259303721488595,0.25214885954381755,0.3473229291716686,0.4389435774309724,0.016758703481392558
2022-02-09,0.35903961584633853,0.2921008403361345,0.3778631452581032,0.5440096038415366,0.049411764705882356
2022-02-10,0.4458583433373349,0.3717166866746698,0.4725570228091236,0.6235294117647059,0.2028811524609844
2022-02-11,0.5382472989195678,0.28576230492196875,0.47707082833133246,0.54890756302521,0.08801920768307324
2022-02-14,0.42617046818727483,0.21517406962785113,0.37104441776710684,0.46833133253301323,0.08321728691476589
2022-02-15,0.35462184873949576,0.28950780312124846,0.3737334933973589,0.5010804321728691,0.17195678271308523
2022-02-16,0.3715246098439376,0.24523409363745496,0.362016806722689,0.45296518607442976,0.09474189675870348
2022-02-17,0.36643457382953176,0.26002400960384153,0.38775510204081626,0.4688115246098439,0.1938535414165666
2022-02-18,0.32148859543817526,0.26232893157262904,0.29824729891956775,0.4161824729891957,0.1479471788715486
2022-02-21,0.24984393757502998,0.3269627851140456,0.32859543817527015,0.5226890756302521,0.19068427370948376
2022-02-22,0.2213205282112845,0.177719087635054,0.23198079231692675,0.3892917166866746,-0.011284513805522207
2022-02-23,0.20422569027611043,0.2093157262905162,0.25983193277310923,0.4244417767106843,0.14228091236494594
2022-02-24,0.06967587034813925,0.24100840336134452,0.19030012004801922,0.3247539015606243,0.18607442977190874
2022-02-25,0.11663865546218487,0.17819927971188473,0.18002400960384152,0.3690276110444177,0.17570228091236492
2022-02-28,0.1524609843937575,0.19394957983193276,0.16821128451380551,0.4132052821128451,0.14391356542617048
2022-03-01,0.15217286914765904,0.21651860744297718,0.18069627851140455,0.4100360144057623,0.11923169267707083
2022-03-02,0.03817527010804322,0.2063385354141657,0.15130852340936377,0.3840096038415366,0.1330612244897959
2022-03-03,0.08657863145258103,0.2620408163265306,0.24763505402160862,0.41714285714285715,0.11644657863145258
2022-03-04,0.08619447779111644,0.2289075630252101,0.2016326530612245,0.37056422569027603,0.08321728691476589
2022-03-07,0.1300840336134454,0.23351740696278508,0.21690276110444176,0.39783913565426166,0.13690276110444177
2022-03-08,0.17944777911164464,0.20845138055222087,0.18588235294117647,0.3787274909963985,0.1700360144057623
2022-03-09,0.12941176470588234,0.2155582232893157,0.20364945978391355,0.36528211284513806,0.17013205282112842
2022-03-10,0.13776710684273707,0.230828331332533,0.21190876350540214,0.37123649459783914,0.2159423769507803
2022-03-11,0.13757503001200477,0.18828331332533013,0.2002881152460984,0.37392557022809125,0.15726290516206481
2022-03-14,0.09003601440576231,0.16926770708283315,0.14804321728691477,0.34213685474189676,0.20422569027611043
2022-03-15,0.06650660264105641,0.043073229291716676,0.04336134453781513,0.2523409363745498,0.13930372148859543
2022-03-16,0.04633853541416567,0.12902761104441776,0.06804321728691476,0.2543577430972389,0.2494597839135654
2022-03-17,0.05402160864345738,0.05421368547418968,0.0586314525810324,0.24494597839135654,0.19769507803121247
2022-03-18,0.10501800720288115,0.10818727490996398,0.10953181272509004,0.301704681872749,0.2905642256902761
2022-03-21,0.030300120048019206,0.054405762304921966,0.07111644657863145,0.23207683073229293,0.2868187274909964
2022-03-22,-0.014453781512605042,-0.07899159663865546,-0.037695078031212484,0.025978391356542615,0.16821128451380551
2022-03-23,-0.03442977190876351,-0.010516206482593037,-0.0251140456182473,0.14420168067226888,0.19394957983193276
2022-03-24,-0.03414165666266506,-0.07351740696278511,-0.0875390156062425,0.08206482593037215,0.25195678271308525
2022-03-25,-0.1599519807923169,-0.21719087635054019,-0.2051860744297719,-0.12124849939975989,0.13709483793517407
2022-03-28,-0.2003841536614646,-0.22986794717887157,-0.25599039615846336,-0.16849939975990394,0.1640816326530612
2022-03-29,-0.18799519807923168,-0.20941176470588235,-0.21776710684273706,-0.15899159663865545,0.14583433373349342
2022-03-30,-0.12566626650660262,-0.18261704681872748,-0.20605042016806724,-0.12797118847539016,0.13267707082833133
2022-03-31,-0.09570228091236495,-0.15534213685474188,-0.15659063625450179,-0.10213685474189677,0.1833853541416567
2022-04-01,-0.1226890756302521,-0.1074189675870348,-0.16283313325330132,-0.09416566626650659,0.1894357743097239
2022-04-06,-0.08591836734693876,-0.06867346938775509,-0.0880612244897959,-0.06204081632653061,0.2390816326530612
2022-04-07,-0.05316326530612245,-0.014387755102040815,-0.05142857142857143,-0.002346938775510204,0.18122448979591835
2022-04-08,-0.1746938775510204,-0.06561224489795918,-0.14020408163265305,-0.11540816326530612,0.13163265306122449
2022-04-11,-0.11479591836734693,0.05183673469387754,-0.017040816326530612,-0.019285714285714285,0.15979591836734694
2022-04-12,-0.09061224489795917,-0.11275510204081632,-0.12122448979591835,-0.1377551020408163,-0.13326530612244897
2022-04-13,-0.009387755102040816,-0.06479591836734692,-0.04306122448979591,-0.025816326530612242,-0.13173469387755102
2022-04-14,0.056038415366146455,0.07591836734693877,0.08321728691476589,0.06036014405762304,0.04950780312124849
2022-04-15,0.20720288115246097,0.19615846338535411,0.2562785114045618,0.24254501800720288,-0.027611044417767107
2022-04-18,0.1872268907563025,0.0640096038415366,0.169171668667467,0.17896758703481394,-0.13267707082833133
2022-04-19,0.09118847539015605,0.08542617046818726,0.13930372148859543,0.146890756302521,-0.07947178871548619
2022-04-20,0.06929171668667466,0.13498199279711884,0.16187274909963983,0.1607202881152461,-0.09704681872749099
2022-04-21,0.08629051620648259,0.1210564225690276,0.14785114045618247,0.2026890756302521,-0.09080432172869149
2022-04-22,0.14304921968787515,0.08801920768307324,0.16168067226890756,0.15755102040816327,-0.19721488595438177
2022-04-25,0.16379351740696277,0.0887875150060024,0.15159663865546216,0.1811764705882353,-0.2675150060024009
2022-04-26,0.2956542617046819,0.23255702280912363,0.33454981992797117,0.3269627851140456,-0.13344537815126048
2022-04-27,0.410516206482593,0.32446578631452583,0.4787995198079231,0.4314525810324129,0.057190876350540217
2022-04-28,0.34175270108043215,0.2535894357743097,0.3723889555822329,0.35971188475390153,-0.027611044417767107
2022-04-29,0.42050420168067226,0.34357743097238896,0.47073229291716684,0.4028331332533013,0.08100840336134453
2022-05-05,0.30020408163265305,0.39867346938775505,0.3748979591836734,0.40959183673469385,-0.012346938775510203
2022-05-06,0.34549819927971187,0.25618247298919566,0.3604801920768307,0.3773829531812725,0.010708283313325332
2022-05-09,0.2587755102040816,0.253109243697479,0.30564225690276114,0.3241776710684274,-0.046530612244897955
2022-05-10,0.28364945978391354,0.18770708283313325,0.3061224489795918,0.27740696278511406,-0.0848499399759904
2022-05-11,0.36480192076830736,0.1985594237695078,0.3479951980792317,0.2927731092436974,-0.1007923169267707
2022-05-12,0.3715246098439376,0.08024009603841536,0.25935174069627853,0.17195678271308523,-0.20172869147659062
2022-05-13,0.10876350540216086,0.23611044417767107,0.21277310924369747,0.19020408163265307,0.03587034813925571
2022-05-16,0.1533253301320528,0.1940456182472989,0.2349579831932773,0.1884753901560624,0.03442977190876351
2022-05-17,0.11337334933973588,0.21613445378151258,0.2204561824729892,0.2689555822328931,0.14439375750300118
2022-05-18,0.11865546218487394,0.28220888355342133,0.28134453781512603,0.34885954381752704,0.22141656662665066
2022-05-19,0.03231692677070828,0.19058823529411767,0.19548619447779111,0.2167106842737095,0.17896758703481394
2022-05-20,0.16811524609843936,0.20528211284513803,0.2809603841536614,0.22660264105642255,0.11375750300120048
2022-05-23,0.27241296518607444,0.17647058823529413,0.2814405762304922,0.2035534213685474,0.08725090036014405
2022-05-24,0.3006482593037215,0.1144297719087635,0.27250900360144054,0.18415366146458584,-0.02156062424969988
2022-05-25,0.28172869147659063,0.11126050420168068,0.2566626650660264,0.19039615846338534,-0.01714285714285714
2022-05-26,0.2517647058823529,0.12729891956782713,0.24830732292917165,0.14948379351740695,-0.08292917166866745
2022-05-27,0.13210084033613445,0.05987995198079231,0.16043217286914768,0.11846338535414166,0.0030252100840336134
2022-05-30,0.14012341236721634,0.06511560903699293,0.1497755048572131,0.11971475909234765,0.024586424651135978
2022-05-31,0.07073229291716686,0.005426170468187274,0.07332533013205282,0.0534453781512605,-0.022328931572629048
2022-06-01,-0.027418967587034812,0.020600240096038412,0.008595438175270108,0.06823529411764705,0.09214885954381752
2022-06-02,-0.013685474189675868,0.011956782713085232,0.045954381752701084,0.037791116446578635,0.12153661464585833
2022-06-06,-0.00849939975990396,0.04211284513805522,0.07265306122448979,0.0923409363745498,0.06439375750300119
2022-06-07,-0.008595438175270108,0.14765906362545017,0.13334933973589436,0.14141656662665067,0.20806722689075627
2022-06-08,0.005618247298919568,0.19039615846338534,0.166578631452581,0.18559423769507805,0.14324129651860742
2022-06-09,0.0887875150060024,0.15774309723889554,0.2023049219687875,0.1997118847539016,-0.045954381752701084
2022-06-10,0.14477791116446578,0.22160864345738293,0.27202881152460984,0.2469627851140456,0.03289315726290516
2022-06-13,0.1929891956782713,0.1795438175270108,0.2630972388955582,0.29411764705882354,0.0887875150060024
2022-06-14,0.19654261704681872,0.20316926770708282,0.2749099639855942,0.3153421368547419,0.104921968787515
2022-06-15,0.33262905162064826,0.26376950780312125,0.36153661464585835,0.372484993997599,0.11807923169267706
2022-06-16,0.2776950780312125,0.25512605042016806,0.35779111644657857,0.33138055222088836,0.10885954381752701
2022-06-17,0.2093157262905162,0.35903961584633853,0.3554861944777911,0.40629051620648254,0.33685474189675874
2022-06-20,0.31620648259303724,0.42914765906362545,0.40302521008403364,0.4546938775510203,0.3363745498199279
2022-06-21,0.24504201680672266,0.4862905162064826,0.45767106842737093,0.5377671068427371,0.4599759903961584
2022-06-22,0.2028811524609844,0.49070828331332533,0.47515006002400956,0.526626650660264,0.5369027611044418
2022-06-23,0.24792316926770705,0.4721728691476591,0.4661224489795918,0.4840816326530612,0.5282593037214885
2022-06-24,0.28134453781512603,0.47793517406962777,0.4634333733493397,0.458343337334934,0.47006002400960384
2022-06-27,0.23630252100840335,0.3717166866746698,0.413109243697479,0.42924369747899155,0.3540456182472989
2022-06-28,0.13863145258103243,0.3328211284513805,0.3182232893157263,0.32686674669867943,0.33608643457382953
2022-06-29,0.20528211284513803,0.3241776710684274,0.34511404561824727,0.35846338535414163,0.25762304921968787
2022-06-30,0.26928571428571424,0.27836734693877546,0.33704081632653055,0.2847959183673469,0.14387755102040817
2022-07-01,0.3649939975990396,0.17810324129651858,0.2925810324129652,0.2226650660264106,0.01503001200480192
2022-07-04,0.4224249699879952,0.15553421368547415,0.3443457382953181,0.28614645858343335,0.037022809123649456
2022-07-05,0.3786314525810324,0.2167106842737095,0.3301320528211284,0.24062424969987994,0.08533013205282113
2022-07-06,0.2913325330132053,0.3335894357743097,0.35971188475390153,0.31390156062424973,0.15553421368547415
2022-07-07,0.2952701080432173,0.2703001200480192,0.3302280912364946,0.26252100840336134,0.13267707082833133
2022-07-08,0.17224489795918366,0.27644657863145256,0.270204081632653,0.2139255702280912,0.13210084033613445
2022-07-11,0.14352941176470588,0.3544297719087635,0.2775990396158463,0.21517406962785113,0.07370948379351741
2022-07-12,0.0954141656662665,0.24024009603841537,0.18184873949579833,0.12921968787515006,-0.04460984393757503
2022-07-13,0.037118847539015606,0.3020888355342137,0.20259303721488592,0.19894357743097235,0.08158463385354141
2022-07-14,0.13661464585834332,0.23198079231692675,0.21805522208883552,0.13123649459783912,0.042593037214885957
2022-07-15,0.1944297719087635,0.23572629051620647,0.27740696278511406,0.2103721488595438,-0.045858343337334934
2022-07-18,0.12825930372148858,0.2751020408163265,0.24917166866746698,0.1632172869147659,-0.034333733493397356
2022-07-19,0.09138055222088834,0.18415366146458584,0.1563985594237695,0.058727490996398554,-0.1908763505402161
2022-07-20,0.07015606242496998,0.2706842737094838,0.16869147659063624,0.04797118847539015,-0.14765906362545017
2022-07-21,0.06151260504201681,0.24725090036014405,0.11068427370948379,0.05651860744297719,-0.1897238895558223
2022-07-22,0.05104441776710684,0.3006482593037215,0.12864345738295319,0.07169267707082833,-0.13776710684273707
2022-07-25,0.07457382953181273,0.3670108043217286,0.23783913565426168,0.16417767106842737,-0.014357743097238897
2022-07-26,0.10770708283313324,0.3174549819927971,0.21834333733493394,0.1733013205282113,-0.07831932773109243
2022-07-27,0.13690276110444177,0.41944777911164466,0.2872989195678271,0.2790396158463385,-0.054405762304921966
2022-07-28,0.07553421368547418,0.35270108043217285,0.20096038415366146,0.23783913565426168,0.0022569027611044415
2022-07-29,0.0331812725090036,0.32340936374549817,0.16725090036014406,0.18924369747899158,0.14372148859543818
2022-08-01,0.08984393757503001,0.2606002400960384,0.1707082833133253,0.12192076830732293,-0.0009123649459783913
2022-08-02,0.048643457382953184,0.3334933973589435,0.20883553421368548,0.27836734693877546,-0.09349339735894358
2022-08-03,-0.1320048019207683,0.07044417767106842,-0.052965186074429765,0.039711884753901555,-0.02357743097238895
2022-08-04,-0.08043217286914765,0.06256902761104441,-0.00552220888355342,0.1142376950780312,-0.05056422569027611
2022-08-05,0.08945978391356542,0.20211284513805522,0.16542617046818728,0.23159663865546215,0.016470588235294115
2022-08-08,0.0670828331332533,0.14448979591836733,0.10108043217286913,0.2517647058823529,0.045570228091236495
2022-08-09,0.08734693877551021,0.08254501800720286,0.09003601440576231,0.19481392557022806,0.06967587034813925
2022-08-10,0.09531812725090036,0.048643457382953184,0.06381752701080431,0.1433373349339736,0.10213685474189677
2022-08-11,0.15611044417767103,0.1307563025210084,0.10108043217286913,0.23466986794717884,0.1757983193277311
2022-08-12,0.07851140456182472,-0.014261704681872748,-0.015222088835534215,0.06717887154861946,0.07466986794717888
2022-08-15,0.09253301320528211,0.01262905162064826,0.008883553421368545,0.04729891956782713,0.044801920768307316
2022-08-16,0.05008403361344538,-0.027130852340936373,-0.03587034813925571,0.022328931572629048,0.045474189675870344
2022-08-17,0.04201680672268907,0.07313325330132053,0.060168067226890755,0.12422569027611044,0.10770708283313324
2022-08-18,0.01637454981992797,0.056806722689075634,0.04691476590636255,0.09992797118847539,0.11951980792316927
2022-08-19,0.10463385354141658,-0.014069627851140454,0.043937575030012,0.02857142857142857,0.03865546218487395
2022-08-22,0.1373829531812725,-0.07457382953181273,-0.001680672268907563,0.05767106842737095,0.03606242496998799
2022-08-23,0.18213685474189675,0.0033133253301320525,0.06631452581032413,0.10857142857142857,0.11039615846338535
2022-08-24,0.17589435774309725,0.09877551020408162,0.14612244897959184,0.2154621848739496,0.17762304921968786
2022-08-25,0.19577430972388954,-0.02069627851140456,0.08129651860744297,0.10434573829531814,0.041440576230492195
2022-08-26,0.22093637454981993,0.02578631452581032,0.10885954381752701,0.1345018007202881,0.018871548619447776
2022-08-29,0.23649459783913568,-0.0805282112845138,0.056806722689075634,0.041056422569027605,-0.04019207683073229
2022-08-30,0.306218487394958,0.10809123649459784,0.21411764705882352,0.20739495798319327,0.15889555822328932
2022-08-31,0.27222088835534214,0.07803121248499399,0.1644657863145258,0.13853541416566625,0.09349339735894358
2022-09-01,0.17118847539015608,0.1695558223289316,0.1721488595438175,0.27250900360144054,0.4567106842737095
2022-09-02,0.13229291716686675,0.16888355342136854,0.19154861944777912,0.26905162064825927,0.5192316926770708
2022-09-05,0.14160864345738294,0.19894357743097235,0.21623049219687873,0.21210084033613444,0.4987755102040816
2022-09-06,0.09205282112845137,0.16542617046818728,0.21805522208883552,0.26511404561824725,0.4625690276110444
2022-09-07,0.11010804321728691,0.33224489795918366,0.3323409363745498,0.40734693877551015,0.5119327731092437
2022-09-08,-0.015990396158463382,0.3425210084033613,0.294405762304922,0.3398319327731092,0.4143577430972389
2022-09-09,0.135078031212485,0.36950780312124853,0.35270108043217285,0.4148379351740696,0.33647058823529413
2022-09-13,0.17675870348139258,0.4086914765906362,0.37277310924369744,0.4970468187274909,0.386218487394958
2022-09-14,0.14785114045618247,0.428859543817527,0.3275390156062425,0.3668187274909964,0.3275390156062425
2022-09-15,0.19145258103241294,0.40725090036014405,0.34405762304921966,0.3839135654261705,0.3681632653061224
2022-09-16,0.17234093637454984,0.2552220888355342,0.23178871548619448,0.2909483793517407,0.22957983193277312
2022-09-19,0.18581632653061225,0.39540816326530603,0.29673469387755097,0.3624489795918367,0.3093877551020408
2022-09-20,0.0870408163265306,0.3264285714285714,0.22122448979591836,0.310204081632653,0.28275510204081633
2022-09-21,0.04530612244897959,0.358673469387755,0.22377551020408162,0.3229591836734694,0.23816326530612242
2022-09-22,0.11295918367346938,0.43459183673469376,0.3201020408163265,0.39428571428571424,0.3805102040816326
2022-09-23,0.1023469387755102,0.4682653061224489,0.33214285714285713,0.39265306122448973,0.31571428571428567
2022-09-26,0.1133673469387755,0.3737755102040816,0.3276530612244898,0.3223469387755102,0.2101020408163265
2022-09-27,0.07459373966048814,0.3897548408115382,0.29255848372998566,0.2939870916031003,0.21383198557941577
2022-09-28,0.14826530612244895,0.29734693877551016,0.28704081632653056,0.19030612244897957,0.07255102040816327
2022-09-29,0.29244897959183674,0.28214285714285714,0.3981632653061224,0.25602040816326527,-0.04408163265306122
2022-09-30,0.2788775510204081,0.2471428571428571,0.3279591836734693,0.13530612244897958,-0.09744897959183672
2022-10-10,0.21488595438175268,0.18684273709483792,0.28825930372148856,0.05248499399759904,-0.21421368547418965
2022-10-11,0.2604081632653061,0.11356542617046818,0.25243697478991595,-0.0030252100840336134,-0.3120768307322929
2022-10-12,0.25205282112845134,0.0902280912364946,0.21584633853541413,-0.011668667466986795,-0.3097719087635054
2022-10-13,0.2939255702280912,0.06496998799519808,0.2614645858343337,-0.012340936374549819,-0.3049699879951981
2022-10-14,0.312172869147659,0.20316926770708282,0.33378151260504196,0.07553421368547418,-0.25618247298919566
2022-10-17,0.21488595438175268,0.19529411764705884,0.2849939975990396,0.066890756302521,-0.15774309723889554
2022-10-18,0.3247539015606243,0.13584633853541417,0.2910444177671068,0.0014885954381752698,-0.28345738295318124
2022-10-19,0.3335894357743097,0.12115246098439375,0.3241776710684274,0.030204081632653063,-0.21162064825930374
2022-10-20,0.3406002400960384,0.1624489795918367,0.3424249699879952,-0.0041776710684273705,-0.24878751500600238
2022-10-21,0.2896038415366146,0.08331332533013207,0.2772148859543817,-0.0670828331332533,-0.1996158463385354
2022-10-24,0.22372148859543817,0.05642256902761104,0.24533013205282111,-0.020888355342136854,-0.15572629051620648
2022-10-25,0.22593037214885953,0.10885954381752701,0.2759663865546218,-0.04701080432172868,-0.1797358943577431
2022-10-26,0.17464585834333732,0.011860744297719087,0.17503001200480192,-0.07687875150060022,-0.154765906362545
2022-10-27,0.04605042016806723,-0.04739495798319327,0.057094837935174066,-0.26521008403361346,-0.28710684273709486
2022-10-28,0.012917166866746698,-0.21843937575030012,-0.09166866746698678,-0.2586794717887155,-0.2611764705882353
2022-10-31,-0.08523409363745497,-0.09339735894357742,-0.09310924369747899,-0.11337334933973588,-0.10732292917166866
2022-11-01,0.007635054021608643,-0.14698679471788717,-0.05997599039615846,-0.1251860744297719,-0.13478991596638654
2022-11-02,-0.05248499399759904,-0.1022328931572629,-0.09829531812725088,-0.13085234093637454,-0.11001200480192078
2022-11-03,-0.03827130852340937,-0.08072028811524609,-0.06573829531812725,-0.08965186074429772,-0.09070828331332531
2022-11-04,0.0385594237695078,-0.09579831932773109,0.023865546218487393,-0.04576230492196878,-0.08014405762304923
2022-11-07,-0.015414165666266506,-0.1365186074429772,-0.06650660264105641,-0.10482593037214885,-0.07486194477791117
2022-11-08,0.04240096038415366,-0.11519807923169266,0.047587034813925566,-0.06631452581032413,-0.022424969987995196
2022-11-09,0.09983193277310923,-0.08292917166866745,0.0848499399759904,0.007154861944777911,-0.02645858343337335
2022-11-10,0.038367346938775505,-0.05901560624249699,0.030396158463385354,-0.0041776710684273705,-0.01983193277310924
2022-11-11,-0.00043217286914765904,-0.3114045618247298,-0.12096038415366145,-0.24408163265306118,-0.29834333733493396
2022-11-14,0.13747899159663865,-0.2989195678271308,-0.049315726290516206,-0.19663865546218487,-0.34424969987995196
2022-11-15,0.1007923169267707,-0.05238895558223289,0.06717887154861946,0.0036974789915966387,-0.1253781512605042
2022-11-16,0.1253781512605042,-0.01262905162064826,0.1291236494597839,0.09416566626650659,0.015510204081632653
2022-11-17,0.2270828331332533,-0.09138055222088834,0.09608643457382952,0.03577430972388955,-0.0670828331332533
2022-11-18,0.19990396158463383,-0.03558223289315726,0.12182472989195677,0.11510204081632652,0.11106842737094838
2022-11-21,0.19241296518607443,-0.14304921968787515,0.04163265306122449,0.03375750300120048,0.027226890756302524
2022-11-22,0.2777911164465786,-0.013781512605042016,0.15495798319327728,0.16177671068427368,0.2053781512605042
2022-11-23,0.1859783913565426,0.13190876350540215,0.2523409363745498,0.312172869147659,0.2668427370948379
2022-11-24,0.15150060024009604,-0.037791116446578635,0.07130852340936374,0.16581032412965185,0.21911164465786312
2022-11-25,0.13767106842737095,-0.02588235294117647,0.10472989195678271,0.12144057623049219,0.17483793517406962
2022-11-28,0.1569747899159664,-0.023193277310924368,0.10905162064825931,0.07207683073229292,0.11865546218487394
2022-11-29,0.10684273709483794,0.07217286914765905,0.12297719087635053,0.1406482593037215,0.18386554621848739
2022-11-30,0.04528211284513805,0.062088835534213675,0.1296998799519808,0.13248499399759903,0.21709483793517406
2022-12-01,0.11106842737094838,0.10338535414165667,0.13767106842737095,0.19078031212484994,0.302280912364946
2022-12-02,0.04605042016806723,0.14477791116446578,0.15937575030012002,0.20441776710684276,0.20921968787515002
2022-12-05,0.09214885954381752,0.07380552220888356,0.15649459783913564,0.17829531812725088,0.22208883553421366
2022-12-06,-0.20835534213685472,-0.031164465786314523,-0.05267707082833133,0.005138055222088836,0.09579831932773109
2022-12-07,-0.25541416566626646,0.06909963985594238,-0.03759903961584634,0.013877551020408161,0.18761104441776708
2022-12-08,-0.2167106842737095,0.030492196878751498,-0.10127250900360144,-0.09503001200480192,0.032989195678271306
2022-12-09,-0.123937575030012,0.03490996398559423,-0.054405762304921966,-0.0757262905162065,0.04067226890756302
2022-12-12,-0.0993517406962785,0.17819927971188473,0.09282112845138055,0.01531812725090036,0.14660264105642254
2022-12-13,-0.1359423769507803,0.04998799519807923,-0.01157262905162065,-0.11615846338535413,0.17839135654261706
2022-12-14,-0.17349339735894356,0.07322929171668667,-0.027034813925570226,-0.14352941176470588,0.038367346938775505
2022-12-15,-0.19788715486194475,0.09138055222088834,-0.009459783913565426,-0.08744297719087635,0.26376950780312125
2022-12-16,-0.01157262905162065,0.23745498199279708,0.16475390156062425,0.04182472989195678,0.3002641056422569
2022-12-19,0.0062244897959183665,0.4295918367346938,0.2626530612244898,0.22714285714285712,0.48173469387755097
2022-12-20,-0.11061224489795918,0.33775510204081627,0.1380612244897959,0.06265306122448978,0.22510204081632648
2022-12-21,-0.16591836734693877,0.251734693877551,0.045204081632653055,-0.014489795918367345,0.2061224489795918
2022-12-22,-0.08755102040816326,0.23316326530612244,0.05663265306122449,-0.017755102040816324,0.12428571428571428
2022-12-23,0.07265306122448979,0.20561224489795915,0.13469387755102039,0.038775510204081626,0.07622448979591837
2022-12-26,0.04010204081632653,0.1764285714285714,0.10346938775510203,0.0360204081632653,0.09520408163265306
2022-12-27,0.08214285714285713,0.12663265306122448,0.11244897959183672,-0.04061224489795918,-0.0015306122448979593
2022-12-28,0.0646938775510204,0.13357142857142856,0.09428571428571428,-0.017551020408163264,-0.040510204081632646
2022-12-29,0.09857142857142856,0.07551020408163266,0.07653061224489796,-0.05316326530612245,-0.08755102040816326
2022-12-30,0.1723469387755102,0.09836734693877551,0.1310204081632653,-0.032448979591836735,-0.050816326530612244
2023-01-03,0.08936374549819928,0.17512605042016804,0.1006002400960384,0.04739495798319327,0.06372148859543818
2023-01-04,0.12653061224489795,0.22477791116446577,0.15505402160864346,0.09435774309723889,0.06602641056422569
2023-01-05,0.13032725879527937,0.19265768691476082,0.17820355836008908,0.0913347259501184,0.08465989582022015
2023-01-06,0.15659063625450179,0.24542617046818724,0.22036014405762305,0.11529411764705881,0.10885954381752701
2023-01-09,0.12480192076830732,0.12307322929171667,0.13478991596638654,0.04192076830732293,-0.026842737094837935
2023-01-10,0.13891956782713086,0.026074429771908762,0.04355342136854741,0.039135654261704685,-0.07188475390156063
2023-01-11,0.022905162064825933,0.12681872749099637,0.11010804321728691,0.038367346938775505,-0.06929171668667466
2023-01-12,-0.024921968787515004,0.17531812725090035,0.07380552220888356,0.11068427370948379,0.10703481392557021
2023-01-13,0.06237695078031212,0.0981032412965186,0.05238895558223289,0.038463385354141656,-0.041344537815126044
2023-01-16,-0.024057623049219684,0.16504201680672267,0.06554621848739495,0.08581032412965187,0.015126050420168066
2023-01-17,-0.011188475390156062,-0.09157262905162064,-0.12144057623049219,-0.1264345738295318,-0.20470588235294118
2023-01-18,-0.029628562519044718,-0.11688155781418938,-0.14137194174403184,-0.1557300295774101,-0.2288650388424103
2023-01-19,0.1820408163265306,0.04201680672268907,0.0683313325330132,0.12403361344537814,0.0008163265306122449
2023-01-20,0.1545738295318127,0.10674669867947177,0.08917166866746698,0.14420168067226888,0.0346218487394958
2023-01-30,0.05805522208883554,0.18348139255702278,0.13757503001200477,0.1896278511404562,0.25762304921968787
2023-01-31,0.027803121248499398,0.18684273709483792,0.1644657863145258,0.22612244897959183,0.2578151260504202
2023-02-01,-0.04086434573829532,0.13565426170468187,0.09157262905162064,0.08907563025210084,0.25224489795918364
2023-02-02,-0.06352941176470588,0.2173829531812725,0.11519807923169266,0.10665066026410563,0.306890756302521
2023-02-03,-0.09819927971188475,0.21939975990396157,0.08561824729891956,0.14218487394957982,0.307563025210084
2023-02-06,-0.09387755102040815,0.15572629051620648,0.0885954381752701,0.12096038415366145,0.31178871548619447
2023-02-07,-0.1832893157262905,0.20096038415366146,0.06285714285714285,0.12653061224489795,0.3213925570228091
2023-02-08,-0.19740696278511405,0.14228091236494594,-0.014357743097238897,0.05594237695078031,0.26232893157262904
2023-02-09,-0.1504441776710684,0.15812725090036014,0.061992797118847545,0.10165666266506602,0.22698679471788716
2023-02-10,-0.17800720288115246,0.28777911164465786,0.1470828331332533,0.1904921968787515,0.23476590636254502
2023-02-13,-0.2900840336134453,0.1648499399759904,0.016950780312124852,0.021368547418967588,0.2582953181272509
2023-02-14,-0.2912364945978392,0.18146458583433375,-0.022232893157262904,0.005810324129651861,0.135078031212485
2023-02-15,-0.26540216086434576,0.12220888355342135,0.012725090036014405,0.05450180072028812,0.15409363745498197
2023-02-16,-0.18953181272509,0.07015606242496998,-0.029339735894357743,-0.03942376950780312,-0.03135654261704682
2023-02-17,-0.26334365778677676,-0.0452832000898852,-0.10002641122718015,-0.14065163633433062,-0.05911306395614919
2023-02-20,-0.13815126050420168,0.013685474189675868,-0.034333733493397356,-0.10012004801920767,-0.1328691476590636
2023-02-21,-0.09675870348139255,0.1908763505402161,0.11250900360144059,0.050660264105642255,-0.0022569027611044415
2023-02-22,-0.16043217286914768,0.17406962785114044,0.07860744297719087,0.022521008403361343,0.0656422569027611
2023-02-23,-0.14496998799519806,0.1440096038415366,0.039519807923169274,0.02885954381752701,0.06785114045618247
2023-02-24,-0.22861944777911164,0.0739015606242497,-0.012340936374549819,-0.0631452581032413,0.019255702280912366
2023-02-27,-0.1710924369747899,0.13498199279711884,0.01666266506602641,-0.031068427370948382,-0.03490996398559423
2023-02-28,-0.23034813925570227,0.21786314525810324,0.02444177671068427,0.042881152460984395,0.11548619447779111
2023-03-01,-0.2289075630252101,0.20201680672268904,0.0811044417767107,0.07207683073229292,0.08821128451380551
2023-03-02,-0.26213685474189674,0.3005522208883553,0.10559423769507804,0.08888355342136854,0.11490996398559422
2023-03-03,-0.2517647058823529,0.27644657863145256,0.10396158463385353,0.13085234093637454,0.12048019207683074
2023-03-06,-0.32686674669867943,0.15265306122448982,-0.02895558223289316,-0.0028331332533013207,0.06919567827130851
2023-03-07,-0.31476590636254503,0.05651860744297719,-0.09877551020408162,-0.009267707082833133,0.005426170468187274
2023-03-08,-0.38689075630252096,0.127875150060024,-0.07169267707082833,0.010228091236494596,0.12902761104441776
2023-03-09,-0.48436974789915965,0.139015606242497,-0.1365186074429772,-0.06228091236494597,0.11001200480192078
2023-03-10,-0.5078031212484994,0.09378151260504201,-0.17474189675870347,-0.06381752701080431,0.200672268907563
2023-03-13,-0.44969987995198074,0.09387755102040815,-0.18981992797118846,-0.04566626650660264,0.11049219687875149
2023-03-14,-0.4574789915966387,-0.00024009603841536613,-0.21747899159663864,-0.11366146458583432,0.10665066026410563
2023-03-15,-0.41080432172869147,0.03721488595438175,-0.19270108043217285,-0.09618247298919569,0.16283313325330132
2023-03-16,-0.4018727490996399,0.058727490996398554,-0.18405762304921966,-0.07505402160864347,0.17675870348139258
2023-03-17,-0.3131332533013205,0.07457382953181273,-0.09599039615846339,-0.008211284513805522,0.21997599039615845
2023-03-20,-0.34050420168067225,0.09896758703481391,-0.09483793517406962,0.007635054021608643,0.17819927971188473
2023-03-21,-0.3624969987995198,0.14593037214885954,-0.08129651860744297,0.003601440576230492,0.30506602641056424
2023-03-22,-0.38324129651860744,0.06909963985594238,-0.09925570228091235,-0.027034813925570226,0.27010804321728693
2023-03-23,-0.28086434573829533,0.14016806722689074,-0.019639855942376952,0.10031212484993997,0.3689315726290516
2023-03-24,-0.23505402160864344,0.17599039615846337,0.02645858343337335,0.1142376950780312,0.34463385354141657
2023-03-27,-0.2500360144057623,0.15111644657863144,-0.02156062424969988,0.09464585834333733,0.4010084033613445
2023-03-28,-0.142953181272509,0.22727490996398558,0.07697478991596637,0.19932773109243698,0.4121488595438175
2023-03-29,-0.15630252100840333,0.23121248499399757,0.10146458583433372,0.1936614645858343,0.4244417767106843
2023-03-30,-0.2002881152460984,0.10021608643457382,0.003793517406962785,0.1406482593037215,0.2669387755102041
2023-03-31,-0.004369747899159664,0.12028811524609842,0.10530612244897959,0.21968787515006,0.27058823529411763
2023-04-03,0.049411764705882356,0.2215126050420168,0.18031212484993997,0.31755102040816324,0.3677791116446578
2023-04-04,0.03923169267707083,0.2169987995198079,0.1874189675870348,0.27846338535414167,0.3132292917166867
2023-04-06,0.11539015606242496,0.2289075630252101,0.23207683073229293,0.3430012004801921,0.40312124849939973
2023-04-07,0.19683073229291717,0.29728691476590635,0.31918367346938775,0.41061224489795917,0.44384153661464587
2023-04-10,0.28624249699879956,0.3011284513805522,0.35932773109243693,0.44518607442977187,0.3093877551020408
2023-04-11,0.316110444177671,0.29286914765906363,0.38093637454981993,0.46324129651860735,0.2940216086434574
2023-04-12,0.2920598334535332,0.25239501555931776,0.3459866984598334,0.3884366972715603,0.28845830640502695
2023-04-13,0.17099639855942375,0.17195678271308523,0.25205282112845134,0.3127490996398559,0.21527010804321725
2023-04-14,0.1874189675870348,0.27433373349339735,0.26780312124849937,0.3655702280912365,0.2103721488595438
2023-04-17,0.28989195678271307,0.27567827130852335,0.3544297719087635,0.3683553421368547,0.16417767106842737
2023-04-18,0.23650027618524352,0.2805349468983132,0.3107397537451189,0.36418641514495165,0.09421594758892342
2023-04-19,0.27145258103241293,0.33464585834333727,0.3456902761104441,0.34741896758703483,0.13046818727490997
2023-04-20,0.45805522208883553,0.40177671068427373,0.558703481392557,0.42511404561824734,0.11558223289315725
2023-04-21,0.35270108043217285,0.25157262905162064,0.3529891956782713,0.335126050420168,-0.029339735894357743
2023-04-24,0.352797118847539,0.19865546218487393,0.3556782713085234,0.2805762304921969,0.0182953181272509
2023-04-25,0.3284033613445378,0.12653061224489795,0.2828811524609844,0.23457382953181274,-0.11433373349339734
2023-04-26,0.16677070828331333,-0.07975990396158462,0.09647058823529413,-0.003889555822328931,-0.2026890756302521
2023-04-27,0.22055222088835533,-0.13834333733493398,0.10857142857142857,0.0027370948379351738,-0.2870108043217287
2023-04-28,0.19289315726290512,-0.14593037214885954,0.06996398559423768,-0.12845138055222088,-0.27433373349339735
2023-05-04,0.00520408163265306,0.011224489795918367,0.06653061224489795,-0.1173469387755102,-0.1443877551020408
2023-05-05,0.037695078031212484,-0.007635054021608643,0.07476590636254501,-0.15764705882352942,-0.15543817527010806
2023-05-08,0.07726290516206481,-0.030300120048019206,0.06429771908763504,-0.19308523409363745,-0.24408163265306118
2023-05-09,0.03346938775510204,0.013493397358943579,0.09483793517406962,-0.16677070828331333,-0.2562785114045618
2023-05-10,0.018967587034813924,-0.13267707082833133,-0.04605042016806723,-0.22199279711884753,-0.28777911164465786
2023-05-11,-0.07879951980792316,-0.035966386554621844,-0.03250900360144057,-0.24590636254501802,-0.3382953181272509
2023-05-12,-0.05238895558223289,-0.08504201680672267,-0.03577430972388955,-0.2745258103241296,-0.3709483793517407
2023-05-15,0.05728691476590636,-0.13536614645858341,-0.0011044417767106843,-0.25454981992797115,-0.42703481392557013
2023-05-16,0.057190876350540217,-0.19058823529411767,-0.028667466986794718,-0.27222088835534214,-0.43759903961584634
2023-05-17,0.05824729891956783,-0.13853541416566625,0.0050420168067226885,-0.27270108043217284,-0.4530612244897959
2023-05-18,0.04979591836734694,-0.21008403361344538,-0.06468187274909963,-0.3049699879951981,-0.4317406962785113
2023-05-19,0.03399841533789897,-0.2020696776015238,-0.01983240894710773,-0.3129006699742226,-0.5021489112830643
2023-05-22,0.05094837935174069,-0.26866746698679467,-0.05767106842737095,-0.30420168067226894,-0.4348139255702281
2023-05-23,0.044225690276110445,-0.17819927971188473,-0.0385594237695078,-0.27932773109243697,-0.3054501800720288
2023-05-24,0.03010804321728691,-0.14103241296518607,0.0014885954381752698,-0.24552220888355342,-0.23457382953181274
2023-05-25,0.07140456182472989,-0.11587034813925569,0.0059063625450180065,-0.17464585834333732,-0.11490996398559422
2023-05-26,0.07092436974789915,-0.11356542617046818,0.025018007202881155,-0.15899159663865545,-0.19452581032412963
2023-05-29,0.016278511404561824,-0.17839135654261706,-0.06823529411764705,-0.18060024009603842,-0.28825930372148856
2023-05-30,-0.037310924369747894,0.12038415366146459,0.05094837935174069,0.10309723889555823,-0.1032893157262905
2023-05-31,0.023865546218487393,0.1361344537815126,0.0981032412965186,0.1524609843937575,-0.1402641056422569
2023-06-01,-0.054405762304921966,0.07687875150060022,0.015990396158463382,0.10674669867947177,-0.1725330132052821
2023-06-02,-0.027322929171668665,0.09762304921968785,0.03721488595438175,0.1038655462184874,-0.24773109243697478
2023-06-05,-0.06698679471788715,0.15601440576230494,0.0724609843937575,0.14554621848739496,-0.10396158463385353
2023-06-06,0.016950780312124852,0.003889555822328931,-0.003985594237695078,0.06381752701080431,-0.27135654261704684
2023-06-07,0.13843937575030013,0.0631452581032413,0.11116446578631452,0.12172869147659063,-0.11721488595438176
2023-06-08,0.17032412965186072,0.2293877551020408,0.1872268907563025,0.24734693877551017,-0.06506602641056422
2023-06-09,0.06333733493397359,0.27567827130852335,0.16811524609843936,0.2883553421368547,0.017238895558223288
2023-06-12,0.07639855942376951,0.27606242496998795,0.17656662665066022,0.2921968787515006,0.06362545018007203
2023-06-13,0.04326530612244897,0.2532052821128451,0.14237695078031212,0.2729891956782713,0.07918367346938776
2023-06-14,0.060072028811524604,0.2430252100840336,0.19596638655462184,0.3598079231692677,0.08417767106842736
2023-06-15,0.09579831932773109,0.24705882352941175,0.22506602641056422,0.39659063625450175,0.1036734693877551
2023-06-16,0.13334933973589436,0.3910204081632653,0.324657863145258,0.5182713085234093,0.2532052821128451
2023-06-19,0.14631452581032411,0.3662424969987995,0.31831932773109245,0.5488115246098438,0.18684273709483792
2023-06-20,0.21575030012004803,0.4427851140456182,0.42521008403361343,0.620360144057623,0.28364945978391354
2023-06-21,0.1732052821128451,0.3884273709483793,0.3743097238895558,0.5770468187274909,0.17551020408163265
2023-06-26,0.0912845138055222,0.2674189675870348,0.2638655462184874,0.5127010804321729,0.06660264105642257
2023-06-27,0.15326530612244896,0.448469387755102,0.4236734693877551,0.6096938775510203,0.3836734693877551
2023-06-28,0.15313325330132052,0.3788235294117647,0.38525810324129645,0.5713805522208883,0.16120048019207683
2023-06-29,0.18310163514605757,0.2985906025014912,0.3030084756809922,0.5265432544916132,0.22329467700738728
2023-06-30,0.11087635054021608,0.2896038415366146,0.27058823529411763,0.5042496998799519,0.31774309723889554
2023-07-03,0.21853541416566627,0.24350540216086433,0.2974789915966386,0.49810324129651856,0.23620648259303723
2023-07-04,0.1793517406962785,0.18732292917166865,0.26415366146458585,0.4442256902761105,0.2587755102040816
2023-07-05,0.10530612244897959,0.1756062424969988,0.2166146458583433,0.3821848739495798,0.23054021608643455
2023-07-06,0.08600240096038414,0.13891956782713086,0.16859543817527012,0.3549099639855942,0.2405282112845138
2023-07-07,0.05315726290516206,0.07399759903961585,0.1032893157262905,0.2759663865546218,0.22458583433373347
2023-07-10,0.07879951980792316,0.177719087635054,0.18693877551020407,0.37671068427370946,0.2680912364945978
2023-07-11,0.07947178871548619,0.13690276110444177,0.13190876350540215,0.3544297719087635,0.2442737094837935
2023-07-12,0.06765906362545018,0.1417046818727491,0.13517406962785114,0.32945978391356545,0.23764705882352938
2023-07-13,0.11222088835534214,0.09013205282112843,0.13190876350540215,0.3145738295318127,0.26674669867947176
2023-07-14,0.165906362545018,0.12777911164465786,0.16725090036014406,0.3591356542617047,0.3007442977190876
2023-07-17,0.16369747899159662,0.10127250900360144,0.14199279711884752,0.3398319327731092,0.2903721488595438
2023-07-18,0.10280912364945978,0.10357743097238895,0.1287394957983193,0.36806722689075627,0.3129411764705882
2023-07-19,0.14905519944751183,0.10069869627623465,0.1430526543666681,0.3424812121326206,0.3786885640602701
2023-07-20,0.23745498199279708,0.1223049219687875,0.1944297719087635,0.3787274909963985,0.32984393757503
2023-07-21,0.13584633853541417,0.19894357743097235,0.19030012004801922,0.44806722689075623,0.3749819927971188
2023-07-24,0.11807923169267706,0.07726290516206481,0.10338535414165667,0.34511404561824727,0.25301320528211285
2023-07-25,0.05920768307322929,-0.08292917166866745,-0.0006242496998799519,0.1836734693877551,0.08734693877551021
2023-07-26,0.11942376950780313,0.04845138055222088,0.10376950780312125,0.2677070828331332,0.20470588235294118
2023-07-27,0.13190876350540215,0.02665066026410564,0.10895558223289314,0.29776710684273705,0.14180072028811525
2023-07-28,0.10665066026410563,0.09416566626650659,0.13872749099639856,0.3132292917166867,0.13267707082833133
2023-07-31,0.05248499399759904,0.05258103241296518,0.05546218487394958,0.24869147659063626,0.16926770708283315
2023-08-01,0.18021608643457382,0.154765906362545,0.18232893157262903,0.33464585834333727,0.1038655462184874
2023-08-02,0.16907563025210082,0.15889555822328932,0.1865546218487395,0.3033373349339736,0.08821128451380551
2023-08-03,0.23649459783913568,0.1886674669867947,0.25599039615846336,0.31111644657863136,0.07351740696278511
2023-08-04,0.1833853541416567,0.24388955582232894,0.2835534213685474,0.3897719087635054,0.15361344537815122
2023-08-07,0.20921968787515002,0.16523409363745495,0.28672268907563025,0.301704681872749,0.12124849939975989
2023-08-08,0.30180796666482346,0.19030468924307006,0.3428653750177946,0.31323681249874996,0.18559869389968858
2023-08-09,0.3963025210084033,0.16100840336134453,0.3833373349339736,0.2809603841536614,0.1226890756302521
2023-08-10,0.3723889555822329,0.192124849939976,0.34655462184873953,0.2155582232893157,0.07044417767106842
2023-08-11,0.2994957983193277,0.22160864345738293,0.3399279711884754,0.23937575030012,0.19932773109243698
2023-08-14,0.2668427370948379,0.2281392557022809,0.30967587034813926,0.2595438175270108,0.196734693877551
2023-08-15,0.34136854741896755,0.26521008403361346,0.3786314525810324,0.27519807923169265,0.19078031212484994
2023-08-16,0.3605762304921969,0.28403361344537814,0.372484993997599,0.2800960384153661,0.18809123649459786
2023-08-17,0.2401440576230492,0.15534213685474188,0.2560864345738295,0.17349339735894356,0.2064345738295318
2023-08-18,0.2850213719144998,0.28041108519103025,0.35302310108567625,0.24035921928088824,0.19291168508518042
2023-08-21,0.28528211284513805,0.38506602641056425,0.41061224489795917,0.3174549819927971,0.3132292917166867
2023-08-22,0.2838003314222922,0.3721097746516654,0.4113904296607068,0.36116113242420633,0.36197747855520107
2023-08-23,0.25656662665066027,0.31899159663865545,0.32897959183673464,0.29248499399759903,0.3030492196878751
2023-08-24,0.2666090423107557,0.23405123779225928,0.2819755577177157,0.23722058159494475,0.30939518364700996
2023-08-25,0.169171668667467,0.264921968787515,0.23178871548619448,0.11932773109243697,0.14103241296518607
2023-08-28,0.12316926770708284,0.41810324129651855,0.30516206482593033,0.27519807923169265,0.37478991596638656
2023-08-29,0.0821608643457383,0.2665546218487395,0.18828331332533013,0.17531812725090035,0.38410564225690275
2023-08-30,0.13661464585834332,0.18876350540216086,0.15159663865546216,0.19903961584633853,0.3780552220888355
2023-08-31,0.2802881152460984,0.2737575030012005,0.33608643457382953,0.29517406962785114,0.382953181272509
2023-09-01,0.19490996398559424,0.1878031212484994,0.2003841536614646,0.16264105642256904,0.34050420168067225
2023-09-04,0.24225690276110443,0.22429771908763504,0.29584633853541414,0.23006002400960382,0.26549819927971186
2023-09-05,0.1032893157262905,0.11471788715486195,0.11923169267707083,0.0398079231692677,0.1371908763505402
2023-09-06,0.11020408163265305,0.08072028811524609,0.12,0.04969987995198079,0.1714765906362545
2023-09-07,0.17685474189675868,0.07889555822328932,0.15803121248499397,0.0640096038415366,0.09282112845138055
2023-09-08,0.2869147659063625,0.16629051620648258,0.25762304921968787,0.23563025210084032,0.19279711884753903
2023-09-11,0.30324129651860743,0.11548619447779111,0.2304441776710684,0.17176470588235296,0.0993517406962785
2023-09-12,0.24110444177671067,0.2703001200480192,0.29872749099639856,0.2824969987995198,0.23140456182472988
2023-09-13,0.26424969987995195,0.3106362545018007,0.3054501800720288,0.32158463385354136,0.22833133253301321
2023-09-14,0.28211284513805523,0.18501800720288114,0.23659063625450177,0.21229291716686674,0.12432172869147658
2023-09-15,0.17810324129651858,0.16686674669867946,0.1901080432172869,0.18751500600240098,0.21152460984393756
2023-09-18,0.2564705882352941,0.22362545018007202,0.2512845138055222,0.21536614645858343,0.1648499399759904
2023-09-19,0.2989195678271308,0.18146458583433375,0.24629051620648257,0.2302521008403361,0.027322929171668665
2023-09-20,0.3070828331332533,0.13104441776710685,0.21440576230492195,0.16561824729891955,-0.01013205282112845
2023-09-21,0.35106842737094834,0.22247298919567823,0.31707082833133254,0.23217286914765903,0.027418967587034812
2023-09-22,0.3700840336134454,0.26012004801920763,0.3329171668667467,0.2372629051620648,0.025978391356542615
2023-09-25,0.3865066026410564,0.15870348139255702,0.2901800720288115,0.18828331332533013,-0.12460984393757503
2023-09-26,0.39860744297719086,0.20758703481392557,0.32849939975990394,0.2614645858343337,-0.10809123649459784
2023-09-27,0.40447549772757485,0.20293404409316526,0.33931186832993515,0.25143460834638276,-0.11875435187941262
2023-09-28,0.3637454981992797,0.1185594237695078,0.2584873949579832,0.11750300120048018,-0.12451380552220888
2023-10-09,0.4391356542617047,0.09579831932773109,0.3020888355342137,0.15563025210084033,-0.2256422569027611
2023-10-10,0.507611044417767,0.18645858343337332,0.38689075630252096,0.2523409363745498,-0.1345018007202881
2023-10-11,0.5519807923169268,0.32235294117647056,0.4999279711884754,0.3684513805522209,-0.010516206482593037
2023-10-12,0.5063151346410398,0.297987803324258,0.4510877415994772,0.273207512185609,-0.16938001326747107
2023-10-13,0.523937575030012,0.30199279711884747,0.45613445378151257,0.2665546218487395,-0.1992316926770708
2023-10-16,0.40460068380449216,0.343802527638737,0.4390817865904417,0.26129760481664593,-0.1178984781887274
2023-10-17,0.3201440576230492,0.1733973589435774,0.284609843937575,0.03174069627851141,-0.34501800720288117
2023-10-18,0.3064105642256902,0.11202881152460985,0.24235294117647058,0.0022569027611044415,-0.3256182472989196
2023-10-19,0.4176230492196878,0.16888355342136854,0.3192797118847539,0.04989195678271309,-0.26108043217286914
2023-10-20,0.41723889555822324,0.10770708283313324,0.2908523409363745,0.03174069627851141,-0.36480192076830736
2023-10-23,0.39476590636254505,0.11942376950780313,0.28845138055222086,0.048643457382953184,-0.33166866746698676
2023-10-24,0.35596638655462187,0.0656422569027611,0.21507803121248498,-0.033565426170468184,-0.27241296518607444
2023-10-25,0.3159183673469388,0.09042016806722687,0.22785114045618246,-0.04124849939975991,-0.3151500600240096
2023-10-26,0.21872749099639854,0.17483793517406962,0.26088835534213684,0.03241296518607443,-0.3129411764705882
2023-10-27,0.30122448979591837,0.047587034813925566,0.18031212484993997,0.026938775510204082,-0.28268907563025214
2023-10-30,0.2993037214885954,0.11030012004801922,0.21363745498199277,0.10108043217286913,-0.13843937575030013
2023-10-31,0.3693157262905162,0.06631452581032413,0.19279711884753903,0.05027611044417767,-0.19644657863145257
2023-11-01,0.3266746698679472,-0.049411764705882356,0.09618247298919569,-0.06890756302521008,-0.26252100840336134
2023-11-02,0.2665546218487395,-0.06650660264105641,0.07687875150060022,-0.11971188475390157,-0.28297719087635054
2023-11-03,0.31793517406962785,-0.009555822328931571,0.09896758703481391,-0.02463385354141657,-0.1975030012004802
2023-11-06,0.3063145258103241,0.22785114045618246,0.2759663865546218,0.13872749099639856,0.027611044417767107
2023-11-07,0.31975990396158466,0.1901080432172869,0.2572388955582233,0.1599519807923169,0.08264105642256904
2023-11-08,0.3407923169267707,0.18761104441776708,0.2807683073229292,0.2502280912364946,0.09781512605042017
2023-11-09,0.329171668667467,0.2935414165666266,0.35193277310924365,0.33118847539015606,0.18165666266506603
2023-11-10,0.18809123649459786,0.2694357743097239,0.2604081632653061,0.19471788715486196,0.22016806722689078
2023-11-13,0.23111644657863145,0.23572629051620647,0.2921008403361345,0.2351500600240096,0.19490996398559424
2023-11-14,0.30199279711884747,0.2673229291716686,0.3176470588235294,0.29584633853541414,0.18108043217286915
2023-11-15,0.32887755102040817,0.3479591836734693,0.37030612244897954,0.32867346938775505,0.1797959183673469
2023-11-16,0.30071428571428566,0.3039795918367347,0.33979591836734696,0.32081632653061226,0.14122448979591834
2023-11-17,0.1885252175413842,0.2831704891352321,0.278374448418347,0.2871501824960515,0.17786168020277818
2023-11-20,0.19884753901560623,0.3469387755102041,0.3063145258103241,0.3669147659063625,0.27702280912364946
2023-11-21,0.16811524609843936,0.34933973589435774,0.31716686674669864,0.32052821128451375,0.2675150060024009
2023-11-22,0.11798319327731092,0.3688355342136855,0.26213685474189674,0.29286914765906363,0.29776710684273705
2023-11-23,0.11452581032412965,0.21959183673469387,0.20096038415366146,0.2620408163265306,0.21104441776710686
2023-11-24,0.016020408163265304,0.3140816326530612,0.20561224489795915,0.26346938775510204,0.28295918367346934
2023-11-27,-0.008877551020408162,0.1757142857142857,0.10081632653061223,0.12979591836734694,0.18724489795918367
2023-11-28,-0.019183673469387753,0.2907142857142857,0.16714285714285712,0.27877551020408164,0.33346938775510204
2023-11-29,-0.1366326530612245,0.23857142857142855,0.09969387755102038,0.203469387755102,0.26938775510204077
2023-11-30,-0.16295918367346937,0.201734693877551,0.038367346938775505,0.20326530612244897,0.3226530612244898
2023-12-01,-0.15285714285714283,0.27122448979591834,0.1257142857142857,0.2037755102040816,0.27183673469387754
2023-12-04,,,,,
2023-12-05,,,,,
2023-12-06,,,,,
2023-12-07,,,,,
2023-12-08,,,,,
2023-12-11,,,,,
2023-12-12,,,,,
2023-12-13,,,,,
2023-12-14,,,,,
2023-12-15,,,,,
2023-12-18,,,,,
2023-12-19,,,,,
2023-12-20,,,,,
2023-12-21,,,,,
2023-12-22,,,,,
2023-12-25,,,,,
2023-12-26,,,,,
2023-12-27,,,,,
2023-12-28,,,,,
2023-12-29,,,,,
